item_id;pedido_id;produto_id;quantidade;desconto_pct;subtotal
1;1;49;1;20;74.84
2;1;33;1;0;41.22
3;2;8;3;0;45.0
4;2;79;1;0;121.36
5;3;106;2;0;69.12
6;4;50;1;0;48.76
7;4;15;1;0;24.29
8;4;35;1;0;34.49
9;5;98;1;10;64.88
10;6;101;1;20;16.88
11;6;19;2;0;124.24
12;7;107;1;20;62.02
13;7;80;1;15;35.75
14;8;108;1;0;54.95
15;8;81;1;0;18.14
16;8;28;1;5;33.94
17;8;75;2;5;73.89
18;8;66;3;15;149.51
19;9;44;1;10;76.0
20;9;82;1;0;18.81
21;10;117;1;5;66.48
22;11;72;2;5;255.66
23;12;69;2;10;38.18
24;12;4;1;0;32.8
25;13;99;2;20;43.44
26;14;3;2;5;153.48
27;15;92;1;20;117.25
28;16;27;1;10;70.16
29;16;1;1;10;19.19
30;17;87;1;0;26.68
31;17;88;1;0;45.63
32;17;78;1;5;55.14
33;18;3;1;0;80.78
34;18;89;1;0;20.76
35;18;87;3;5;76.04
36;19;53;1;0;70.97
37;19;36;1;10;43.7
38;19;16;2;0;74.68
39;20;43;1;5;104.68
40;21;32;1;0;50.66
41;22;76;3;10;99.14
42;22;103;1;0;29.89
43;22;81;3;10;48.98
44;23;80;1;0;42.06
45;23;57;1;20;29.22
46;23;98;2;0;144.18
47;24;57;1;0;36.53
48;24;8;1;5;14.25
49;24;39;1;0;36.63
50;24;79;1;10;109.22
51;25;60;1;5;90.2
52;25;102;1;5;22.36
53;26;14;1;5;183.76
54;27;46;1;5;155.08
55;27;54;1;0;30.38
56;28;97;2;10;27.0
57;28;46;1;0;163.24
58;28;40;1;0;15.0
59;28;75;1;5;36.95
60;29;7;1;20;28.02
61;29;55;1;0;15.0
62;30;77;1;0;15.0
63;30;89;1;0;20.76
64;30;43;1;15;93.66
65;30;110;2;0;166.3
66;30;75;2;5;73.89
67;31;105;1;0;63.54
68;31;43;1;20;88.15
69;31;104;1;0;15.0
70;32;117;1;20;55.98
71;32;98;1;0;72.09
72;33;23;1;10;51.44
73;33;26;2;0;76.48
74;34;27;1;0;77.95
75;35;80;2;0;84.12
76;35;113;1;15;53.86
77;35;56;2;0;47.7
78;36;118;2;5;81.53
79;36;6;2;0;131.74
80;37;109;2;0;30.0
81;37;66;1;0;58.63
82;37;75;1;0;38.89
83;38;23;1;0;57.15
84;38;42;1;20;14.62
85;39;5;1;0;38.13
86;39;27;2;0;155.9
87;40;71;1;10;20.03
88;41;80;1;0;42.06
89;41;44;1;10;76.0
90;42;10;1;0;65.67
91;43;30;1;0;15.0
92;44;96;2;5;306.34
93;45;92;2;0;293.12
94;45;95;1;10;44.02
95;45;70;2;0;445.84
96;46;98;2;0;144.18
97;46;20;1;0;58.07
98;47;60;2;0;189.9
99;47;44;1;10;76.0
100;48;18;1;0;44.38
101;49;29;1;5;14.25
102;50;101;1;0;21.1
103;51;74;1;0;47.75
104;51;111;1;0;43.1
105;51;51;1;5;145.62
106;51;49;1;15;79.52
107;52;78;1;0;58.04
108;52;63;3;0;273.27
109;52;4;1;5;31.16
110;53;117;1;0;69.98
111;54;116;2;0;196.1
112;55;74;3;5;136.09
113;56;58;2;0;281.62
114;56;9;2;15;35.09
115;56;106;1;5;32.83
116;56;52;1;0;25.88
117;56;78;2;0;116.08
118;57;109;1;15;12.75
119;57;23;1;0;57.15
120;57;54;2;0;60.76
121;58;21;1;5;33.91
122;58;36;1;5;46.12
123;58;113;2;15;107.71
124;58;81;1;10;16.33
125;59;42;1;0;18.28
126;59;53;1;0;70.97
127;59;58;1;5;133.77
128;60;2;1;5;18.07
129;61;71;1;5;21.15
130;62;3;1;0;80.78
131;63;35;1;0;34.49
132;64;7;2;10;63.04
133;65;7;1;0;35.02
134;66;12;1;0;47.45
135;67;13;1;0;33.04
136;67;103;1;0;29.89
137;67;107;1;5;73.64
138;67;86;1;0;15.0
139;68;23;1;5;54.29
140;69;84;1;15;21.82
141;69;80;1;10;37.85
142;69;48;1;20;26.18
143;70;81;1;15;15.42
144;70;90;2;0;97.28
145;71;43;1;5;104.68
146;71;3;1;5;76.74
147;72;98;2;0;144.18
148;73;38;1;0;55.68
149;74;95;1;5;46.46
150;74;113;2;0;126.72
151;74;43;3;5;314.04
152;74;18;1;0;44.38
153;75;118;1;0;42.91
154;76;57;1;0;36.53
155;77;17;1;10;27.02
156;77;12;1;0;47.45
157;77;23;1;0;57.15
158;77;76;1;0;36.72
159;78;82;1;10;16.93
160;79;65;1;0;49.07
161;80;98;1;0;72.09
162;80;117;1;0;69.98
163;80;118;1;0;42.91
164;81;61;1;15;52.05
165;82;54;3;20;72.91
166;83;114;1;15;43.97
167;84;99;1;5;25.79
168;84;117;1;0;69.98
169;84;97;1;0;15.0
170;84;93;1;0;15.0
171;85;83;1;0;191.61
172;85;19;1;0;62.12
173;86;83;1;5;182.03
174;86;92;3;0;439.68
175;86;118;2;15;72.95
176;87;85;1;10;37.35
177;87;114;2;10;93.11
178;87;49;1;5;88.87
179;87;76;2;10;66.1
180;87;40;1;0;15.0
181;88;1;2;0;42.64
182;88;13;1;0;33.04
183;88;9;1;0;20.64
184;89;58;1;0;140.81
185;89;73;1;10;13.5
186;89;105;1;15;54.01
187;89;28;1;5;33.94
188;90;36;1;0;48.55
189;91;97;3;5;42.75
190;92;78;1;20;46.43
191;93;48;1;0;32.73
192;94;8;3;15;38.25
193;95;114;1;5;49.14
194;95;119;2;0;189.34
195;96;61;1;0;61.23
196;96;66;3;20;140.71
197;97;95;1;0;48.91
198;97;42;1;0;18.28
199;97;87;1;15;22.68
200;97;57;3;20;87.67
201;97;30;2;15;25.5
202;98;113;2;0;126.72
203;98;74;1;10;42.98
204;98;101;1;5;20.05
205;99;85;1;0;41.5
206;100;4;1;0;32.8
207;100;21;1;5;33.91
208;100;119;3;5;269.81
209;100;42;1;15;15.54
210;100;116;1;0;98.05
211;101;77;1;15;12.75
212;101;9;1;5;19.61
213;101;83;1;10;172.45
214;102;12;1;0;47.45
215;103;110;1;0;83.15
216;104;55;1;5;14.25
217;104;41;2;0;45.06
218;104;99;1;0;27.15
219;105;38;1;0;55.68
220;105;108;1;0;54.95
221;105;29;1;10;13.5
222;106;36;1;0;48.55
223;106;109;2;0;30.0
224;107;92;1;5;139.23
225;108;110;1;20;66.52
226;108;63;1;10;81.98
227;108;94;3;0;291.78
228;109;10;1;0;65.67
229;110;42;2;5;34.73
230;111;57;1;15;31.05
231;111;90;1;10;43.78
232;112;87;3;0;80.04
233;112;101;3;0;63.3
234;113;7;1;0;35.02
235;114;5;1;0;38.13
236;115;89;3;5;59.17
237;116;84;1;0;25.67
238;117;3;1;5;76.74
239;117;76;1;5;34.88
240;118;39;1;0;36.63
241;118;74;1;10;42.98
242;119;69;2;0;42.42
243;119;101;1;5;20.05
244;120;115;1;0;21.41
245;120;16;1;0;37.34
246;120;24;1;5;208.6
247;120;111;1;0;43.1
248;120;77;1;10;13.5
249;121;55;1;0;15.0
250;121;85;3;0;124.5
251;122;41;2;20;36.05
252;122;67;1;0;23.19
253;123;39;2;0;73.26
254;124;80;1;0;42.06
255;125;33;1;15;35.04
256;126;90;1;5;46.21
257;126;83;1;0;191.61
258;126;25;2;0;67.18
259;126;92;2;0;293.12
260;126;48;3;0;98.19
261;127;82;1;15;15.99
262;128;49;3;0;280.65
263;129;106;2;0;69.12
264;130;115;1;15;18.2
265;130;7;1;0;35.02
266;131;76;1;0;36.72
267;132;35;2;5;65.53
268;132;7;1;10;31.52
269;133;103;3;0;89.67
270;133;60;1;15;80.71
271;133;65;1;5;46.62
272;133;37;1;0;24.99
273;133;36;2;10;87.39
274;134;8;1;0;15.0
275;135;94;1;0;97.26
276;135;18;3;15;113.17
277;136;1;1;5;20.25
278;136;92;1;5;139.23
279;136;55;3;10;40.5
280;137;22;1;15;15.9
281;138;46;3;0;489.72
282;139;107;2;10;139.54
283;139;70;1;0;222.92
284;140;40;2;20;24.0
285;141;8;1;0;15.0
286;141;46;1;0;163.24
287;141;1;2;0;42.64
288;142;116;1;15;83.34
289;142;20;1;10;52.26
290;143;24;1;0;219.58
291;144;56;1;15;20.27
292;145;96;1;0;161.23
293;146;63;1;10;81.98
294;147;93;2;10;27.0
295;148;45;1;10;140.65
296;149;2;1;0;19.02
297;149;56;1;0;23.85
298;150;34;3;0;63.99
299;151;94;1;0;97.26
300;152;52;1;20;20.7
301;153;49;1;5;88.87
302;153;53;1;0;70.97
303;153;68;1;0;160.88
304;154;92;2;0;293.12
305;154;54;1;5;28.86
306;154;32;1;0;50.66
307;154;41;1;5;21.4
308;155;13;1;5;31.39
309;156;100;1;5;86.35
310;157;17;1;5;28.52
311;157;81;2;5;34.47
312;157;96;1;5;153.17
313;157;78;2;0;116.08
314;158;69;1;0;21.21
315;158;93;1;0;15.0
316;158;20;2;10;104.53
317;159;117;1;0;69.98
318;159;56;3;0;71.55
319;160;73;1;20;12.0
320;161;10;1;0;65.67
321;161;22;1;0;18.71
322;162;90;1;15;41.34
323;163;29;1;0;15.0
324;164;19;3;0;186.36
325;165;69;1;5;20.15
326;165;15;3;0;72.87
327;165;1;3;15;54.37
328;166;8;1;0;15.0
329;167;112;3;5;42.75
330;167;100;1;5;86.35
331;168;105;1;0;63.54
332;168;57;1;10;32.88
333;169;19;2;0;124.24
334;170;94;1;0;97.26
335;170;24;1;0;219.58
336;171;59;2;20;31.84
337;172;13;1;0;33.04
338;173;35;1;10;31.04
339;173;19;1;10;55.91
340;173;81;1;10;16.33
341;174;57;1;0;36.53
342;174;105;1;0;63.54
343;175;70;1;0;222.92
344;176;50;1;5;46.32
345;177;15;3;0;72.87
346;177;63;3;0;273.27
347;177;22;1;0;18.71
348;178;68;1;0;160.88
349;179;113;1;15;53.86
350;180;1;2;20;34.11
351;181;101;2;0;42.2
352;181;62;1;5;34.11
353;182;41;1;0;22.53
354;183;84;1;0;25.67
355;183;118;1;0;42.91
356;183;32;1;0;50.66
357;184;29;1;0;15.0
358;184;90;3;0;145.92
359;184;12;1;20;37.96
360;185;100;1;0;90.89
361;185;105;2;20;101.66
362;185;18;2;0;88.76
363;186;19;1;5;59.01
364;186;49;1;0;93.55
365;187;4;1;0;32.8
366;187;19;1;10;55.91
367;187;47;1;10;15.0
368;188;53;1;0;70.97
369;189;5;1;0;38.13
370;189;78;2;5;110.28
371;189;97;2;5;28.5
372;189;23;2;15;97.16
373;190;12;1;20;37.96
374;191;106;1;5;32.83
375;192;106;1;10;31.1
376;192;49;1;0;93.55
377;193;31;1;0;67.64
378;194;26;1;0;38.24
379;195;6;1;0;65.87
380;195;7;3;10;94.55
381;195;41;3;0;67.59
382;196;13;1;5;31.39
383;196;43;1;10;99.17
384;197;5;1;0;38.13
385;197;38;2;0;111.36
386;197;21;1;15;30.34
387;198;65;1;10;44.16
388;198;67;1;0;23.19
389;198;94;1;5;92.4
390;198;78;3;0;174.12
391;198;84;1;5;24.39
392;199;64;2;0;30.0
393;199;13;2;0;66.08
394;200;38;1;0;55.68
395;201;61;2;0;122.46
396;201;33;2;15;70.07
397;202;110;1;5;78.99
398;203;88;1;0;45.63
399;204;102;1;10;21.19
400;205;10;1;15;55.82
401;206;60;1;15;80.71
402;206;14;2;10;348.17
403;206;11;1;0;106.71
404;206;24;1;20;175.66
405;207;70;3;0;668.76
406;207;20;1;5;55.17
407;208;61;1;0;61.23
408;208;28;2;0;71.46
409;208;7;1;0;35.02
410;209;112;1;5;14.25
411;209;54;1;10;27.34
412;210;45;3;0;468.84
413;211;74;1;15;40.59
414;211;50;1;5;46.32
415;211;106;1;0;34.56
416;211;2;1;10;17.12
417;212;64;2;5;28.5
418;212;111;1;5;40.95
419;212;41;3;15;57.45
420;212;15;2;5;46.15
421;213;54;1;0;30.38
422;213;90;1;0;48.64
423;213;70;1;20;178.34
424;213;100;1;0;90.89
425;213;22;1;0;18.71
426;214;53;1;0;70.97
427;214;46;1;10;146.92
428;215;21;1;0;35.69
429;215;70;1;5;211.77
430;216;12;1;5;45.08
431;216;104;1;0;15.0
432;216;108;1;10;49.46
433;217;86;1;0;15.0
434;217;38;1;0;55.68
435;217;110;1;0;83.15
436;218;95;1;0;48.91
437;218;51;1;0;153.28
438;219;87;2;0;53.36
439;219;31;1;10;60.88
440;219;1;2;0;42.64
441;219;116;1;0;98.05
442;220;25;1;15;28.55
443;220;79;1;15;103.16
444;220;83;1;5;182.03
445;220;51;1;0;153.28
446;220;107;1;0;77.52
447;221;108;2;10;98.91
448;221;98;1;0;72.09
449;221;81;1;0;18.14
450;222;11;1;5;101.37
451;222;74;1;0;47.75
452;223;25;1;0;33.59
453;224;120;1;0;42.15
454;225;19;1;15;52.8
455;226;13;1;0;33.04
456;227;41;1;0;22.53
457;228;78;1;20;46.43
458;228;110;3;0;249.45
459;229;16;1;0;37.34
460;230;116;1;0;98.05
461;231;12;1;5;45.08
462;231;45;1;10;140.65
463;232;109;2;0;30.0
464;233;27;3;0;233.85
465;234;14;1;0;193.43
466;235;114;1;0;51.73
467;236;68;1;10;144.79
468;236;46;1;0;163.24
469;236;51;1;0;153.28
470;236;4;1;0;32.8
471;237;60;1;0;94.95
472;238;14;1;5;183.76
473;238;72;2;10;242.21
474;239;41;1;0;22.53
475;240;22;1;5;17.77
476;241;1;1;10;19.19
477;241;117;1;15;59.48
478;241;60;2;0;189.9
479;242;39;1;10;32.97
480;243;39;1;0;36.63
481;244;29;1;0;15.0
482;245;12;1;15;40.33
483;246;34;1;0;21.33
484;246;114;1;0;51.73
485;246;101;1;10;18.99
486;247;17;2;10;54.04
487;247;41;2;20;36.05
488;248;62;1;20;28.73
489;249;11;1;10;96.04
490;250;64;1;0;15.0
491;251;76;2;0;73.44
492;252;14;1;0;193.43
493;252;118;3;10;115.86
494;252;17;1;10;27.02
495;253;74;1;0;47.75
496;253;83;1;0;191.61
497;253;14;1;0;193.43
498;253;19;1;0;62.12
499;254;20;1;0;58.07
500;255;94;1;0;97.26
501;255;119;1;5;89.94
502;256;32;3;0;151.98
503;257;36;2;5;92.24
504;257;29;1;0;15.0
505;258;45;1;0;156.28
506;258;82;1;0;18.81
507;258;37;2;5;47.48
508;259;24;1;0;219.58
509;260;34;2;0;42.66
510;261;63;1;0;91.09
511;261;112;2;5;28.5
512;262;13;1;10;29.74
513;263;63;1;0;91.09
514;264;110;2;0;166.3
515;264;111;1;0;43.1
516;264;116;1;0;98.05
517;265;32;1;20;40.53
518;265;74;1;5;45.36
519;266;87;2;20;42.69
520;266;70;2;0;445.84
521;266;116;2;0;196.1
522;267;6;1;5;62.58
523;268;102;1;5;22.36
524;268;45;1;0;156.28
525;268;37;3;5;71.22
526;268;15;1;0;24.29
527;268;2;1;10;17.12
528;269;63;1;0;91.09
529;270;101;1;10;18.99
530;270;110;1;0;83.15
531;270;65;1;20;39.26
532;271;120;1;10;37.94
533;272;118;1;0;42.91
534;272;39;2;10;65.93
535;272;77;1;10;13.5
536;272;40;1;0;15.0
537;273;70;1;15;189.48
538;273;24;1;0;219.58
539;274;46;1;0;163.24
540;275;12;1;0;47.45
541;275;97;1;0;15.0
542;275;18;1;0;44.38
543;276;86;1;10;13.5
544;277;84;1;5;24.39
545;278;95;1;0;48.91
546;279;64;2;5;28.5
547;279;18;1;5;42.16
548;279;29;1;15;12.75
549;280;78;2;0;116.08
550;281;8;2;0;30.0
551;282;106;1;10;31.1
552;282;79;1;0;121.36
553;283;66;1;0;58.63
554;284;48;1;0;32.73
555;284;86;2;0;30.0
556;285;2;1;5;18.07
557;285;75;2;5;73.89
558;286;36;3;0;145.65
559;286;2;2;0;38.04
560;287;20;1;5;55.17
561;288;51;1;10;137.95
562;289;65;1;0;49.07
563;289;100;1;5;86.35
564;290;110;1;0;83.15
565;291;99;1;0;27.15
566;291;104;2;0;30.0
567;291;118;2;10;77.24
568;292;96;1;10;145.11
569;293;49;3;5;266.62
570;293;18;1;0;44.38
571;294;68;2;0;321.76
572;295;18;2;0;88.76
573;296;117;1;0;69.98
574;296;94;2;5;184.79
575;297;103;1;0;29.89
576;297;9;1;0;20.64
577;297;57;2;0;73.06
578;298;106;3;15;88.13
579;299;37;1;5;23.74
580;300;90;2;5;92.42
581;301;26;1;10;34.42
582;302;117;1;0;69.98
583;302;113;3;15;161.57
584;302;8;1;10;13.5
585;303;11;1;15;90.7
586;303;114;1;0;51.73
587;304;101;2;0;42.2
588;304;109;3;0;45.0
589;305;95;1;0;48.91
590;305;3;2;5;153.48
591;306;79;3;0;364.08
592;307;2;1;5;18.07
593;308;93;1;0;15.0
594;309;84;2;20;41.07
595;310;33;3;0;123.66
596;311;39;3;10;98.9
597;312;70;1;0;222.92
598;313;117;1;20;55.98
599;314;19;1;5;59.01
600;314;5;1;0;38.13
601;314;31;1;0;67.64
602;315;110;1;0;83.15
603;316;85;1;0;41.5
604;317;97;2;0;30.0
605;317;115;2;0;42.82
606;317;44;1;5;80.22
607;317;119;1;10;85.2
608;318;120;3;0;126.45
609;318;87;1;5;25.35
610;318;37;2;0;49.98
611;318;110;3;0;249.45
612;319;36;2;0;97.1
613;319;11;1;0;106.71
614;319;32;1;0;50.66
615;320;73;1;10;13.5
616;321;46;1;5;155.08
617;321;62;1;5;34.11
618;322;34;2;0;42.66
619;323;84;1;0;25.67
620;323;7;1;10;31.52
621;323;30;1;0;15.0
622;324;3;1;0;80.78
623;324;87;1;0;26.68
624;324;109;1;0;15.0
625;324;110;1;0;83.15
626;324;46;1;10;146.92
627;325;42;1;0;18.28
628;326;4;1;0;32.8
629;327;66;1;10;52.77
630;327;92;1;15;124.58
631;327;100;1;5;86.35
632;328;10;3;20;157.61
633;329;16;2;10;67.21
634;329;109;1;5;14.25
635;330;32;1;10;45.59
636;331;31;1;20;54.11
637;332;84;1;0;25.67
638;332;62;1;10;32.32
639;332;78;1;0;58.04
640;332;30;2;0;30.0
641;333;16;1;0;37.34
642;334;24;2;0;439.16
643;335;13;2;10;59.47
644;335;17;1;0;30.02
645;336;46;1;5;155.08
646;336;17;1;15;25.52
647;336;52;2;5;49.17
648;336;90;1;20;38.91
649;337;95;1;10;44.02
650;337;107;1;5;73.64
651;338;115;1;5;20.34
652;339;76;3;0;110.16
653;339;36;1;0;48.55
654;340;42;1;10;16.45
655;341;27;2;0;155.9
656;341;56;1;0;23.85
657;341;67;1;0;23.19
658;341;36;1;0;48.55
659;341;74;3;0;143.25
660;342;27;1;0;77.95
661;343;103;1;10;26.9
662;343;25;1;0;33.59
663;344;59;1;0;19.9
664;345;111;1;0;43.1
665;346;10;1;0;65.67
666;347;89;1;15;17.65
667;348;85;1;15;35.27
668;348;108;1;0;54.95
669;348;113;1;15;53.86
670;349;94;1;5;92.4
671;349;64;1;0;15.0
672;349;37;1;0;24.99
673;350;54;1;5;28.86
674;351;24;1;0;219.58
675;351;113;1;0;63.36
676;352;29;1;15;12.75
677;353;55;1;0;15.0
678;354;113;1;10;57.02
679;355;28;2;10;64.31
680;356;57;1;0;36.53
681;357;40;1;15;12.75
682;357;58;1;10;126.73
683;357;53;1;20;56.78
684;358;103;1;5;28.4
685;358;49;2;10;168.39
686;359;21;1;10;32.12
687;359;108;1;10;49.46
688;360;2;1;0;19.02
689;361;37;1;0;24.99
690;362;49;1;5;88.87
691;362;84;1;0;25.67
692;362;52;1;5;24.59
693;363;118;1;5;40.76
694;363;20;1;10;52.26
695;364;59;1;0;19.9
696;365;53;1;0;70.97
697;366;94;1;0;97.26
698;366;51;1;0;153.28
699;366;48;2;0;65.46
700;366;98;1;0;72.09
701;366;70;1;0;222.92
702;367;63;1;0;91.09
703;367;76;2;0;73.44
704;367;32;2;10;91.19
705;368;20;1;5;55.17
706;369;63;1;20;72.87
707;369;70;1;0;222.92
708;370;14;1;0;193.43
709;371;57;2;0;73.06
710;372;96;1;0;161.23
711;372;112;1;0;15.0
712;373;73;1;5;14.25
713;373;84;2;20;41.07
714;373;22;1;5;17.77
715;373;19;1;0;62.12
716;374;41;1;0;22.53
717;374;54;3;0;91.14
718;375;8;1;5;14.25
719;376;119;1;10;85.2
720;376;25;2;5;63.82
721;377;83;1;5;182.03
722;377;85;1;0;41.5
723;378;99;1;10;24.43
724;378;50;1;0;48.76
725;379;101;1;0;21.1
726;380;42;3;0;54.84
727;380;10;2;0;131.34
728;380;115;1;0;21.41
729;381;61;1;10;55.11
730;382;82;1;0;18.81
731;382;107;1;5;73.64
732;382;36;1;0;48.55
733;382;92;2;5;278.46
734;383;55;1;5;14.25
735;384;2;1;0;19.02
736;384;26;1;0;38.24
737;384;57;2;15;62.1
738;385;62;1;20;28.73
739;386;111;1;5;40.95
740;386;92;1;0;146.56
741;386;119;1;5;89.94
742;387;20;2;0;116.14
743;387;91;1;10;23.59
744;387;95;1;5;46.46
745;387;23;1;0;57.15
746;388;87;2;0;53.36
747;389;86;1;10;13.5
748;390;35;1;0;34.49
749;391;108;1;5;52.2
750;391;1;1;0;21.32
751;392;12;1;0;47.45
752;393;28;1;15;30.37
753;393;82;3;0;56.43
754;393;48;1;15;27.82
755;394;36;1;0;48.55
756;395;34;1;0;21.33
757;395;90;2;0;97.28
758;395;57;2;5;69.41
759;395;12;1;15;40.33
760;395;63;1;0;91.09
761;396;37;1;20;19.99
762;396;27;1;5;74.05
763;397;5;1;5;36.22
764;397;119;1;0;94.67
765;398;42;1;15;15.54
766;398;90;1;0;48.64
767;398;14;1;15;164.42
768;398;81;1;0;18.14
769;399;59;1;5;18.9
770;399;76;1;0;36.72
771;399;74;1;5;45.36
772;400;98;2;0;144.18
773;400;120;1;0;42.15
774;400;116;1;5;93.15
775;401;68;1;0;160.88
776;401;26;3;20;91.78
777;401;73;1;10;13.5
778;401;97;2;0;30.0
779;401;18;1;0;44.38
780;402;27;1;5;74.05
781;403;45;1;5;148.47
782;403;13;1;15;28.08
783;404;17;1;15;25.52
784;405;55;1;0;15.0
785;405;77;1;20;12.0
786;405;51;1;15;130.29
787;406;79;1;0;121.36
788;406;77;1;0;15.0
789;406;97;1;0;15.0
790;407;50;1;0;48.76
791;408;14;2;0;386.86
792;408;60;1;5;90.2
793;409;88;1;5;43.35
794;409;59;1;0;19.9
795;410;103;1;0;29.89
796;410;117;1;0;69.98
797;411;98;1;5;68.49
798;412;66;2;5;111.4
799;413;59;2;5;37.81
800;413;47;1;0;16.67
801;413;7;1;10;31.52
802;414;39;1;5;34.8
803;415;69;1;5;20.15
804;416;80;2;15;71.5
805;416;32;3;10;136.78
806;417;93;1;15;12.75
807;418;52;1;20;20.7
808;419;15;1;0;24.29
809;419;102;1;10;21.19
810;419;25;1;10;30.23
811;419;74;1;0;47.75
812;420;65;1;5;46.62
813;421;101;1;0;21.1
814;422;29;1;0;15.0
815;423;54;1;0;30.38
816;423;82;1;5;17.87
817;424;96;1;5;153.17
818;424;64;1;0;15.0
819;425;45;1;20;125.02
820;425;11;1;0;106.71
821;426;80;1;0;42.06
822;426;46;2;10;293.83
823;427;49;3;0;280.65
824;427;78;1;0;58.04
825;428;95;1;10;44.02
826;428;52;1;5;24.59
827;428;71;1;0;22.26
828;429;69;1;0;21.21
829;430;112;1;0;15.0
830;431;13;1;0;33.04
831;431;50;1;0;48.76
832;432;77;1;0;15.0
833;432;74;1;0;47.75
834;432;94;1;0;97.26
835;432;53;1;15;60.32
836;432;3;1;5;76.74
837;433;61;3;15;156.14
838;434;59;1;0;19.9
839;434;32;1;0;50.66
840;435;118;2;0;85.82
841;436;111;3;10;116.37
842;436;67;1;0;23.19
843;437;69;1;0;21.21
844;437;92;1;0;146.56
845;438;84;1;0;25.67
846;438;57;1;0;36.53
847;439;19;1;0;62.12
848;439;117;1;0;69.98
849;440;34;1;5;20.26
850;441;98;1;0;72.09
851;441;18;1;0;44.38
852;442;40;1;5;14.25
853;442;61;1;10;55.11
854;443;4;1;0;32.8
855;443;109;1;0;15.0
856;444;45;1;5;148.47
857;445;22;1;0;18.71
858;445;112;2;0;30.0
859;446;78;2;10;104.47
860;447;2;1;10;17.12
861;447;108;2;15;93.42
862;448;43;1;0;110.19
863;449;73;1;0;15.0
864;450;89;1;0;20.76
865;451;107;2;15;131.78
866;452;75;1;0;38.89
867;452;62;2;0;71.82
868;453;13;1;5;31.39
869;453;70;1;0;222.92
870;454;76;1;10;33.05
871;454;104;3;0;45.0
872;455;66;3;0;175.89
873;455;37;2;0;49.98
874;456;97;3;0;45.0
875;457;56;1;0;23.85
876;458;100;1;0;90.89
877;459;39;2;0;73.26
878;460;110;1;0;83.15
879;460;21;1;0;35.69
880;460;79;1;0;121.36
881;461;39;1;5;34.8
882;461;48;2;0;65.46
883;461;19;1;5;59.01
884;462;46;2;0;326.48
885;462;83;1;0;191.61
886;462;104;1;0;15.0
887;462;18;1;0;44.38
888;462;59;2;0;39.8
889;463;36;1;0;48.55
890;464;6;1;15;55.99
891;464;100;1;0;90.89
892;464;85;1;0;41.5
893;464;50;1;5;46.32
894;465;113;1;20;50.69
895;465;96;1;10;145.11
896;466;32;1;0;50.66
897;467;99;2;15;46.15
898;468;96;1;0;161.23
899;468;114;1;0;51.73
900;468;28;1;5;33.94
901;469;104;1;0;15.0
902;470;65;1;0;49.07
903;470;112;1;0;15.0
904;470;103;1;0;29.89
905;470;42;1;0;18.28
906;470;102;1;0;23.54
907;471;97;2;0;30.0
908;471;10;2;20;105.07
909;471;99;1;0;27.15
910;471;88;1;5;43.35
911;471;56;1;10;21.47
912;472;80;2;0;84.12
913;473;99;1;5;25.79
914;473;42;1;10;16.45
915;474;24;1;0;219.58
916;475;42;1;0;18.28
917;475;112;1;0;15.0
918;475;41;1;15;19.15
919;475;119;1;0;94.67
920;476;112;1;5;14.25
921;477;76;1;0;36.72
922;477;105;2;5;120.73
923;477;16;1;10;33.61
924;478;54;1;0;30.38
925;478;25;1;15;28.55
926;478;27;1;0;77.95
927;478;12;1;20;37.96
928;478;103;1;0;29.89
929;479;90;1;5;46.21
930;480;115;1;10;19.27
931;480;42;1;0;18.28
932;481;103;1;5;28.4
933;482;120;1;0;42.15
934;483;21;1;0;35.69
935;484;101;1;0;21.1
936;485;77;1;0;15.0
937;486;15;2;0;48.58
938;486;61;2;10;110.21
939;486;60;1;0;94.95
940;486;54;2;0;60.76
941;486;110;1;0;83.15
942;487;110;1;0;83.15
943;487;74;2;0;95.5
944;487;26;1;5;36.33
945;488;24;1;0;219.58
946;489;114;2;0;103.46
947;489;35;1;5;32.77
948;490;102;3;0;70.62
949;490;26;1;10;34.42
950;491;45;1;10;140.65
951;491;25;1;0;33.59
952;492;84;2;0;51.34
953;492;99;2;0;54.3
954;492;66;2;0;117.26
955;493;34;1;5;20.26
956;493;9;3;0;61.92
957;493;101;1;0;21.1
958;494;58;1;20;112.65
959;495;66;1;10;52.77
960;495;25;1;5;31.91
961;495;19;1;10;55.91
962;495;108;1;0;54.95
963;496;68;1;0;160.88
964;496;22;1;5;17.77
965;496;48;2;10;58.91
966;496;21;1;15;30.34
967;497;38;3;15;141.98
968;497;50;1;0;48.76
969;497;116;3;0;294.15
970;497;67;1;5;22.03
971;498;18;2;10;79.88
972;498;19;2;20;99.39
973;498;62;1;10;32.32
974;499;29;3;0;45.0
975;500;27;1;0;77.95
976;500;57;1;5;34.7
977;501;85;1;0;41.5
978;501;57;1;0;36.53
979;502;108;2;0;109.9
980;503;63;1;0;91.09
981;503;98;3;5;205.46
982;503;38;1;0;55.68
983;504;8;1;10;13.5
984;505;86;2;20;24.0
985;506;29;1;0;15.0
986;506;76;3;10;99.14
987;507;119;1;5;89.94
988;507;86;1;10;13.5
989;508;75;1;15;33.06
990;509;57;1;10;32.88
991;509;110;1;0;83.15
992;510;4;3;0;98.4
993;510;81;2;10;32.65
994;511;32;1;10;45.59
995;512;27;2;5;148.1
996;512;72;1;10;121.1
997;512;99;2;0;54.3
998;513;108;2;0;109.9
999;513;30;1;5;14.25
1000;513;41;1;0;22.53
1001;514;44;1;0;84.44
1002;514;104;1;0;15.0
1003;515;72;2;0;269.12
1004;515;38;1;5;52.9
1005;516;110;1;0;83.15
1006;516;34;1;0;21.33
1007;517;29;1;0;15.0
1008;518;89;3;0;62.28
1009;519;3;2;0;161.56
1010;520;109;1;0;15.0
1011;521;103;2;15;50.81
1012;521;34;1;0;21.33
1013;521;56;3;0;71.55
1014;521;48;2;20;52.37
1015;521;47;1;0;16.67
1016;522;106;1;5;32.83
1017;523;35;1;0;34.49
1018;524;3;2;0;161.56
1019;524;72;1;0;134.56
1020;524;58;1;20;112.65
1021;524;84;1;0;25.67
1022;524;8;2;0;30.0
1023;525;28;1;0;35.73
1024;525;85;1;10;37.35
1025;525;58;1;0;140.81
1026;525;40;2;20;24.0
1027;525;69;1;10;19.09
1028;526;10;1;0;65.67
1029;527;23;1;15;48.58
1030;527;107;1;0;77.52
1031;527;24;1;0;219.58
1032;528;18;1;0;44.38
1033;528;109;1;5;14.25
1034;529;45;3;5;445.4
1035;530;72;1;0;134.56
1036;530;8;1;20;12.0
1037;531;73;3;0;45.0
1038;531;48;1;0;32.73
1039;531;110;1;0;83.15
1040;531;9;2;15;35.09
1041;532;99;1;10;24.43
1042;532;23;1;0;57.15
1043;532;65;1;20;39.26
1044;533;76;1;0;36.72
1045;533;67;1;0;23.19
1046;534;50;1;0;48.76
1047;534;101;1;0;21.1
1048;535;6;2;15;111.98
1049;535;46;2;15;277.51
1050;535;8;1;10;13.5
1051;536;73;1;10;13.5
1052;536;74;1;0;47.75
1053;536;90;1;10;43.78
1054;536;69;1;5;20.15
1055;537;72;1;0;134.56
1056;538;6;3;0;197.61
1057;538;25;1;15;28.55
1058;539;39;1;0;36.63
1059;540;23;1;5;54.29
1060;540;66;2;0;117.26
1061;541;27;1;5;74.05
1062;542;1;2;10;38.38
1063;542;116;3;20;235.32
1064;542;31;2;0;135.28
1065;542;85;2;0;83.0
1066;543;88;2;0;91.26
1067;543;74;3;5;136.09
1068;543;91;2;0;52.42
1069;543;111;1;10;38.79
1070;544;81;1;5;17.23
1071;544;89;1;5;19.72
1072;545;9;1;15;17.54
1073;545;24;1;5;208.6
1074;545;69;3;0;63.63
1075;546;51;2;20;245.25
1076;546;106;1;0;34.56
1077;546;114;1;20;41.38
1078;547;11;2;10;192.08
1079;548;99;1;15;23.08
1080;549;2;3;0;57.06
1081;550;51;1;0;153.28
1082;550;49;1;0;93.55
1083;551;108;1;0;54.95
1084;552;9;1;0;20.64
1085;553;116;1;0;98.05
1086;554;110;2;0;166.3
1087;554;29;1;0;15.0
1088;555;79;1;15;103.16
1089;556;59;1;15;16.91
1090;556;62;1;0;35.91
1091;556;118;1;20;34.33
1092;556;116;1;0;98.05
1093;556;20;1;5;55.17
1094;557;70;1;0;222.92
1095;557;110;2;0;166.3
1096;558;50;1;0;48.76
1097;558;60;1;5;90.2
1098;559;94;1;0;97.26
1099;559;85;2;10;74.7
1100;559;101;1;0;21.1
1101;559;80;1;0;42.06
1102;560;80;1;0;42.06
1103;560;53;2;5;134.84
1104;560;7;3;0;105.06
1105;561;35;1;10;31.04
1106;561;96;1;5;153.17
1107;562;17;1;5;28.52
1108;562;98;2;0;144.18
1109;562;120;1;0;42.15
1110;563;7;1;15;29.77
1111;563;43;1;5;104.68
1112;563;110;3;0;249.45
1113;564;61;1;0;61.23
1114;564;44;2;0;168.88
1115;564;91;2;0;52.42
1116;565;90;1;15;41.34
1117;565;36;3;5;138.37
1118;566;61;2;5;116.34
1119;566;49;3;0;280.65
1120;566;62;1;5;34.11
1121;566;22;1;0;18.71
1122;567;114;1;5;49.14
1123;567;48;2;0;65.46
1124;567;9;3;20;49.54
1125;567;23;1;5;54.29
1126;567;18;1;10;39.94
1127;568;115;1;20;17.13
1128;569;118;1;15;36.47
1129;569;4;1;0;32.8
1130;570;98;1;5;68.49
1131;571;95;1;0;48.91
1132;571;74;2;0;95.5
1133;572;66;2;10;105.53
1134;573;25;1;0;33.59
1135;574;66;2;0;117.26
1136;575;74;2;10;85.95
1137;576;117;1;0;69.98
1138;577;79;1;0;121.36
1139;577;16;2;15;63.48
1140;578;7;1;0;35.02
1141;579;78;1;5;55.14
1142;579;91;2;0;52.42
1143;579;24;1;0;219.58
1144;579;61;3;0;183.69
1145;579;37;2;5;47.48
1146;580;42;2;0;36.56
1147;581;28;1;0;35.73
1148;581;55;1;0;15.0
1149;582;9;1;15;17.54
1150;583;2;1;0;19.02
1151;583;96;2;15;274.09
1152;584;108;1;0;54.95
1153;585;96;1;5;153.17
1154;586;102;2;20;37.66
1155;587;54;1;0;30.38
1156;587;4;3;5;93.48
1157;587;112;1;0;15.0
1158;588;28;1;0;35.73
1159;588;13;1;0;33.04
1160;588;3;1;10;72.7
1161;588;51;2;0;306.56
1162;589;21;1;0;35.69
1163;589;63;3;5;259.61
1164;589;86;1;0;15.0
1165;589;8;1;0;15.0
1166;590;81;1;5;17.23
1167;591;104;2;0;30.0
1168;591;89;3;0;62.28
1169;592;117;2;5;132.96
1170;592;112;2;0;30.0
1171;593;17;3;10;81.05
1172;594;32;1;0;50.66
1173;594;63;1;0;91.09
1174;594;73;2;5;28.5
1175;595;94;1;0;97.26
1176;595;35;2;5;65.53
1177;595;9;1;10;18.58
1178;595;58;1;0;140.81
1179;596;35;3;0;103.47
1180;597;119;1;0;94.67
1181;598;49;1;10;84.19
1182;599;83;2;0;383.22
1183;600;57;2;0;73.06
1184;601;76;1;20;29.38
1185;602;93;1;0;15.0
1186;603;5;1;10;34.32
1187;603;83;1;0;191.61
1188;603;37;1;5;23.74
1189;604;92;1;10;131.9
1190;605;52;1;0;25.88
1191;606;27;1;0;77.95
1192;607;4;1;5;31.16
1193;607;7;1;0;35.02
1194;608;50;2;5;92.64
1195;609;71;1;5;21.15
1196;609;9;1;5;19.61
1197;610;107;1;0;77.52
1198;610;22;1;5;17.77
1199;611;26;2;0;76.48
1200;612;58;3;5;401.31
1201;612;78;2;0;116.08
1202;613;26;1;0;38.24
1203;613;98;1;0;72.09
1204;613;73;1;0;15.0
1205;614;33;1;0;41.22
1206;614;28;1;0;35.73
1207;614;66;1;5;55.7
1208;614;4;1;0;32.8
1209;615;102;2;0;47.08
1210;615;86;1;15;12.75
1211;616;1;1;0;21.32
1212;617;55;2;0;30.0
1213;617;95;1;0;48.91
1214;618;114;1;5;49.14
1215;618;103;3;10;80.7
1216;618;118;2;15;72.95
1217;618;27;1;0;77.95
1218;619;35;1;0;34.49
1219;619;3;1;0;80.78
1220;620;60;1;20;75.96
1221;621;91;1;10;23.59
1222;621;37;1;0;24.99
1223;621;93;2;0;30.0
1224;622;110;1;5;78.99
1225;622;56;2;5;45.31
1226;623;61;1;5;58.17
1227;623;70;1;5;211.77
1228;624;60;3;10;256.37
1229;625;47;1;0;16.67
1230;625;56;1;15;20.27
1231;626;6;1;15;55.99
1232;627;21;1;20;28.55
1233;627;109;2;10;27.0
1234;627;103;1;10;26.9
1235;628;33;1;15;35.04
1236;628;120;1;5;40.04
1237;629;71;1;10;20.03
1238;629;120;1;0;42.15
1239;629;51;1;10;137.95
1240;630;97;1;15;12.75
1241;630;25;3;10;90.69
1242;631;39;1;0;36.63
1243;631;106;2;0;69.12
1244;631;27;1;0;77.95
1245;632;55;1;5;14.25
1246;632;46;1;0;163.24
1247;632;85;1;5;39.42
1248;632;52;2;5;49.17
1249;633;4;1;0;32.8
1250;634;113;3;5;180.58
1251;634;45;3;0;468.84
1252;635;93;2;5;28.5
1253;636;5;1;0;38.13
1254;636;42;1;0;18.28
1255;636;40;1;5;14.25
1256;636;71;1;0;22.26
1257;636;100;1;0;90.89
1258;637;84;1;5;24.39
1259;637;93;1;15;12.75
1260;637;7;1;0;35.02
1261;637;33;1;0;41.22
1262;638;32;1;5;48.13
1263;638;1;1;0;21.32
1264;639;109;1;0;15.0
1265;639;64;1;15;12.75
1266;640;4;1;10;29.52
1267;640;57;1;5;34.7
1268;641;36;1;0;48.55
1269;641;56;1;0;23.85
1270;642;119;2;0;189.34
1271;643;70;1;0;222.92
1272;643;48;3;5;93.28
1273;644;18;1;0;44.38
1274;645;75;1;15;33.06
1275;645;68;1;15;136.75
1276;646;13;1;5;31.39
1277;646;23;1;10;51.44
1278;647;62;1;0;35.91
1279;647;66;2;10;105.53
1280;647;10;1;0;65.67
1281;648;51;1;5;145.62
1282;649;117;1;5;66.48
1283;650;77;1;0;15.0
1284;651;115;2;10;38.54
1285;652;118;2;5;81.53
1286;652;44;2;10;151.99
1287;652;39;1;0;36.63
1288;653;77;2;0;30.0
1289;653;85;1;5;39.42
1290;654;35;3;15;87.95
1291;655;73;1;0;15.0
1292;655;25;1;0;33.59
1293;655;45;1;5;148.47
1294;655;40;1;5;14.25
1295;656;70;1;0;222.92
1296;657;82;1;5;17.87
1297;657;32;1;15;43.06
1298;657;27;2;0;155.9
1299;658;33;1;0;41.22
1300;659;120;1;0;42.15
1301;660;26;1;0;38.24
1302;660;35;3;5;98.3
1303;661;98;2;0;144.18
1304;662;13;2;5;62.78
1305;663;80;1;0;42.06
1306;664;71;1;0;22.26
1307;665;106;1;0;34.56
1308;665;50;1;5;46.32
1309;665;27;1;20;62.36
1310;666;59;1;15;16.91
1311;667;75;2;10;70.0
1312;668;57;1;0;36.53
1313;668;20;1;0;58.07
1314;669;113;1;0;63.36
1315;670;19;1;5;59.01
1316;671;46;1;0;163.24
1317;672;88;1;0;45.63
1318;672;120;2;0;84.3
1319;672;73;1;0;15.0
1320;672;32;1;5;48.13
1321;672;83;2;0;383.22
1322;673;21;1;10;32.12
1323;674;49;1;10;84.19
1324;675;11;1;0;106.71
1325;676;30;1;0;15.0
1326;676;53;1;0;70.97
1327;676;40;1;10;13.5
1328;676;22;3;15;47.71
1329;677;3;2;0;161.56
1330;678;69;1;10;19.09
1331;678;16;1;0;37.34
1332;678;100;3;0;272.67
1333;679;65;2;0;98.14
1334;680;107;2;0;155.04
1335;680;48;1;5;31.09
1336;680;74;1;0;47.75
1337;681;59;1;0;19.9
1338;682;83;1;5;182.03
1339;682;67;1;5;22.03
1340;683;17;1;5;28.52
1341;683;104;1;0;15.0
1342;683;5;1;0;38.13
1343;684;28;1;0;35.73
1344;684;56;2;10;42.93
1345;684;100;1;5;86.35
1346;685;33;1;0;41.22
1347;685;63;1;0;91.09
1348;685;52;3;0;77.64
1349;685;60;1;5;90.2
1350;686;84;2;0;51.34
1351;687;109;1;15;12.75
1352;687;62;1;20;28.73
1353;687;9;1;5;19.61
1354;687;46;1;0;163.24
1355;687;43;1;0;110.19
1356;688;42;1;0;18.28
1357;689;66;1;10;52.77
1358;690;106;1;5;32.83
1359;691;12;1;0;47.45
1360;691;79;1;20;97.09
1361;691;50;1;5;46.32
1362;691;36;1;10;43.7
1363;692;9;1;0;20.64
1364;693;87;1;0;26.68
1365;694;34;1;15;18.13
1366;694;74;1;5;45.36
1367;694;72;1;0;134.56
1368;695;115;1;0;21.41
1369;695;32;1;0;50.66
1370;696;76;1;10;33.05
1371;697;32;1;0;50.66
1372;698;73;1;0;15.0
1373;699;119;1;10;85.2
1374;699;114;1;0;51.73
1375;699;8;1;15;12.75
1376;700;51;1;0;153.28
1377;700;76;1;10;33.05
1378;700;28;1;5;33.94
1379;700;52;1;10;23.29
1380;701;64;1;20;12.0
1381;701;115;2;5;40.68
1382;702;108;1;5;52.2
1383;703;40;1;0;15.0
1384;704;22;2;10;33.68
1385;705;107;1;0;77.52
1386;705;79;1;0;121.36
1387;706;37;1;10;22.49
1388;707;40;2;0;30.0
1389;707;38;3;10;150.34
1390;707;84;2;5;48.77
1391;707;91;1;0;26.21
1392;708;14;3;0;580.29
1393;709;92;1;0;146.56
1394;709;62;1;15;30.52
1395;710;84;1;0;25.67
1396;710;5;1;10;34.32
1397;710;47;2;0;33.34
1398;710;21;2;0;71.38
1399;711;96;1;20;128.98
1400;711;91;2;10;47.18
1401;711;55;1;10;13.5
1402;712;19;1;0;62.12
1403;712;6;1;0;65.87
1404;712;114;1;0;51.73
1405;712;18;1;0;44.38
1406;712;31;1;5;64.26
1407;713;28;1;5;33.94
1408;713;19;1;0;62.12
1409;714;56;3;10;64.4
1410;714;99;1;5;25.79
1411;715;3;1;5;76.74
1412;716;114;1;15;43.97
1413;716;78;2;0;116.08
1414;717;75;1;0;38.89
1415;717;33;1;0;41.22
1416;718;103;2;15;50.81
1417;718;36;1;10;43.7
1418;718;69;1;10;19.09
1419;718;105;2;10;114.37
1420;719;37;1;0;24.99
1421;719;100;3;5;259.04
1422;720;43;1;15;93.66
1423;721;38;1;0;55.68
1424;722;37;1;5;23.74
1425;722;40;1;0;15.0
1426;722;70;1;15;189.48
1427;723;23;1;0;57.15
1428;723;15;2;0;48.58
1429;723;98;1;0;72.09
1430;723;58;1;10;126.73
1431;724;33;1;15;35.04
1432;725;67;2;0;46.38
1433;726;97;1;10;13.5
1434;727;100;1;0;90.89
1435;727;76;3;0;110.16
1436;728;48;1;0;32.73
1437;729;48;1;5;31.09
1438;729;84;1;0;25.67
1439;730;15;1;0;24.29
1440;730;76;3;5;104.65
1441;731;32;1;0;50.66
1442;731;40;1;0;15.0
1443;732;49;3;0;280.65
1444;733;95;1;0;48.91
1445;733;39;1;0;36.63
1446;734;47;3;10;45.01
1447;734;15;1;0;24.29
1448;734;13;1;5;31.39
1449;735;70;2;10;401.26
1450;735;117;1;5;66.48
1451;736;52;2;0;51.76
1452;737;18;3;5;126.48
1453;737;9;1;0;20.64
1454;737;13;1;0;33.04
1455;738;32;1;15;43.06
1456;738;11;1;0;106.71
1457;738;43;2;0;220.38
1458;738;22;1;0;18.71
1459;739;67;2;5;44.06
1460;740;79;1;0;121.36
1461;741;75;1;0;38.89
1462;742;1;1;0;21.32
1463;742;15;1;0;24.29
1464;743;92;1;20;117.25
1465;744;15;1;5;23.08
1466;745;19;1;5;59.01
1467;746;88;1;0;45.63
1468;746;36;1;0;48.55
1469;747;36;1;0;48.55
1470;747;56;1;0;23.85
1471;748;15;2;0;48.58
1472;749;9;1;5;19.61
1473;749;76;1;5;34.88
1474;749;59;1;0;19.9
1475;750;100;1;0;90.89
1476;751;93;1;0;15.0
1477;752;9;1;15;17.54
1478;753;120;1;15;35.83
1479;753;72;2;5;255.66
1480;753;110;3;0;249.45
1481;753;79;3;0;364.08
1482;754;24;1;5;208.6
1483;754;14;1;5;183.76
1484;755;73;1;15;12.75
1485;755;46;1;10;146.92
1486;755;13;1;10;29.74
1487;755;49;1;0;93.55
1488;755;61;1;5;58.17
1489;756;6;1;0;65.87
1490;757;92;1;0;146.56
1491;757;18;1;0;44.38
1492;758;114;2;0;103.46
1493;758;58;2;5;267.54
1494;759;98;1;5;68.49
1495;759;31;1;5;64.26
1496;760;102;1;5;22.36
1497;760;53;2;0;141.94
1498;760;114;1;0;51.73
1499;760;43;1;0;110.19
1500;760;13;1;0;33.04
1501;761;106;1;5;32.83
1502;762;8;1;0;15.0
1503;763;97;2;0;30.0
1504;764;49;1;0;93.55
1505;765;21;1;0;35.69
1506;766;92;2;0;293.12
1507;766;72;2;5;255.66
1508;767;77;1;5;14.25
1509;768;41;1;0;22.53
1510;769;60;2;0;189.9
1511;769;119;1;15;80.47
1512;769;12;1;5;45.08
1513;770;92;2;0;293.12
1514;770;95;1;15;41.57
1515;771;114;1;5;49.14
1516;771;10;1;0;65.67
1517;772;63;2;0;182.18
1518;773;57;1;5;34.7
1519;774;44;2;10;151.99
1520;774;4;1;10;29.52
1521;774;5;1;0;38.13
1522;774;98;1;5;68.49
1523;774;2;1;0;19.02
1524;775;69;1;5;20.15
1525;775;83;3;0;574.83
1526;775;48;1;0;32.73
1527;776;38;1;0;55.68
1528;777;67;2;0;46.38
1529;778;61;1;0;61.23
1530;779;49;1;5;88.87
1531;779;45;1;0;156.28
1532;779;82;1;0;18.81
1533;779;44;1;10;76.0
1534;780;22;2;0;37.42
1535;781;53;1;5;67.42
1536;782;82;2;0;37.62
1537;782;110;1;0;83.15
1538;783;114;2;5;98.29
1539;783;72;1;5;127.83
1540;784;120;1;0;42.15
1541;784;32;2;0;101.32
1542;785;52;1;0;25.88
1543;786;39;1;0;36.63
1544;787;28;1;10;32.16
1545;787;14;1;15;164.42
1546;788;97;1;0;15.0
1547;789;44;1;0;84.44
1548;789;70;3;15;568.45
1549;790;111;1;10;38.79
1550;790;38;1;15;47.33
1551;790;66;2;5;111.4
1552;791;36;3;0;145.65
1553;791;43;2;0;220.38
1554;791;93;1;0;15.0
1555;792;28;1;10;32.16
1556;793;51;1;0;153.28
1557;793;94;1;0;97.26
1558;794;7;1;0;35.02
1559;795;83;1;0;191.61
1560;796;79;2;0;242.72
1561;796;98;1;0;72.09
1562;796;65;1;0;49.07
1563;796;64;1;10;13.5
1564;797;104;1;0;15.0
1565;798;2;1;0;19.02
1566;798;32;1;0;50.66
1567;799;1;2;5;40.51
1568;800;40;1;10;13.5
1569;801;29;1;0;15.0
1570;801;30;2;5;28.5
1571;802;28;1;0;35.73
1572;803;33;3;5;117.48
1573;804;6;1;10;59.28
1574;804;107;1;15;65.89
1575;804;47;1;20;13.34
1576;804;81;1;0;18.14
1577;805;25;2;0;67.18
1578;805;112;1;5;14.25
1579;805;8;2;10;27.0
1580;805;67;1;5;22.03
1581;806;115;1;0;21.41
1582;807;109;1;5;14.25
1583;807;63;2;5;173.07
1584;808;39;2;0;73.26
1585;809;111;1;5;40.95
1586;810;79;1;0;121.36
1587;810;93;1;5;14.25
1588;811;9;1;5;19.61
1589;811;103;3;5;85.19
1590;812;91;3;0;78.63
1591;812;74;1;10;42.98
1592;812;80;2;5;79.91
1593;813;87;3;0;80.04
1594;813;98;2;0;144.18
1595;814;19;1;0;62.12
1596;814;43;2;15;187.32
1597;815;108;2;10;98.91
1598;816;8;1;0;15.0
1599;816;53;1;0;70.97
1600;817;57;1;0;36.53
1601;818;78;1;0;58.04
1602;818;117;3;0;209.94
1603;819;115;2;0;42.82
1604;819;45;1;5;148.47
1605;819;53;1;0;70.97
1606;820;19;1;0;62.12
1607;820;56;1;5;22.66
1608;821;62;2;0;71.82
1609;822;44;3;10;227.99
1610;823;76;2;0;73.44
1611;824;22;1;0;18.71
1612;824;62;2;0;71.82
1613;824;97;1;15;12.75
1614;825;26;1;5;36.33
1615;826;9;1;0;20.64
1616;827;42;1;0;18.28
1617;827;7;1;0;35.02
1618;827;59;1;0;19.9
1619;828;35;2;0;68.98
1620;828;3;1;0;80.78
1621;829;53;1;0;70.97
1622;829;86;1;0;15.0
1623;829;17;2;5;57.04
1624;830;120;1;10;37.94
1625;830;78;1;15;49.33
1626;831;30;1;0;15.0
1627;832;52;1;0;25.88
1628;833;87;1;0;26.68
1629;833;14;1;0;193.43
1630;833;11;2;20;170.74
1631;833;78;1;0;58.04
1632;834;115;1;0;21.41
1633;835;7;2;0;70.04
1634;835;19;1;10;55.91
1635;836;33;2;0;82.44
1636;837;66;2;0;117.26
1637;837;22;2;5;35.55
1638;838;34;3;0;63.99
1639;838;67;1;0;23.19
1640;839;106;1;10;31.1
1641;840;41;1;0;22.53
1642;840;53;2;20;113.55
1643;841;88;2;0;91.26
1644;842;52;1;10;23.29
1645;843;11;2;0;213.42
1646;843;85;1;0;41.5
1647;844;43;1;0;110.19
1648;845;84;2;0;51.34
1649;846;77;1;0;15.0
1650;846;6;1;0;65.87
1651;847;21;1;15;30.34
1652;848;108;1;20;43.96
1653;849;39;1;10;32.97
1654;849;113;1;5;60.19
1655;850;59;2;0;39.8
1656;850;104;1;0;15.0
1657;851;26;1;20;30.59
1658;852;79;1;5;115.29
1659;853;110;1;0;83.15
1660;853;80;1;10;37.85
1661;854;96;2;0;322.46
1662;854;5;1;0;38.13
1663;855;35;2;5;65.53
1664;856;73;1;0;15.0
1665;856;5;1;0;38.13
1666;857;68;1;5;152.84
1667;858;32;1;0;50.66
1668;859;29;1;15;12.75
1669;859;111;1;0;43.1
1670;859;25;1;0;33.59
1671;860;120;1;15;35.83
1672;860;62;1;20;28.73
1673;861;78;2;0;116.08
1674;862;4;3;0;98.4
1675;863;42;2;10;32.9
1676;864;16;1;0;37.34
1677;864;113;1;15;53.86
1678;865;107;1;5;73.64
1679;866;12;1;0;47.45
1680;867;80;2;10;75.71
1681;868;41;1;20;18.02
1682;869;99;2;0;54.3
1683;870;90;1;5;46.21
1684;870;76;1;0;36.72
1685;870;68;1;0;160.88
1686;870;61;2;0;122.46
1687;870;72;2;0;269.12
1688;871;100;3;10;245.4
1689;871;55;1;0;15.0
1690;871;54;2;0;60.76
1691;871;8;1;10;13.5
1692;872;86;1;5;14.25
1693;872;36;1;0;48.55
1694;872;70;2;10;401.26
1695;873;117;1;20;55.98
1696;873;16;1;15;31.74
1697;873;11;1;0;106.71
1698;873;104;1;0;15.0
1699;874;17;2;10;54.04
1700;874;83;2;10;344.9
1701;874;113;1;0;63.36
1702;874;106;1;0;34.56
1703;875;37;1;0;24.99
1704;875;39;1;0;36.63
1705;876;120;1;15;35.83
1706;876;29;2;5;28.5
1707;877;66;3;5;167.1
1708;878;104;1;0;15.0
1709;878;105;2;5;120.73
1710;879;83;1;0;191.61
1711;879;1;1;0;21.32
1712;879;81;1;0;18.14
1713;880;69;1;0;21.21
1714;881;45;1;0;156.28
1715;882;20;2;15;98.72
1716;883;95;2;5;92.93
1717;883;59;1;0;19.9
1718;883;49;1;0;93.55
1719;884;28;1;5;33.94
1720;884;26;1;5;36.33
1721;885;23;1;20;45.72
1722;886;94;1;5;92.4
1723;886;55;1;0;15.0
1724;886;103;1;0;29.89
1725;886;42;1;5;17.37
1726;887;41;3;0;67.59
1727;887;72;1;5;127.83
1728;888;3;1;0;80.78
1729;889;58;1;10;126.73
1730;890;8;1;5;14.25
1731;891;91;2;0;52.42
1732;892;4;2;10;59.04
1733;893;71;1;0;22.26
1734;893;25;2;0;67.18
1735;893;23;2;5;108.58
1736;894;27;1;5;74.05
1737;895;51;1;10;137.95
1738;895;119;2;20;151.47
1739;896;50;1;10;43.88
1740;897;112;1;0;15.0
1741;898;100;1;5;86.35
1742;898;119;1;0;94.67
1743;899;8;2;15;25.5
1744;899;79;1;20;97.09
1745;900;19;1;0;62.12
1746;900;51;1;10;137.95
1747;900;7;2;20;56.03
1748;900;82;1;10;16.93
1749;900;20;1;0;58.07
1750;901;17;2;0;60.04
1751;902;119;2;15;160.94
1752;902;68;1;5;152.84
1753;903;27;1;5;74.05
1754;904;98;2;0;144.18
1755;905;18;1;0;44.38
1756;905;119;1;20;75.74
1757;906;25;1;20;26.87
1758;906;90;1;10;43.78
1759;906;109;1;5;14.25
1760;907;100;1;0;90.89
1761;908;25;1;0;33.59
1762;909;109;1;15;12.75
1763;910;55;1;0;15.0
1764;910;16;1;0;37.34
1765;910;47;1;0;16.67
1766;910;79;1;20;97.09
1767;911;37;1;15;21.24
1768;912;88;1;5;43.35
1769;912;81;2;0;36.28
1770;912;83;1;0;191.61
1771;913;58;2;0;281.62
1772;913;48;1;0;32.73
1773;913;55;1;20;12.0
1774;914;108;1;10;49.46
1775;915;16;2;0;74.68
1776;916;30;1;0;15.0
1777;917;2;1;10;17.12
1778;918;14;1;0;193.43
1779;918;44;1;0;84.44
1780;918;91;1;0;26.21
1781;919;47;1;0;16.67
1782;919;68;1;0;160.88
1783;919;36;1;0;48.55
1784;920;55;1;5;14.25
1785;921;86;2;10;27.0
1786;922;33;2;15;70.07
1787;923;107;1;0;77.52
1788;923;18;1;20;35.5
1789;924;4;1;0;32.8
1790;924;97;1;0;15.0
1791;925;31;1;15;57.49
1792;926;35;1;0;34.49
1793;926;74;3;0;143.25
1794;927;76;1;10;33.05
1795;928;29;1;0;15.0
1796;928;83;1;0;191.61
1797;929;49;3;0;280.65
1798;930;107;1;0;77.52
1799;931;75;2;20;62.22
1800;931;73;1;0;15.0
1801;932;85;1;0;41.5
1802;932;18;2;10;79.88
1803;932;4;1;0;32.8
1804;932;28;2;5;67.89
1805;932;60;1;5;90.2
1806;933;103;1;10;26.9
1807;933;11;1;5;101.37
1808;933;31;2;10;121.75
1809;933;48;1;0;32.73
1810;934;81;3;15;46.26
1811;934;76;1;10;33.05
1812;935;18;1;0;44.38
1813;936;57;3;0;109.59
1814;937;6;1;0;65.87
1815;938;77;1;10;13.5
1816;939;35;1;0;34.49
1817;939;102;2;0;47.08
1818;939;22;1;0;18.71
1819;940;35;1;0;34.49
1820;940;6;1;15;55.99
1821;941;116;1;0;98.05
1822;942;43;1;0;110.19
1823;942;93;3;5;42.75
1824;943;6;2;15;111.98
1825;944;93;3;0;45.0
1826;944;34;1;0;21.33
1827;945;19;1;15;52.8
1828;946;17;1;5;28.52
1829;946;1;2;0;42.64
1830;947;56;1;0;23.85
1831;948;80;2;0;84.12
1832;949;46;2;5;310.16
1833;949;85;2;20;66.4
1834;950;115;1;20;17.13
1835;950;1;1;0;21.32
1836;951;117;1;20;55.98
1837;951;22;2;0;37.42
1838;952;25;1;0;33.59
1839;953;62;3;0;107.73
1840;953;115;1;5;20.34
1841;953;117;1;5;66.48
1842;954;111;1;5;40.95
1843;954;52;1;0;25.88
1844;955;42;1;15;15.54
1845;956;104;1;20;12.0
1846;956;118;1;5;40.76
1847;957;12;1;0;47.45
1848;957;42;1;0;18.28
1849;957;44;1;5;80.22
1850;957;76;1;0;36.72
1851;958;114;1;0;51.73
1852;958;89;1;5;19.72
1853;958;6;1;5;62.58
1854;958;45;2;5;296.93
1855;959;17;1;0;30.02
1856;959;13;1;0;33.04
1857;960;104;1;20;12.0
1858;960;18;1;0;44.38
1859;961;111;1;0;43.1
1860;961;72;1;0;134.56
1861;961;79;1;10;109.22
1862;961;56;3;0;71.55
1863;962;74;2;20;76.4
1864;962;58;1;0;140.81
1865;962;101;1;0;21.1
1866;962;40;1;10;13.5
1867;963;24;1;0;219.58
1868;963;99;1;5;25.79
1869;963;54;1;0;30.38
1870;964;24;1;0;219.58
1871;965;61;1;10;55.11
1872;965;40;1;0;15.0
1873;966;117;3;0;209.94
1874;967;1;1;5;20.25
1875;967;98;3;0;216.27
1876;967;116;1;5;93.15
1877;967;69;1;0;21.21
1878;967;2;1;15;16.17
1879;968;92;1;0;146.56
1880;969;7;1;10;31.52
1881;969;27;1;0;77.95
1882;969;68;1;5;152.84
1883;969;33;1;10;37.1
1884;970;34;3;0;63.99
1885;971;113;1;10;57.02
1886;971;33;3;0;123.66
1887;972;60;1;0;94.95
1888;973;92;3;0;439.68
1889;974;11;2;0;213.42
1890;974;58;1;5;133.77
1891;974;57;1;5;34.7
1892;975;49;1;0;93.55
1893;975;88;1;5;43.35
1894;976;32;1;5;48.13
1895;976;106;1;0;34.56
1896;976;6;3;20;158.09
1897;977;30;2;15;25.5
1898;977;43;1;10;99.17
1899;978;51;1;0;153.28
1900;978;57;2;10;65.75
1901;979;47;1;0;16.67
1902;979;34;1;10;19.2
1903;980;91;2;0;52.42
1904;981;31;1;0;67.64
1905;981;83;1;0;191.61
1906;982;55;1;10;13.5
1907;982;76;2;10;66.1
1908;983;18;1;0;44.38
1909;983;108;1;0;54.95
1910;984;70;1;0;222.92
1911;984;96;1;5;153.17
1912;984;49;1;0;93.55
1913;984;91;1;0;26.21
1914;984;33;2;0;82.44
1915;985;105;1;15;54.01
1916;986;74;1;0;47.75
1917;987;114;1;0;51.73
1918;988;66;1;5;55.7
1919;988;108;2;0;109.9
1920;988;81;1;0;18.14
1921;988;77;1;0;15.0
1922;989;71;1;0;22.26
1923;990;36;2;10;87.39
1924;990;54;1;0;30.38
1925;990;101;1;10;18.99
1926;991;99;3;0;81.45
1927;992;43;3;5;314.04
1928;993;56;3;5;67.97
1929;994;48;1;0;32.73
1930;995;42;1;5;17.37
1931;996;79;1;10;109.22
1932;997;49;1;5;88.87
1933;997;69;1;0;21.21
1934;998;67;1;0;23.19
1935;998;115;1;5;20.34
1936;999;55;1;0;15.0
1937;999;24;1;0;219.58
1938;999;47;1;0;16.67
1939;1000;46;3;0;489.72
1940;1000;59;1;15;16.91
1941;1000;109;1;0;15.0
1942;1001;120;3;10;113.8
1943;1001;18;1;0;44.38
1944;1002;86;1;0;15.0
1945;1002;96;1;10;145.11
1946;1003;12;1;5;45.08
1947;1004;62;1;0;35.91
1948;1004;43;1;5;104.68
1949;1005;14;1;0;193.43
1950;1005;106;2;0;69.12
1951;1005;71;1;0;22.26
1952;1005;45;1;5;148.47
1953;1006;94;1;0;97.26
1954;1006;7;2;15;59.53
1955;1007;109;2;20;24.0
1956;1008;36;1;5;46.12
1957;1008;1;2;0;42.64
1958;1008;8;1;0;15.0
1959;1008;12;1;0;47.45
1960;1009;102;1;0;23.54
1961;1009;99;1;5;25.79
1962;1009;48;1;15;27.82
1963;1009;1;1;5;20.25
1964;1010;105;1;0;63.54
1965;1010;85;1;0;41.5
1966;1010;12;1;15;40.33
1967;1011;5;1;10;34.32
1968;1012;90;2;5;92.42
1969;1013;38;1;5;52.9
1970;1014;111;1;0;43.1
1971;1014;110;1;20;66.52
1972;1015;93;2;20;24.0
1973;1015;66;1;0;58.63
1974;1016;34;1;0;21.33
1975;1017;60;2;0;189.9
1976;1018;31;1;0;67.64
1977;1018;44;1;0;84.44
1978;1018;112;1;0;15.0
1979;1018;118;1;0;42.91
1980;1019;71;3;0;66.78
1981;1019;39;1;15;31.14
1982;1020;70;2;15;378.96
1983;1020;7;1;0;35.02
1984;1020;43;1;0;110.19
1985;1020;58;1;20;112.65
1986;1021;70;1;10;200.63
1987;1021;120;1;0;42.15
1988;1022;13;1;0;33.04
1989;1022;11;1;5;101.37
1990;1022;60;1;10;85.45
1991;1022;100;1;0;90.89
1992;1023;92;1;15;124.58
1993;1024;1;2;5;40.51
1994;1025;8;1;10;13.5
1995;1026;28;2;15;60.74
1996;1027;34;1;5;20.26
1997;1027;57;1;0;36.53
1998;1028;17;1;5;28.52
1999;1029;117;1;10;62.98
2000;1029;30;1;20;12.0
2001;1030;2;2;0;38.04
2002;1030;27;1;0;77.95
2003;1030;89;1;0;20.76
2004;1031;70;1;5;211.77
2005;1032;115;3;0;64.23
2006;1032;23;2;0;114.3
2007;1033;5;1;20;30.5
2008;1034;117;1;0;69.98
2009;1034;106;1;0;34.56
2010;1035;89;1;15;17.65
2011;1035;88;1;0;45.63
2012;1036;29;1;0;15.0
2013;1037;45;2;0;312.56
2014;1038;37;1;0;24.99
2015;1039;100;1;0;90.89
2016;1039;20;1;0;58.07
2017;1040;108;1;5;52.2
2018;1040;87;3;5;76.04
2019;1040;6;1;0;65.87
2020;1040;46;1;15;138.75
2021;1041;119;1;15;80.47
2022;1042;102;1;10;21.19
2023;1042;70;2;0;445.84
2024;1043;30;3;0;45.0
2025;1044;48;1;0;32.73
2026;1045;117;1;0;69.98
2027;1046;25;1;20;26.87
2028;1047;117;1;0;69.98
2029;1048;56;2;0;47.7
2030;1048;14;1;0;193.43
2031;1049;60;3;0;284.85
2032;1049;89;1;0;20.76
2033;1050;31;1;10;60.88
2034;1051;20;2;0;116.14
2035;1051;66;1;0;58.63
2036;1052;18;1;0;44.38
2037;1052;22;1;5;17.77
2038;1052;93;1;5;14.25
2039;1052;97;2;0;30.0
2040;1052;62;1;0;35.91
2041;1053;94;2;10;175.07
2042;1053;17;1;0;30.02
2043;1054;87;1;5;25.35
2044;1054;17;1;5;28.52
2045;1055;17;1;0;30.02
2046;1056;25;1;10;30.23
2047;1057;51;1;5;145.62
2048;1058;57;2;0;73.06
2049;1058;59;1;0;19.9
2050;1058;46;1;0;163.24
2051;1058;51;1;5;145.62
2052;1059;111;1;10;38.79
2053;1060;32;2;5;96.25
2054;1061;11;2;0;213.42
2055;1062;114;1;10;46.56
2056;1063;50;2;0;97.52
2057;1063;30;1;0;15.0
2058;1063;90;1;0;48.64
2059;1063;51;1;10;137.95
2060;1064;26;1;5;36.33
2061;1065;78;1;0;58.04
2062;1066;12;1;10;42.71
2063;1066;38;1;15;47.33
2064;1066;19;1;15;52.8
2065;1067;109;1;20;12.0
2066;1067;66;1;0;58.63
2067;1068;19;1;10;55.91
2068;1068;82;1;5;17.87
2069;1068;31;1;0;67.64
2070;1068;93;1;0;15.0
2071;1069;59;3;0;59.7
2072;1070;26;3;0;114.72
2073;1071;68;1;20;128.7
2074;1071;64;1;10;13.5
2075;1071;52;2;0;51.76
2076;1072;76;2;10;66.1
2077;1072;92;1;10;131.9
2078;1073;56;1;0;23.85
2079;1073;48;1;10;29.46
2080;1073;73;1;10;13.5
2081;1073;61;1;15;52.05
2082;1073;110;1;0;83.15
2083;1074;119;3;15;241.41
2084;1074;108;1;0;54.95
2085;1075;74;2;0;95.5
2086;1075;49;2;0;187.1
2087;1075;51;1;20;122.62
2088;1075;39;1;0;36.63
2089;1076;37;1;5;23.74
2090;1076;7;1;15;29.77
2091;1076;86;3;10;40.5
2092;1076;34;1;0;21.33
2093;1077;59;1;15;16.91
2094;1077;29;2;0;30.0
2095;1078;22;1;0;18.71
2096;1079;41;1;10;20.28
2097;1079;21;1;5;33.91
2098;1080;84;1;0;25.67
2099;1080;114;1;20;41.38
2100;1080;87;2;15;45.36
2101;1081;106;2;0;69.12
2102;1081;19;1;0;62.12
2103;1081;29;1;0;15.0
2104;1082;6;2;5;125.15
2105;1082;119;2;10;170.41
2106;1083;67;1;0;23.19
2107;1084;9;1;0;20.64
2108;1084;40;2;0;30.0
2109;1085;16;2;10;67.21
2110;1085;99;1;5;25.79
2111;1086;80;1;5;39.96
2112;1087;24;1;10;197.62
2113;1087;74;2;0;95.5
2114;1088;28;1;0;35.73
2115;1088;117;1;10;62.98
2116;1089;23;1;10;51.44
2117;1089;1;1;10;19.19
2118;1090;55;1;0;15.0
2119;1091;6;1;20;52.7
2120;1091;66;2;10;105.53
2121;1091;24;2;0;439.16
2122;1091;50;1;0;48.76
2123;1091;78;1;0;58.04
2124;1092;81;1;20;14.51
2125;1092;24;1;10;197.62
2126;1093;52;1;0;25.88
2127;1094;89;1;0;20.76
2128;1094;20;1;5;55.17
2129;1094;19;1;0;62.12
2130;1094;21;1;5;33.91
2131;1094;118;1;0;42.91
2132;1095;46;1;10;146.92
2133;1095;52;1;20;20.7
2134;1095;8;1;5;14.25
2135;1096;111;1;10;38.79
2136;1096;103;1;0;29.89
2137;1097;86;1;10;13.5
2138;1098;85;1;10;37.35
2139;1099;30;2;0;30.0
2140;1099;74;1;0;47.75
2141;1100;103;3;5;85.19
2142;1100;23;1;0;57.15
2143;1101;43;1;5;104.68
2144;1101;55;1;5;14.25
2145;1102;104;1;10;13.5
2146;1102;24;2;0;439.16
2147;1103;64;1;0;15.0
2148;1103;13;1;15;28.08
2149;1103;18;1;10;39.94
2150;1104;52;1;0;25.88
2151;1104;5;1;0;38.13
2152;1105;24;1;0;219.58
2153;1105;17;3;5;85.56
2154;1105;57;3;0;109.59
2155;1105;84;1;0;25.67
2156;1105;50;1;10;43.88
2157;1106;40;1;0;15.0
2158;1106;26;2;0;76.48
2159;1107;24;1;0;219.58
2160;1107;30;1;0;15.0
2161;1108;73;1;0;15.0
2162;1108;82;1;0;18.81
2163;1108;59;3;0;59.7
2164;1108;103;1;0;29.89
2165;1108;118;2;0;85.82
2166;1109;12;1;0;47.45
2167;1109;54;1;0;30.38
2168;1109;105;2;0;127.08
2169;1109;26;1;0;38.24
2170;1110;35;1;5;32.77
2171;1111;46;1;0;163.24
2172;1111;18;1;0;44.38
2173;1112;21;1;0;35.69
2174;1113;79;1;10;109.22
2175;1113;38;2;10;100.22
2176;1113;118;1;0;42.91
2177;1114;34;2;15;36.26
2178;1115;115;1;0;21.41
2179;1116;91;3;0;78.63
2180;1117;34;2;10;38.39
2181;1117;3;1;0;80.78
2182;1117;68;1;5;152.84
2183;1118;74;1;15;40.59
2184;1118;86;1;15;12.75
2185;1118;105;1;0;63.54
2186;1118;69;3;20;50.9
2187;1119;62;2;0;71.82
2188;1120;53;1;10;63.87
2189;1120;48;1;10;29.46
2190;1121;39;1;0;36.63
2191;1122;95;2;0;97.82
2192;1123;111;1;0;43.1
2193;1123;46;1;0;163.24
2194;1123;68;1;0;160.88
2195;1124;28;1;0;35.73
2196;1124;9;1;0;20.64
2197;1125;71;1;15;18.92
2198;1125;48;1;0;32.73
2199;1125;7;3;5;99.81
2200;1125;114;1;0;51.73
2201;1126;3;1;0;80.78
2202;1126;39;1;0;36.63
2203;1127;5;2;15;64.82
2204;1127;71;1;5;21.15
2205;1127;102;1;10;21.19
2206;1128;12;3;0;142.35
2207;1128;83;1;0;191.61
2208;1128;85;1;0;41.5
2209;1129;107;1;10;69.77
2210;1129;47;1;0;16.67
2211;1129;7;1;0;35.02
2212;1130;80;1;0;42.06
2213;1130;102;1;0;23.54
2214;1130;30;1;0;15.0
2215;1130;2;1;0;19.02
2216;1130;18;1;0;44.38
2217;1131;120;1;10;37.94
2218;1131;105;1;0;63.54
2219;1132;83;1;0;191.61
2220;1133;34;1;0;21.33
2221;1133;105;1;5;60.36
2222;1134;103;2;10;53.8
2223;1134;75;2;0;77.78
2224;1135;7;2;0;70.04
2225;1136;60;2;0;189.9
2226;1136;94;1;0;97.26
2227;1136;100;2;0;181.78
2228;1136;14;1;10;174.09
2229;1137;70;1;15;189.48
2230;1138;120;1;0;42.15
2231;1138;9;1;20;16.51
2232;1139;33;2;5;78.32
2233;1140;99;2;0;54.3
2234;1140;10;1;20;52.54
2235;1141;89;1;15;17.65
2236;1141;71;1;5;21.15
2237;1142;38;2;15;94.66
2238;1142;89;1;0;20.76
2239;1142;5;1;5;36.22
2240;1143;98;1;0;72.09
2241;1143;15;1;0;24.29
2242;1143;64;1;0;15.0
2243;1143;14;1;0;193.43
2244;1144;87;1;10;24.01
2245;1145;95;2;0;97.82
2246;1145;1;1;0;21.32
2247;1145;89;2;10;37.37
2248;1145;70;1;10;200.63
2249;1146;3;2;0;161.56
2250;1147;79;2;0;242.72
2251;1148;51;1;15;130.29
2252;1148;55;1;0;15.0
2253;1148;82;1;0;18.81
2254;1148;85;2;0;83.0
2255;1149;11;2;0;213.42
2256;1150;119;1;0;94.67
2257;1150;21;1;15;30.34
2258;1151;97;1;5;14.25
2259;1152;53;1;5;67.42
2260;1153;34;1;0;21.33
2261;1154;84;1;10;23.1
2262;1155;21;2;0;71.38
2263;1155;9;2;0;41.28
2264;1156;114;1;0;51.73
2265;1156;15;2;0;48.58
2266;1157;15;1;0;24.29
2267;1157;68;1;20;128.7
2268;1157;42;2;10;32.9
2269;1158;118;1;0;42.91
2270;1158;120;2;0;84.3
2271;1158;64;2;20;24.0
2272;1158;57;1;0;36.53
2273;1159;17;1;5;28.52
2274;1160;10;1;0;65.67
2275;1161;102;1;0;23.54
2276;1161;15;1;15;20.65
2277;1162;58;2;5;267.54
2278;1162;20;1;5;55.17
2279;1162;106;1;0;34.56
2280;1163;8;2;0;30.0
2281;1163;29;1;5;14.25
2282;1164;21;1;0;35.69
2283;1165;23;1;15;48.58
2284;1166;21;1;10;32.12
2285;1166;119;1;10;85.2
2286;1167;21;1;0;35.69
2287;1167;106;1;0;34.56
2288;1168;87;1;0;26.68
2289;1168;102;2;0;47.08
2290;1168;113;1;0;63.36
2291;1168;27;1;0;77.95
2292;1169;71;1;10;20.03
2293;1170;26;1;0;38.24
2294;1170;116;1;10;88.25
2295;1170;29;1;0;15.0
2296;1171;62;1;15;30.52
2297;1172;50;1;0;48.76
2298;1172;13;1;0;33.04
2299;1173;110;2;0;166.3
2300;1173;84;1;0;25.67
2301;1174;46;1;10;146.92
2302;1174;76;1;0;36.72
2303;1175;92;2;0;293.12
2304;1176;98;1;0;72.09
2305;1176;22;2;0;37.42
2306;1177;21;1;5;33.91
2307;1177;44;1;0;84.44
2308;1177;42;1;0;18.28
2309;1177;29;1;10;13.5
2310;1178;55;3;0;45.0
2311;1178;76;2;5;69.77
2312;1179;40;1;0;15.0
2313;1179;88;1;5;43.35
2314;1180;78;2;10;104.47
2315;1181;81;1;5;17.23
2316;1181;44;1;0;84.44
2317;1182;41;1;5;21.4
2318;1183;22;1;15;15.9
2319;1184;38;1;15;47.33
2320;1185;67;1;0;23.19
2321;1186;6;1;5;62.58
2322;1186;43;1;0;110.19
2323;1187;71;1;15;18.92
2324;1187;45;1;0;156.28
2325;1187;54;1;0;30.38
2326;1187;111;1;0;43.1
2327;1187;31;1;5;64.26
2328;1188;46;1;10;146.92
2329;1188;50;1;0;48.76
2330;1188;38;1;10;50.11
2331;1188;13;3;0;99.12
2332;1189;84;1;15;21.82
2333;1189;16;2;0;74.68
2334;1189;68;1;0;160.88
2335;1189;61;1;5;58.17
2336;1190;17;1;0;30.02
2337;1190;77;1;15;12.75
2338;1190;6;1;15;55.99
2339;1190;51;1;15;130.29
2340;1190;62;1;10;32.32
2341;1191;62;1;15;30.52
2342;1192;43;1;5;104.68
2343;1192;31;1;0;67.64
2344;1193;37;1;0;24.99
2345;1194;105;1;0;63.54
2346;1194;30;2;20;24.0
2347;1194;69;1;5;20.15
2348;1195;1;1;0;21.32
2349;1195;95;1;0;48.91
2350;1196;60;1;0;94.95
2351;1197;42;1;0;18.28
2352;1198;45;1;0;156.28
2353;1198;18;1;20;35.5
2354;1199;118;1;10;38.62
2355;1200;35;1;0;34.49
2356;1200;61;1;10;55.11
2357;1201;107;2;0;155.04
2358;1202;34;2;5;40.53
2359;1202;38;1;0;55.68
2360;1203;11;2;0;213.42
2361;1204;120;1;0;42.15
2362;1205;23;1;0;57.15
2363;1206;24;1;5;208.6
2364;1207;104;2;0;30.0
2365;1208;25;1;0;33.59
2366;1208;38;1;0;55.68
2367;1209;40;1;5;14.25
2368;1209;29;1;15;12.75
2369;1209;27;1;0;77.95
2370;1209;105;3;0;190.62
2371;1210;7;1;5;33.27
2372;1211;88;1;5;43.35
2373;1211;91;1;0;26.21
2374;1211;44;1;15;71.77
2375;1212;67;1;15;19.71
2376;1212;39;2;5;69.6
2377;1213;106;1;5;32.83
2378;1213;100;1;10;81.8
2379;1213;114;1;0;51.73
2380;1214;75;1;0;38.89
2381;1215;39;1;5;34.8
2382;1215;68;2;15;273.5
2383;1215;70;1;15;189.48
2384;1216;104;2;0;30.0
2385;1216;13;1;15;28.08
2386;1216;102;1;0;23.54
2387;1216;35;1;0;34.49
2388;1217;56;2;0;47.7
2389;1218;11;1;0;106.71
2390;1218;36;2;5;92.24
2391;1218;118;1;15;36.47
2392;1219;60;1;0;94.95
2393;1220;102;1;5;22.36
2394;1221;96;2;5;306.34
2395;1221;2;1;5;18.07
2396;1222;2;3;0;57.06
2397;1222;32;2;20;81.06
2398;1223;55;1;0;15.0
2399;1224;6;1;15;55.99
2400;1224;37;1;5;23.74
2401;1225;68;1;0;160.88
2402;1225;64;2;0;30.0
2403;1225;27;1;0;77.95
2404;1226;8;1;0;15.0
2405;1226;91;3;20;62.9
2406;1226;1;2;0;42.64
2407;1227;111;2;0;86.2
2408;1227;50;1;0;48.76
2409;1228;87;1;5;25.35
2410;1229;21;1;0;35.69
2411;1230;23;1;0;57.15
2412;1231;115;1;20;17.13
2413;1232;105;2;0;127.08
2414;1232;82;1;20;15.05
2415;1233;63;3;0;273.27
2416;1234;112;1;5;14.25
2417;1234;14;1;0;193.43
2418;1234;34;1;5;20.26
2419;1235;64;1;5;14.25
2420;1236;1;1;0;21.32
2421;1236;73;2;0;30.0
2422;1237;45;1;10;140.65
2423;1237;15;2;0;48.58
2424;1237;110;2;0;166.3
2425;1238;55;1;5;14.25
2426;1238;104;1;0;15.0
2427;1239;40;3;5;42.75
2428;1240;84;1;0;25.67
2429;1240;96;1;0;161.23
2430;1241;92;1;0;146.56
2431;1242;3;1;0;80.78
2432;1242;24;1;0;219.58
2433;1242;70;1;0;222.92
2434;1243;5;1;0;38.13
2435;1244;91;1;5;24.9
2436;1245;100;1;5;86.35
2437;1246;82;2;0;37.62
2438;1247;20;1;0;58.07
2439;1247;96;3;0;483.69
2440;1248;19;1;0;62.12
2441;1249;14;1;5;183.76
2442;1250;28;1;0;35.73
2443;1250;7;1;5;33.27
2444;1251;102;1;15;20.01
2445;1252;70;1;0;222.92
2446;1253;18;3;5;126.48
2447;1253;43;1;10;99.17
2448;1254;58;1;0;140.81
2449;1255;10;1;0;65.67
2450;1255;84;1;10;23.1
2451;1256;64;1;10;13.5
2452;1256;15;3;0;72.87
2453;1256;73;1;0;15.0
2454;1257;39;1;10;32.97
2455;1258;19;1;0;62.12
2456;1259;94;1;10;87.53
2457;1259;3;2;0;161.56
2458;1259;75;1;5;36.95
2459;1259;35;1;0;34.49
2460;1260;53;1;0;70.97
2461;1261;45;2;0;312.56
2462;1262;86;1;20;12.0
2463;1263;97;1;0;15.0
2464;1263;90;1;0;48.64
2465;1263;37;1;15;21.24
2466;1263;94;3;5;277.19
2467;1264;68;1;0;160.88
2468;1265;73;1;10;13.5
2469;1265;15;1;0;24.29
2470;1265;74;1;0;47.75
2471;1265;5;1;10;34.32
2472;1265;63;3;10;245.94
2473;1266;107;2;20;124.03
2474;1266;26;1;0;38.24
2475;1267;29;1;0;15.0
2476;1268;9;3;0;61.92
2477;1269;116;1;15;83.34
2478;1270;32;1;5;48.13
2479;1270;102;1;0;23.54
2480;1271;73;1;0;15.0
2481;1271;12;1;5;45.08
2482;1271;16;2;0;74.68
2483;1272;26;1;10;34.42
2484;1272;120;1;15;35.83
2485;1273;70;2;0;445.84
2486;1274;62;1;0;35.91
2487;1274;34;1;5;20.26
2488;1275;16;2;5;70.95
2489;1276;41;1;0;22.53
2490;1276;12;1;0;47.45
2491;1276;85;2;20;66.4
2492;1276;78;1;20;46.43
2493;1277;27;1;0;77.95
2494;1278;77;1;15;12.75
2495;1278;33;1;0;41.22
2496;1279;83;1;10;172.45
2497;1280;18;1;0;44.38
2498;1281;19;1;0;62.12
2499;1281;5;1;0;38.13
2500;1281;68;1;0;160.88
2501;1281;45;2;5;296.93
2502;1282;59;1;0;19.9
2503;1283;90;1;0;48.64
2504;1284;45;2;0;312.56
2505;1284;73;2;0;30.0
2506;1284;3;1;0;80.78
2507;1284;37;1;0;24.99
2508;1284;86;1;0;15.0
2509;1285;96;1;20;128.98
2510;1285;117;1;5;66.48
2511;1286;116;1;0;98.05
2512;1287;105;2;5;120.73
2513;1288;40;3;0;45.0
2514;1288;84;1;5;24.39
2515;1288;23;1;20;45.72
2516;1288;115;1;0;21.41
2517;1288;19;1;0;62.12
2518;1289;109;1;0;15.0
2519;1290;21;2;5;67.81
2520;1290;41;1;0;22.53
2521;1291;54;1;0;30.38
2522;1292;36;1;0;48.55
2523;1292;10;3;10;177.31
2524;1292;119;1;10;85.2
2525;1293;21;1;5;33.91
2526;1294;39;1;0;36.63
2527;1294;65;1;0;49.07
2528;1294;73;2;10;27.0
2529;1295;71;1;0;22.26
2530;1295;20;1;10;52.26
2531;1295;15;1;10;21.86
2532;1296;85;1;0;41.5
2533;1296;89;1;5;19.72
2534;1296;36;1;10;43.7
2535;1296;103;1;0;29.89
2536;1296;37;1;0;24.99
2537;1297;101;1;10;18.99
2538;1297;37;2;5;47.48
2539;1298;52;1;10;23.29
2540;1299;21;2;0;71.38
2541;1300;4;1;0;32.8
2542;1301;19;1;5;59.01
2543;1302;90;1;5;46.21
2544;1303;12;2;0;94.9
2545;1304;14;2;0;386.86
2546;1305;96;1;5;153.17
2547;1306;79;3;5;345.88
2548;1306;97;1;5;14.25
2549;1307;118;1;0;42.91
2550;1307;2;1;0;19.02
2551;1307;81;1;5;17.23
2552;1308;67;1;10;20.87
2553;1308;96;1;0;161.23
2554;1308;1;1;0;21.32
2555;1309;79;1;10;109.22
2556;1310;50;1;10;43.88
2557;1310;33;1;0;41.22
2558;1311;116;2;0;196.1
2559;1311;1;1;5;20.25
2560;1311;24;1;0;219.58
2561;1312;112;1;10;13.5
2562;1313;51;2;0;306.56
2563;1313;75;1;0;38.89
2564;1313;5;1;0;38.13
2565;1314;46;1;5;155.08
2566;1314;9;1;10;18.58
2567;1315;12;1;0;47.45
2568;1315;42;1;0;18.28
2569;1315;8;1;0;15.0
2570;1315;95;1;0;48.91
2571;1316;37;1;5;23.74
2572;1316;109;1;10;13.5
2573;1316;28;1;0;35.73
2574;1317;14;1;5;183.76
2575;1318;48;2;0;65.46
2576;1319;102;1;5;22.36
2577;1320;42;1;0;18.28
2578;1321;65;2;5;93.23
2579;1322;96;2;10;290.21
2580;1323;13;1;5;31.39
2581;1324;49;2;5;177.74
2582;1325;20;1;0;58.07
2583;1326;19;1;0;62.12
2584;1326;5;1;0;38.13
2585;1327;84;1;20;20.54
2586;1328;41;1;0;22.53
2587;1329;39;1;0;36.63
2588;1330;34;2;0;42.66
2589;1331;39;1;0;36.63
2590;1331;6;1;0;65.87
2591;1332;107;1;15;65.89
2592;1333;18;1;0;44.38
2593;1334;53;1;0;70.97
2594;1334;115;1;15;18.2
2595;1335;43;2;10;198.34
2596;1336;78;1;0;58.04
2597;1336;99;1;15;23.08
2598;1336;19;1;0;62.12
2599;1336;61;3;10;165.32
2600;1337;95;1;15;41.57
2601;1337;61;1;0;61.23
2602;1338;31;1;0;67.64
2603;1338;107;1;0;77.52
2604;1338;101;1;10;18.99
2605;1339;83;1;0;191.61
2606;1340;78;3;0;174.12
2607;1340;16;1;10;33.61
2608;1341;52;1;0;25.88
2609;1341;74;3;10;128.93
2610;1341;71;3;0;66.78
2611;1342;73;1;20;12.0
2612;1342;102;2;0;47.08
2613;1342;71;1;0;22.26
2614;1343;114;1;0;51.73
2615;1343;98;3;0;216.27
2616;1344;38;1;10;50.11
2617;1344;75;1;15;33.06
2618;1344;26;1;0;38.24
2619;1344;27;1;10;70.16
2620;1345;72;1;0;134.56
2621;1346;113;1;5;60.19
2622;1347;78;1;0;58.04
2623;1348;74;1;0;47.75
2624;1349;8;1;0;15.0
2625;1349;17;1;0;30.02
2626;1349;107;1;10;69.77
2627;1350;80;1;0;42.06
2628;1350;96;1;0;161.23
2629;1351;47;2;0;33.34
2630;1351;97;1;0;15.0
2631;1351;53;1;0;70.97
2632;1352;116;2;0;196.1
2633;1352;48;2;5;62.19
2634;1352;100;1;0;90.89
2635;1353;25;1;0;33.59
2636;1354;116;1;10;88.25
2637;1354;84;1;5;24.39
2638;1354;104;1;20;12.0
2639;1355;65;2;10;88.33
2640;1356;113;1;10;57.02
2641;1357;4;1;0;32.8
2642;1357;45;1;0;156.28
2643;1357;73;2;10;27.0
2644;1358;43;2;0;220.38
2645;1359;19;1;0;62.12
2646;1360;9;2;0;41.28
2647;1361;44;1;0;84.44
2648;1361;80;1;5;39.96
2649;1361;102;1;0;23.54
2650;1361;13;1;0;33.04
2651;1362;81;1;0;18.14
2652;1362;118;2;5;81.53
2653;1362;52;2;0;51.76
2654;1363;95;2;15;83.15
2655;1364;9;1;10;18.58
2656;1364;46;1;0;163.24
2657;1365;86;2;0;30.0
2658;1366;17;1;0;30.02
2659;1366;48;1;20;26.18
2660;1367;42;1;0;18.28
2661;1367;90;1;15;41.34
2662;1367;120;1;10;37.94
2663;1368;26;1;0;38.24
2664;1368;27;1;5;74.05
2665;1368;113;1;0;63.36
2666;1369;38;1;15;47.33
2667;1369;56;1;0;23.85
2668;1370;100;1;5;86.35
2669;1370;42;1;0;18.28
2670;1371;100;1;15;77.26
2671;1371;22;2;5;35.55
2672;1372;21;1;10;32.12
2673;1373;120;1;15;35.83
2674;1373;82;1;0;18.81
2675;1373;52;1;5;24.59
2676;1374;102;1;0;23.54
2677;1374;21;1;5;33.91
2678;1374;32;2;5;96.25
2679;1374;119;1;0;94.67
2680;1375;118;2;0;85.82
2681;1376;108;1;0;54.95
2682;1377;29;1;10;13.5
2683;1378;12;1;10;42.71
2684;1378;76;1;0;36.72
2685;1379;52;1;0;25.88
2686;1380;112;1;5;14.25
2687;1380;17;1;0;30.02
2688;1380;51;1;0;153.28
2689;1380;37;1;0;24.99
2690;1380;28;1;0;35.73
2691;1381;26;1;5;36.33
2692;1381;101;2;0;42.2
2693;1381;53;1;20;56.78
2694;1382;105;1;15;54.01
2695;1383;47;1;0;16.67
2696;1384;78;1;0;58.04
2697;1384;38;1;0;55.68
2698;1384;24;1;0;219.58
2699;1385;109;1;5;14.25
2700;1386;72;1;0;134.56
2701;1387;55;2;10;27.0
2702;1388;2;2;10;34.24
2703;1388;22;1;0;18.71
2704;1388;46;2;0;326.48
2705;1389;56;1;0;23.85
2706;1390;81;1;15;15.42
2707;1390;114;1;0;51.73
2708;1390;41;1;0;22.53
2709;1391;62;1;0;35.91
2710;1391;69;1;10;19.09
2711;1391;10;1;5;62.39
2712;1392;28;1;0;35.73
2713;1393;45;1;0;156.28
2714;1393;113;1;0;63.36
2715;1393;54;1;5;28.86
2716;1393;33;2;20;65.95
2717;1393;115;1;5;20.34
2718;1394;74;1;0;47.75
2719;1394;5;1;5;36.22
2720;1394;8;1;10;13.5
2721;1395;50;3;0;146.28
2722;1395;3;2;0;161.56
2723;1395;38;1;0;55.68
2724;1396;28;1;5;33.94
2725;1396;4;1;0;32.8
2726;1397;18;1;0;44.38
2727;1397;24;2;0;439.16
2728;1398;58;1;0;140.81
2729;1398;66;1;0;58.63
2730;1398;83;1;10;172.45
2731;1399;22;1;5;17.77
2732;1399;90;2;10;87.55
2733;1400;42;1;0;18.28
2734;1400;109;2;5;28.5
2735;1400;3;1;5;76.74
2736;1400;86;1;10;13.5
2737;1400;82;2;0;37.62
2738;1401;8;2;0;30.0
2739;1402;104;1;0;15.0
2740;1403;120;1;0;42.15
2741;1403;21;1;20;28.55
2742;1403;63;2;10;163.96
2743;1404;55;2;0;30.0
2744;1405;90;1;5;46.21
2745;1406;88;3;5;130.05
2746;1407;58;1;0;140.81
2747;1407;4;1;0;32.8
2748;1407;49;1;20;74.84
2749;1407;77;1;20;12.0
2750;1407;23;1;5;54.29
2751;1408;19;2;5;118.03
2752;1409;65;2;0;98.14
2753;1410;114;1;5;49.14
2754;1411;99;1;5;25.79
2755;1412;58;2;0;281.62
2756;1413;58;2;0;281.62
2757;1414;110;1;0;83.15
2758;1414;9;1;15;17.54
2759;1414;59;1;5;18.9
2760;1415;85;1;0;41.5
2761;1415;109;1;0;15.0
2762;1415;3;1;5;76.74
2763;1415;59;1;0;19.9
2764;1416;93;2;0;30.0
2765;1416;77;1;10;13.5
2766;1417;3;1;0;80.78
2767;1418;113;1;0;63.36
2768;1418;34;2;0;42.66
2769;1419;113;2;0;126.72
2770;1419;63;1;5;86.54
2771;1420;28;1;0;35.73
2772;1420;53;2;20;113.55
2773;1420;77;1;0;15.0
2774;1421;91;1;5;24.9
2775;1421;8;1;0;15.0
2776;1421;32;2;0;101.32
2777;1422;98;1;0;72.09
2778;1423;36;3;15;123.8
2779;1423;87;2;0;53.36
2780;1423;3;2;0;161.56
2781;1424;32;1;0;50.66
2782;1424;67;1;0;23.19
2783;1424;48;1;0;32.73
2784;1424;36;2;5;92.24
2785;1424;92;1;0;146.56
2786;1425;63;2;5;173.07
2787;1425;117;1;5;66.48
2788;1426;53;1;0;70.97
2789;1427;75;2;0;77.78
2790;1427;53;3;15;180.97
2791;1427;23;3;5;162.88
2792;1427;25;1;15;28.55
2793;1428;62;3;5;102.34
2794;1428;111;1;0;43.1
2795;1429;32;1;0;50.66
2796;1430;26;1;5;36.33
2797;1431;4;1;0;32.8
2798;1432;19;1;0;62.12
2799;1432;108;2;5;104.41
2800;1432;79;1;10;109.22
2801;1432;93;2;5;28.5
2802;1433;74;1;15;40.59
2803;1433;64;2;0;30.0
2804;1434;50;1;5;46.32
2805;1434;39;1;0;36.63
2806;1434;21;1;5;33.91
2807;1435;30;1;15;12.75
2808;1436;34;2;0;42.66
2809;1436;72;2;5;255.66
2810;1437;110;1;0;83.15
2811;1438;1;1;0;21.32
2812;1438;58;3;0;422.43
2813;1439;83;2;0;383.22
2814;1439;99;2;0;54.3
2815;1439;38;1;5;52.9
2816;1439;109;1;20;12.0
2817;1440;2;1;0;19.02
2818;1441;29;1;10;13.5
2819;1442;80;1;5;39.96
2820;1443;6;1;5;62.58
2821;1444;1;1;0;21.32
2822;1444;100;1;20;72.71
2823;1445;114;1;10;46.56
2824;1446;81;1;10;16.33
2825;1446;5;3;0;114.39
2826;1446;118;1;20;34.33
2827;1447;25;3;0;100.77
2828;1448;70;1;5;211.77
2829;1449;103;1;5;28.4
2830;1450;106;1;0;34.56
2831;1450;61;1;15;52.05
2832;1451;3;1;15;68.66
2833;1451;98;1;0;72.09
2834;1452;99;1;15;23.08
2835;1453;52;3;5;73.76
2836;1453;88;1;0;45.63
2837;1454;90;1;20;38.91
2838;1455;93;1;0;15.0
2839;1455;31;1;0;67.64
2840;1455;44;3;0;253.32
2841;1456;108;1;5;52.2
2842;1456;56;1;0;23.85
2843;1456;63;3;5;259.61
2844;1457;70;1;5;211.77
2845;1457;108;2;0;109.9
2846;1458;50;1;0;48.76
2847;1459;52;1;5;24.59
2848;1460;88;3;0;136.89
2849;1460;87;1;5;25.35
2850;1461;36;1;5;46.12
2851;1462;18;1;0;44.38
2852;1462;118;1;0;42.91
2853;1463;74;1;10;42.98
2854;1463;35;2;20;55.18
2855;1464;49;1;20;74.84
2856;1464;119;1;0;94.67
2857;1464;1;1;0;21.32
2858;1465;117;1;0;69.98
2859;1466;56;2;0;47.7
2860;1467;35;1;0;34.49
2861;1467;108;1;10;49.46
2862;1468;31;1;0;67.64
2863;1468;82;1;0;18.81
2864;1468;4;1;10;29.52
2865;1469;110;1;5;78.99
2866;1470;6;2;0;131.74
2867;1470;18;2;15;75.45
2868;1471;76;1;20;29.38
2869;1471;18;1;0;44.38
2870;1471;6;1;0;65.87
2871;1471;41;1;0;22.53
2872;1471;37;1;5;23.74
2873;1472;108;2;10;98.91
2874;1473;48;1;0;32.73
2875;1473;20;1;0;58.07
2876;1473;16;1;20;29.87
2877;1474;58;1;0;140.81
2878;1475;46;2;0;326.48
2879;1476;9;1;5;19.61
2880;1476;57;3;0;109.59
2881;1477;8;1;0;15.0
2882;1478;34;1;0;21.33
2883;1479;118;1;0;42.91
2884;1480;120;1;0;42.15
2885;1480;68;3;15;410.24
2886;1480;82;2;0;37.62
2887;1481;113;1;5;60.19
2888;1482;48;2;20;52.37
2889;1482;88;3;5;130.05
2890;1482;60;2;10;170.91
2891;1482;7;1;0;35.02
2892;1483;47;1;0;16.67
2893;1484;101;1;5;20.05
2894;1484;88;2;0;91.26
2895;1485;105;2;20;101.66
2896;1485;51;1;10;137.95
2897;1485;120;1;0;42.15
2898;1486;69;2;5;40.3
2899;1487;89;3;0;62.28
2900;1488;18;1;0;44.38
2901;1489;103;1;10;26.9
2902;1489;87;2;0;53.36
2903;1490;57;1;5;34.7
2904;1490;42;1;20;14.62
2905;1490;56;1;0;23.85
2906;1490;73;2;10;27.0
2907;1491;81;1;0;18.14
2908;1491;93;1;0;15.0
2909;1491;100;1;0;90.89
2910;1492;119;1;0;94.67
2911;1493;49;2;0;187.1
2912;1494;11;2;5;202.75
2913;1494;94;2;0;194.52
2914;1495;61;1;0;61.23
2915;1495;101;1;0;21.1
2916;1495;98;1;0;72.09
2917;1496;25;1;20;26.87
2918;1496;104;1;10;13.5
2919;1497;58;1;5;133.77
2920;1498;90;1;10;43.78
2921;1498;99;1;10;24.43
2922;1498;74;1;0;47.75
2923;1498;87;1;5;25.35
2924;1498;63;1;5;86.54
2925;1499;90;2;0;97.28
2926;1500;76;1;0;36.72
2927;1500;33;1;0;41.22
2928;1500;115;1;15;18.2
2929;1501;37;1;0;24.99
2930;1502;95;3;15;124.72
2931;1502;90;1;0;48.64
2932;1503;23;2;5;108.58
2933;1503;106;1;5;32.83
2934;1504;68;3;0;482.64
2935;1504;19;1;0;62.12
2936;1504;117;1;0;69.98
2937;1505;10;3;0;197.01
2938;1506;74;1;10;42.98
2939;1506;77;1;0;15.0
2940;1507;100;2;0;181.78
2941;1508;57;1;0;36.53
2942;1508;20;2;0;116.14
2943;1508;26;2;0;76.48
2944;1509;41;1;5;21.4
2945;1510;52;1;10;23.29
2946;1510;42;2;0;36.56
2947;1511;7;1;0;35.02
2948;1512;8;1;0;15.0
2949;1513;39;1;10;32.97
2950;1514;107;1;0;77.52
2951;1514;26;1;0;38.24
2952;1514;68;1;0;160.88
2953;1515;53;1;10;63.87
2954;1515;25;1;15;28.55
2955;1515;6;1;0;65.87
2956;1515;113;1;10;57.02
2957;1516;78;2;0;116.08
2958;1517;82;1;5;17.87
2959;1517;9;2;15;35.09
2960;1517;106;2;15;58.75
2961;1518;27;1;5;74.05
2962;1519;97;2;10;27.0
2963;1520;82;1;0;18.81
2964;1521;71;1;20;17.81
2965;1521;6;1;5;62.58
2966;1522;30;3;0;45.0
2967;1523;3;2;0;161.56
2968;1523;60;1;5;90.2
2969;1523;25;1;0;33.59
2970;1524;15;1;0;24.29
2971;1524;85;1;15;35.27
2972;1524;40;1;0;15.0
2973;1524;9;1;0;20.64
2974;1525;90;3;0;145.92
2975;1525;66;1;0;58.63
2976;1525;104;2;0;30.0
2977;1526;92;2;0;293.12
2978;1526;80;1;0;42.06
2979;1527;1;1;0;21.32
2980;1528;12;3;0;142.35
2981;1529;19;2;10;111.82
2982;1530;3;1;0;80.78
2983;1530;120;1;5;40.04
2984;1531;4;1;5;31.16
2985;1531;20;1;0;58.07
2986;1531;114;2;10;93.11
2987;1531;22;1;10;16.84
2988;1532;71;2;20;35.62
2989;1532;36;1;5;46.12
2990;1533;68;1;10;144.79
2991;1534;27;1;0;77.95
2992;1534;60;1;0;94.95
2993;1535;92;1;0;146.56
2994;1535;81;1;0;18.14
2995;1536;3;1;0;80.78
2996;1536;88;1;5;43.35
2997;1536;62;1;15;30.52
2998;1537;71;1;0;22.26
2999;1537;113;1;10;57.02
3000;1537;104;1;0;15.0
3001;1538;84;1;0;25.67
3002;1538;106;1;10;31.1
3003;1538;63;1;15;77.43
3004;1539;72;1;5;127.83
3005;1540;109;1;5;14.25
3006;1540;56;1;0;23.85
3007;1541;53;1;5;67.42
3008;1541;111;1;20;34.48
3009;1542;95;1;0;48.91
3010;1543;88;2;0;91.26
3011;1543;109;2;0;30.0
3012;1544;29;1;0;15.0
3013;1544;67;1;0;23.19
3014;1544;36;1;0;48.55
3015;1545;84;2;15;43.64
3016;1545;118;3;10;115.86
3017;1545;90;2;0;97.28
3018;1545;14;1;0;193.43
3019;1546;96;1;0;161.23
3020;1546;5;2;5;72.45
3021;1547;81;1;0;18.14
3022;1547;35;1;0;34.49
3023;1547;46;2;0;326.48
3024;1548;39;1;0;36.63
3025;1548;105;1;0;63.54
3026;1548;3;1;0;80.78
3027;1549;91;2;5;49.8
3028;1550;72;1;5;127.83
3029;1550;100;1;10;81.8
3030;1551;106;1;0;34.56
3031;1551;30;1;20;12.0
3032;1552;75;2;0;77.78
3033;1552;56;1;0;23.85
3034;1553;94;1;5;92.4
3035;1554;35;3;15;87.95
3036;1554;95;1;0;48.91
3037;1555;86;1;5;14.25
3038;1556;39;1;0;36.63
3039;1556;108;2;5;104.41
3040;1556;36;1;5;46.12
3041;1557;104;1;0;15.0
3042;1558;120;1;0;42.15
3043;1559;93;1;0;15.0
3044;1560;59;1;5;18.9
3045;1561;41;1;15;19.15
3046;1562;88;1;0;45.63
3047;1563;57;3;5;104.11
3048;1564;111;1;0;43.1
3049;1565;4;1;0;32.8
3050;1566;47;1;0;16.67
3051;1567;63;2;0;182.18
3052;1568;49;1;5;88.87
3053;1568;115;1;0;21.41
3054;1568;79;1;0;121.36
3055;1568;82;2;10;33.86
3056;1569;118;3;5;122.29
3057;1569;105;1;0;63.54
3058;1569;71;1;0;22.26
3059;1569;42;3;20;43.87
3060;1569;1;2;15;36.24
3061;1570;69;1;0;21.21
3062;1570;30;2;20;24.0
3063;1571;48;1;5;31.09
3064;1571;88;1;0;45.63
3065;1572;76;1;0;36.72
3066;1572;106;2;0;69.12
3067;1573;55;1;0;15.0
3068;1573;13;1;0;33.04
3069;1574;11;1;0;106.71
3070;1574;40;1;0;15.0
3071;1574;27;1;5;74.05
3072;1574;75;3;0;116.67
3073;1574;42;2;0;36.56
3074;1575;55;1;10;13.5
3075;1575;39;2;0;73.26
3076;1576;26;2;5;72.66
3077;1576;32;1;0;50.66
3078;1577;7;1;0;35.02
3079;1578;87;2;0;53.36
3080;1578;42;1;0;18.28
3081;1579;41;1;0;22.53
3082;1580;115;1;10;19.27
3083;1581;41;1;20;18.02
3084;1582;4;1;5;31.16
3085;1583;69;1;0;21.21
3086;1584;15;1;0;24.29
3087;1584;102;1;0;23.54
3088;1585;65;1;10;44.16
3089;1586;66;1;0;58.63
3090;1587;56;2;5;45.31
3091;1588;47;1;10;15.0
3092;1588;23;1;10;51.44
3093;1589;48;2;0;65.46
3094;1589;105;2;0;127.08
3095;1589;43;1;10;99.17
3096;1589;73;2;0;30.0
3097;1590;48;1;10;29.46
3098;1590;29;1;0;15.0
3099;1591;86;1;5;14.25
3100;1591;30;1;5;14.25
3101;1592;96;1;15;137.05
3102;1592;32;2;0;101.32
3103;1592;20;2;0;116.14
3104;1592;38;1;0;55.68
3105;1593;26;1;0;38.24
3106;1594;43;1;0;110.19
3107;1595;19;1;5;59.01
3108;1595;38;1;10;50.11
3109;1595;73;2;10;27.0
3110;1596;11;2;5;202.75
3111;1596;13;1;0;33.04
3112;1596;51;1;0;153.28
3113;1596;115;1;0;21.41
3114;1597;13;1;5;31.39
3115;1598;50;1;0;48.76
3116;1598;94;1;0;97.26
3117;1598;36;2;5;92.24
3118;1598;74;1;10;42.98
3119;1599;107;1;5;73.64
3120;1599;82;1;0;18.81
3121;1599;22;2;0;37.42
3122;1600;81;1;0;18.14
3123;1600;116;1;0;98.05
3124;1600;39;1;20;29.3
3125;1601;73;1;0;15.0
3126;1601;59;3;0;59.7
3127;1602;5;3;0;114.39
3128;1602;14;1;10;174.09
3129;1603;94;1;10;87.53
3130;1603;75;1;0;38.89
3131;1604;85;3;0;124.5
3132;1604;103;2;0;59.78
3133;1604;27;2;0;155.9
3134;1605;64;1;20;12.0
3135;1605;77;2;0;30.0
3136;1605;28;1;20;28.58
3137;1606;7;1;15;29.77
3138;1606;109;2;0;30.0
3139;1606;40;1;10;13.5
3140;1607;5;3;15;97.23
3141;1607;96;1;0;161.23
3142;1608;39;1;0;36.63
3143;1608;71;1;0;22.26
3144;1608;34;1;0;21.33
3145;1608;114;3;0;155.19
3146;1609;11;1;0;106.71
3147;1610;101;1;0;21.1
3148;1610;91;2;0;52.42
3149;1610;13;1;15;28.08
3150;1611;84;1;0;25.67
3151;1611;12;2;0;94.9
3152;1612;99;1;20;21.72
3153;1612;119;1;0;94.67
3154;1613;71;2;0;44.52
3155;1614;49;2;20;149.68
3156;1614;16;1;5;35.47
3157;1615;118;1;0;42.91
3158;1616;53;1;10;63.87
3159;1617;115;1;0;21.41
3160;1617;10;1;10;59.1
3161;1617;1;3;0;63.96
3162;1618;46;1;5;155.08
3163;1618;55;3;0;45.0
3164;1618;50;1;0;48.76
3165;1618;78;1;5;55.14
3166;1619;27;1;0;77.95
3167;1619;47;3;0;50.01
3168;1619;100;1;0;90.89
3169;1619;65;1;0;49.07
3170;1620;61;1;0;61.23
3171;1620;3;3;15;205.99
3172;1620;85;1;0;41.5
3173;1621;24;1;10;197.62
3174;1622;105;1;5;60.36
3175;1622;53;1;20;56.78
3176;1623;53;1;0;70.97
3177;1624;19;1;0;62.12
3178;1625;20;1;0;58.07
3179;1626;93;2;0;30.0
3180;1627;15;3;0;72.87
3181;1628;119;1;5;89.94
3182;1628;19;2;0;124.24
3183;1628;22;2;0;37.42
3184;1628;99;1;15;23.08
3185;1629;68;1;0;160.88
3186;1629;31;2;0;135.28
3187;1629;4;1;5;31.16
3188;1630;43;2;0;220.38
3189;1631;53;1;5;67.42
3190;1631;103;1;5;28.4
3191;1632;3;1;0;80.78
3192;1632;50;3;5;138.97
3193;1633;99;1;0;27.15
3194;1633;15;2;5;46.15
3195;1634;93;1;5;14.25
3196;1635;101;1;10;18.99
3197;1635;48;1;0;32.73
3198;1635;76;1;5;34.88
3199;1635;74;2;5;90.72
3200;1636;67;1;0;23.19
3201;1636;78;1;0;58.04
3202;1636;103;1;0;29.89
3203;1636;70;1;0;222.92
3204;1637;12;2;0;94.9
3205;1638;29;1;0;15.0
3206;1639;51;1;0;153.28
3207;1639;38;2;10;100.22
3208;1640;19;2;0;124.24
3209;1641;17;1;0;30.02
3210;1641;40;1;15;12.75
3211;1642;75;2;0;77.78
3212;1643;48;1;0;32.73
3213;1644;77;1;0;15.0
3214;1645;68;1;0;160.88
3215;1645;50;2;5;92.64
3216;1645;29;1;15;12.75
3217;1646;21;1;0;35.69
3218;1646;77;1;0;15.0
3219;1647;23;2;0;114.3
3220;1648;97;1;0;15.0
3221;1648;5;1;0;38.13
3222;1648;28;1;15;30.37
3223;1649;7;1;5;33.27
3224;1649;14;1;5;183.76
3225;1650;3;1;5;76.74
3226;1651;92;1;0;146.56
3227;1652;1;1;20;17.06
3228;1652;94;2;0;194.52
3229;1653;30;1;0;15.0
3230;1654;43;1;0;110.19
3231;1655;38;3;0;167.04
3232;1656;64;3;5;42.75
3233;1656;55;1;0;15.0
3234;1657;101;1;5;20.05
3235;1658;10;2;5;124.77
3236;1659;71;2;0;44.52
3237;1659;88;1;0;45.63
3238;1660;16;1;0;37.34
3239;1660;70;2;0;445.84
3240;1661;64;1;0;15.0
3241;1662;32;2;0;101.32
3242;1662;59;2;5;37.81
3243;1662;107;1;15;65.89
3244;1662;44;1;0;84.44
3245;1663;49;1;20;74.84
3246;1663;79;2;0;242.72
3247;1664;53;1;15;60.32
3248;1664;44;1;0;84.44
3249;1665;4;1;0;32.8
3250;1665;105;1;0;63.54
3251;1666;48;1;0;32.73
3252;1666;9;1;15;17.54
3253;1666;104;1;10;13.5
3254;1667;79;1;0;121.36
3255;1667;61;1;0;61.23
3256;1667;53;1;10;63.87
3257;1668;81;1;0;18.14
3258;1669;119;1;0;94.67
3259;1670;113;1;5;60.19
3260;1670;54;1;0;30.38
3261;1670;92;1;0;146.56
3262;1671;17;1;0;30.02
3263;1672;26;1;0;38.24
3264;1673;1;2;20;34.11
3265;1673;37;1;0;24.99
3266;1674;7;1;0;35.02
3267;1674;59;1;0;19.9
3268;1675;19;1;15;52.8
3269;1675;100;1;15;77.26
3270;1675;32;1;0;50.66
3271;1675;25;1;15;28.55
3272;1675;57;1;10;32.88
3273;1676;109;2;10;27.0
3274;1676;111;1;0;43.1
3275;1677;108;1;15;46.71
3276;1678;33;2;10;74.2
3277;1679;3;1;15;68.66
3278;1679;102;1;5;22.36
3279;1680;43;1;0;110.19
3280;1681;48;2;0;65.46
3281;1682;48;2;0;65.46
3282;1683;112;1;0;15.0
3283;1683;1;1;10;19.19
3284;1683;10;1;5;62.39
3285;1683;14;1;0;193.43
3286;1683;116;2;0;196.1
3287;1684;37;1;0;24.99
3288;1684;33;1;0;41.22
3289;1684;82;1;15;15.99
3290;1685;84;1;5;24.39
3291;1685;14;1;0;193.43
3292;1686;119;1;15;80.47
3293;1687;34;1;15;18.13
3294;1687;5;1;15;32.41
3295;1688;72;1;0;134.56
3296;1688;83;1;0;191.61
3297;1689;15;2;0;48.58
3298;1689;11;1;5;101.37
3299;1689;73;1;5;14.25
3300;1689;74;1;0;47.75
3301;1689;61;2;5;116.34
3302;1690;33;1;0;41.22
3303;1691;32;3;20;121.58
3304;1691;47;1;5;15.84
3305;1692;13;2;5;62.78
3306;1692;60;1;0;94.95
3307;1693;63;1;0;91.09
3308;1694;21;2;0;71.38
3309;1695;33;1;0;41.22
3310;1695;41;1;0;22.53
3311;1696;31;1;0;67.64
3312;1697;114;2;5;98.29
3313;1697;93;2;0;30.0
3314;1698;118;3;0;128.73
3315;1698;96;2;0;322.46
3316;1699;50;1;5;46.32
3317;1699;26;1;15;32.5
3318;1700;25;1;0;33.59
3319;1701;109;1;0;15.0
3320;1701;106;1;10;31.1
3321;1702;75;1;0;38.89
3322;1702;81;1;0;18.14
3323;1703;79;1;0;121.36
3324;1704;92;1;0;146.56
3325;1705;92;1;10;131.9
3326;1706;98;1;5;68.49
3327;1706;34;1;0;21.33
3328;1707;43;1;0;110.19
3329;1707;64;2;0;30.0
3330;1707;101;1;0;21.1
3331;1708;65;1;0;49.07
3332;1709;77;2;0;30.0
3333;1709;59;1;0;19.9
3334;1709;111;1;0;43.1
3335;1709;72;2;5;255.66
3336;1710;50;1;15;41.45
3337;1710;32;3;0;151.98
3338;1710;115;1;10;19.27
3339;1711;64;1;0;15.0
3340;1711;89;2;0;41.52
3341;1711;18;1;0;44.38
3342;1711;105;2;5;120.73
3343;1711;85;1;5;39.42
3344;1712;95;1;0;48.91
3345;1712;87;1;0;26.68
3346;1713;72;1;0;134.56
3347;1713;99;1;15;23.08
3348;1714;93;3;0;45.0
3349;1714;26;1;5;36.33
3350;1715;2;1;0;19.02
3351;1716;9;1;0;20.64
3352;1716;71;1;15;18.92
3353;1717;30;1;0;15.0
3354;1717;43;1;15;93.66
3355;1718;7;1;5;33.27
3356;1718;119;1;0;94.67
3357;1718;34;2;0;42.66
3358;1719;18;1;0;44.38
3359;1720;33;1;0;41.22
3360;1720;99;1;5;25.79
3361;1721;28;2;0;71.46
3362;1721;87;2;0;53.36
3363;1722;13;1;5;31.39
3364;1722;72;1;0;134.56
3365;1722;75;1;10;35.0
3366;1722;16;1;10;33.61
3367;1722;96;1;10;145.11
3368;1723;112;1;0;15.0
3369;1723;115;2;0;42.82
3370;1724;4;1;0;32.8
3371;1724;12;2;5;90.16
3372;1725;56;1;10;21.47
3373;1726;11;3;0;320.13
3374;1726;51;1;15;130.29
3375;1727;75;1;0;38.89
3376;1728;20;1;5;55.17
3377;1728;56;1;0;23.85
3378;1729;4;1;5;31.16
3379;1729;41;3;0;67.59
3380;1729;119;1;15;80.47
3381;1730;106;1;15;29.38
3382;1730;18;1;0;44.38
3383;1731;40;1;0;15.0
3384;1732;34;1;5;20.26
3385;1732;35;1;0;34.49
3386;1733;30;1;10;13.5
3387;1734;82;1;5;17.87
3388;1735;3;1;5;76.74
3389;1735;52;1;0;25.88
3390;1736;72;1;0;134.56
3391;1737;34;2;15;36.26
3392;1738;47;1;10;15.0
3393;1738;31;1;20;54.11
3394;1739;83;2;0;383.22
3395;1740;64;1;0;15.0
3396;1740;33;1;0;41.22
3397;1740;7;1;0;35.02
3398;1741;55;2;20;24.0
3399;1742;96;2;0;322.46
3400;1743;46;1;10;146.92
3401;1743;84;2;0;51.34
3402;1743;71;3;10;60.1
3403;1743;55;1;0;15.0
3404;1744;1;1;5;20.25
3405;1744;119;1;10;85.2
3406;1745;39;2;5;69.6
3407;1745;32;3;5;144.38
3408;1746;41;1;5;21.4
3409;1746;103;1;0;29.89
3410;1746;8;1;0;15.0
3411;1747;98;1;0;72.09
3412;1747;78;1;5;55.14
3413;1747;26;2;10;68.83
3414;1747;73;1;0;15.0
3415;1748;72;2;0;269.12
3416;1749;17;1;5;28.52
3417;1750;40;1;15;12.75
3418;1750;27;1;0;77.95
3419;1751;97;2;10;27.0
3420;1751;63;1;10;81.98
3421;1751;80;1;0;42.06
3422;1752;22;1;0;18.71
3423;1752;52;1;10;23.29
3424;1752;46;1;0;163.24
3425;1752;24;1;0;219.58
3426;1752;114;1;0;51.73
3427;1753;44;3;0;253.32
3428;1754;75;1;0;38.89
3429;1754;30;1;15;12.75
3430;1755;90;2;0;97.28
3431;1755;5;1;0;38.13
3432;1756;108;1;0;54.95
3433;1757;112;1;0;15.0
3434;1757;96;2;0;322.46
3435;1758;84;1;15;21.82
3436;1758;57;1;0;36.53
3437;1758;51;1;0;153.28
3438;1758;21;1;10;32.12
3439;1758;2;2;5;36.14
3440;1759;5;1;5;36.22
3441;1760;91;1;10;23.59
3442;1760;93;3;20;36.0
3443;1760;54;1;10;27.34
3444;1760;57;2;0;73.06
3445;1761;85;1;0;41.5
3446;1761;38;2;0;111.36
3447;1761;84;1;10;23.1
3448;1761;20;1;0;58.07
3449;1762;48;1;0;32.73
3450;1763;96;1;0;161.23
3451;1763;37;1;10;22.49
3452;1764;118;2;15;72.95
3453;1765;87;1;0;26.68
3454;1765;83;1;5;182.03
3455;1766;44;2;0;168.88
3456;1766;104;1;0;15.0
3457;1766;9;1;5;19.61
3458;1767;20;1;0;58.07
3459;1767;21;1;0;35.69
3460;1767;13;1;0;33.04
3461;1768;66;1;0;58.63
3462;1769;94;1;0;97.26
3463;1769;11;1;0;106.71
3464;1770;104;1;5;14.25
3465;1771;45;2;0;312.56
3466;1772;100;1;0;90.89
3467;1773;45;1;0;156.28
3468;1773;39;1;0;36.63
3469;1774;71;1;0;22.26
3470;1775;13;1;0;33.04
3471;1776;31;1;10;60.88
3472;1777;67;1;5;22.03
3473;1777;16;1;10;33.61
3474;1778;90;3;5;138.62
3475;1778;62;1;0;35.91
3476;1779;6;1;0;65.87
3477;1779;3;1;0;80.78
3478;1780;35;1;15;29.32
3479;1781;24;1;0;219.58
3480;1782;34;2;0;42.66
3481;1783;45;1;0;156.28
3482;1783;44;1;0;84.44
3483;1784;97;1;0;15.0
3484;1785;95;1;10;44.02
3485;1786;64;1;0;15.0
3486;1787;22;1;5;17.77
3487;1787;94;3;5;277.19
3488;1787;18;3;0;133.14
3489;1787;28;2;15;60.74
3490;1787;88;1;0;45.63
3491;1788;59;1;0;19.9
3492;1789;30;1;0;15.0
3493;1790;4;2;0;65.6
3494;1791;3;1;5;76.74
3495;1791;28;3;0;107.19
3496;1792;52;1;10;23.29
3497;1792;94;2;5;184.79
3498;1793;15;1;0;24.29
3499;1793;85;1;0;41.5
3500;1793;83;1;15;162.87
3501;1793;22;1;5;17.77
3502;1794;66;1;0;58.63
3503;1795;99;1;10;24.43
3504;1795;52;1;5;24.59
3505;1796;37;1;5;23.74
3506;1796;75;1;0;38.89
3507;1797;53;1;0;70.97
3508;1797;102;1;0;23.54
3509;1798;56;2;10;42.93
3510;1798;10;2;0;131.34
3511;1798;64;2;0;30.0
3512;1798;28;1;10;32.16
3513;1798;81;1;0;18.14
3514;1799;54;1;0;30.38
3515;1799;14;1;5;183.76
3516;1799;77;1;5;14.25
3517;1800;114;1;0;51.73
3518;1800;75;3;5;110.84
3519;1801;64;1;10;13.5
3520;1802;54;1;10;27.34
3521;1802;118;1;5;40.76
3522;1803;89;1;0;20.76
3523;1804;100;1;0;90.89
3524;1805;107;1;10;69.77
3525;1805;16;3;0;112.02
3526;1806;14;1;5;183.76
3527;1806;57;1;0;36.53
3528;1806;104;2;0;30.0
3529;1806;35;1;20;27.59
3530;1807;116;1;0;98.05
3531;1807;120;1;10;37.94
3532;1807;14;1;0;193.43
3533;1807;105;1;5;60.36
3534;1808;41;1;0;22.53
3535;1808;30;2;5;28.5
3536;1809;100;1;0;90.89
3537;1809;80;1;0;42.06
3538;1809;6;2;0;131.74
3539;1810;79;1;0;121.36
3540;1810;78;2;0;116.08
3541;1810;111;1;10;38.79
3542;1810;23;1;0;57.15
3543;1810;90;1;15;41.34
3544;1811;62;1;0;35.91
3545;1811;89;1;0;20.76
3546;1812;95;3;0;146.73
3547;1812;109;1;15;12.75
3548;1813;32;1;0;50.66
3549;1813;24;1;0;219.58
3550;1814;38;2;5;105.79
3551;1815;36;1;10;43.7
3552;1816;115;3;0;64.23
3553;1817;36;1;10;43.7
3554;1818;91;2;0;52.42
3555;1818;9;1;10;18.58
3556;1819;66;2;0;117.26
3557;1819;117;1;15;59.48
3558;1820;35;1;5;32.77
3559;1821;92;1;5;139.23
3560;1821;49;3;5;266.62
3561;1822;73;1;10;13.5
3562;1823;107;2;10;139.54
3563;1823;80;1;0;42.06
3564;1824;66;1;0;58.63
3565;1824;96;1;0;161.23
3566;1825;48;1;20;26.18
3567;1826;56;2;0;47.7
3568;1827;80;3;5;119.87
3569;1828;74;1;10;42.98
3570;1828;111;1;15;36.63
3571;1828;45;1;5;148.47
3572;1829;111;1;10;38.79
3573;1829;2;1;20;15.22
3574;1829;32;1;0;50.66
3575;1830;103;1;0;29.89
3576;1830;71;2;10;40.07
3577;1831;36;3;5;138.37
3578;1832;58;1;5;133.77
3579;1833;110;1;10;74.84
3580;1833;83;2;5;364.06
3581;1834;98;1;0;72.09
3582;1835;54;1;5;28.86
3583;1835;56;1;5;22.66
3584;1835;94;1;0;97.26
3585;1836;88;1;20;36.5
3586;1836;24;1;15;186.64
3587;1836;27;3;5;222.16
3588;1836;37;1;15;21.24
3589;1837;101;1;5;20.05
3590;1837;53;2;0;141.94
3591;1838;116;1;0;98.05
3592;1838;23;1;5;54.29
3593;1838;102;2;10;42.37
3594;1838;72;1;20;107.65
3595;1839;69;1;0;21.21
3596;1839;42;1;10;16.45
3597;1839;112;2;0;30.0
3598;1840;83;1;0;191.61
3599;1841;66;1;0;58.63
3600;1842;71;1;5;21.15
3601;1843;118;1;0;42.91
3602;1844;61;1;0;61.23
3603;1845;33;1;0;41.22
3604;1846;95;1;0;48.91
3605;1847;87;1;0;26.68
3606;1848;58;1;10;126.73
3607;1849;32;3;0;151.98
3608;1850;114;1;0;51.73
3609;1850;78;2;20;92.86
3610;1851;37;2;5;47.48
3611;1852;33;2;0;82.44
3612;1852;113;2;0;126.72
3613;1853;20;1;10;52.26
3614;1854;39;1;0;36.63
3615;1855;8;1;5;14.25
3616;1855;101;1;0;21.1
3617;1856;31;1;0;67.64
3618;1856;96;1;20;128.98
3619;1857;24;2;10;395.24
3620;1858;118;2;10;77.24
3621;1858;86;1;0;15.0
3622;1859;105;3;5;181.09
3623;1859;40;2;0;30.0
3624;1859;75;1;10;35.0
3625;1860;12;1;0;47.45
3626;1860;71;3;10;60.1
3627;1860;14;1;0;193.43
3628;1860;88;1;0;45.63
3629;1860;114;1;15;43.97
3630;1861;93;1;5;14.25
3631;1862;19;1;5;59.01
3632;1862;91;1;0;26.21
3633;1863;9;1;5;19.61
3634;1863;36;1;0;48.55
3635;1864;3;1;10;72.7
3636;1865;33;1;0;41.22
3637;1866;58;1;5;133.77
3638;1866;112;2;0;30.0
3639;1867;39;2;0;73.26
3640;1868;112;1;10;13.5
3641;1868;87;1;0;26.68
3642;1868;22;1;0;18.71
3643;1868;118;2;5;81.53
3644;1869;62;1;20;28.73
3645;1869;39;2;0;73.26
3646;1869;13;1;0;33.04
3647;1870;99;1;20;21.72
3648;1870;41;3;10;60.83
3649;1870;69;1;0;21.21
3650;1870;105;1;5;60.36
3651;1870;11;1;15;90.7
3652;1871;87;3;15;68.03
3653;1871;102;3;5;67.09
3654;1872;15;1;0;24.29
3655;1872;49;1;10;84.19
3656;1872;59;1;0;19.9
3657;1872;45;2;5;296.93
3658;1872;98;1;5;68.49
3659;1873;34;2;0;42.66
3660;1874;14;1;0;193.43
3661;1874;89;2;20;33.22
3662;1874;78;2;10;104.47
3663;1874;113;1;0;63.36
3664;1875;12;1;0;47.45
3665;1876;109;1;0;15.0
3666;1877;57;1;5;34.7
3667;1878;79;1;5;115.29
3668;1879;96;2;0;322.46
3669;1880;76;1;0;36.72
3670;1881;88;1;5;43.35
3671;1882;96;1;0;161.23
3672;1882;49;2;15;159.03
3673;1882;83;2;5;364.06
3674;1882;89;1;0;20.76
3675;1883;119;1;5;89.94
3676;1883;17;1;15;25.52
3677;1883;20;1;5;55.17
3678;1884;68;1;0;160.88
3679;1885;30;1;10;13.5
3680;1886;81;1;5;17.23
3681;1887;109;1;5;14.25
3682;1887;35;1;0;34.49
3683;1888;38;1;15;47.33
3684;1889;83;1;5;182.03
3685;1889;3;1;0;80.78
3686;1889;91;1;0;26.21
3687;1889;120;1;10;37.94
3688;1890;114;1;10;46.56
3689;1890;62;1;5;34.11
3690;1890;34;1;5;20.26
3691;1891;43;1;5;104.68
3692;1891;56;1;0;23.85
3693;1892;66;1;0;58.63
3694;1893;117;3;5;199.44
3695;1894;17;2;0;60.04
3696;1895;72;2;0;269.12
3697;1895;49;1;5;88.87
3698;1895;2;1;15;16.17
3699;1896;16;2;5;70.95
3700;1897;32;1;20;40.53
3701;1898;59;2;5;37.81
3702;1899;46;2;20;261.18
3703;1900;29;1;5;14.25
3704;1901;105;1;10;57.19
3705;1901;81;2;0;36.28
3706;1902;85;2;0;83.0
3707;1902;69;2;5;40.3
3708;1902;24;2;10;395.24
3709;1903;115;1;0;21.41
3710;1904;53;1;0;70.97
3711;1904;82;3;0;56.43
3712;1905;42;2;0;36.56
3713;1906;42;2;0;36.56
3714;1906;115;1;15;18.2
3715;1906;45;1;0;156.28
3716;1906;88;1;0;45.63
3717;1907;50;1;0;48.76
3718;1907;88;1;5;43.35
3719;1907;114;1;5;49.14
3720;1907;119;1;0;94.67
3721;1907;21;1;5;33.91
3722;1908;40;1;0;15.0
3723;1908;114;1;0;51.73
3724;1909;45;1;10;140.65
3725;1909;95;1;0;48.91
3726;1909;65;1;10;44.16
3727;1909;105;1;0;63.54
3728;1910;98;2;0;144.18
3729;1910;70;2;5;423.55
3730;1911;33;1;0;41.22
3731;1911;56;1;5;22.66
3732;1912;39;1;0;36.63
3733;1913;68;1;15;136.75
3734;1913;52;1;0;25.88
3735;1913;96;2;0;322.46
3736;1914;35;1;20;27.59
3737;1914;120;1;0;42.15
3738;1915;110;1;0;83.15
3739;1915;102;1;5;22.36
3740;1915;39;2;0;73.26
3741;1915;80;1;5;39.96
3742;1916;113;2;5;120.38
3743;1916;46;1;5;155.08
3744;1916;42;2;5;34.73
3745;1916;93;1;15;12.75
3746;1916;114;1;0;51.73
3747;1917;51;1;0;153.28
3748;1917;62;1;0;35.91
3749;1918;101;2;5;40.09
3750;1919;9;1;5;19.61
3751;1920;27;1;0;77.95
3752;1921;67;1;5;22.03
3753;1921;100;1;0;90.89
3754;1921;83;1;10;172.45
3755;1922;79;1;10;109.22
3756;1923;85;1;10;37.35
3757;1923;64;2;0;30.0
3758;1924;115;1;15;18.2
3759;1924;7;1;0;35.02
3760;1925;7;1;0;35.02
3761;1926;37;1;0;24.99
3762;1927;46;3;0;489.72
3763;1928;94;1;0;97.26
3764;1929;86;1;0;15.0
3765;1930;100;1;5;86.35
3766;1931;47;1;0;16.67
3767;1931;119;1;10;85.2
3768;1931;65;2;10;88.33
3769;1932;28;1;5;33.94
3770;1933;33;2;20;65.95
3771;1933;52;1;5;24.59
3772;1934;106;3;0;103.68
3773;1934;89;1;0;20.76
3774;1934;32;1;0;50.66
3775;1935;5;1;5;36.22
3776;1935;16;1;0;37.34
3777;1935;60;1;5;90.2
3778;1936;50;1;10;43.88
3779;1937;68;1;0;160.88
3780;1937;41;2;0;45.06
3781;1938;99;2;0;54.3
3782;1938;102;1;0;23.54
3783;1939;102;1;0;23.54
3784;1939;46;1;0;163.24
3785;1939;91;1;0;26.21
3786;1940;14;2;5;367.52
3787;1941;22;1;5;17.77
3788;1941;64;1;10;13.5
3789;1941;82;2;0;37.62
3790;1942;89;1;10;18.68
3791;1942;35;3;5;98.3
3792;1942;67;1;15;19.71
3793;1942;3;1;0;80.78
3794;1943;50;1;20;39.01
3795;1943;106;1;15;29.38
3796;1943;4;1;0;32.8
3797;1944;19;2;0;124.24
3798;1944;114;1;5;49.14
3799;1944;65;1;0;49.07
3800;1945;85;1;10;37.35
3801;1946;70;3;10;601.88
3802;1946;73;2;10;27.0
3803;1946;104;1;10;13.5
3804;1947;90;1;0;48.64
3805;1947;28;1;0;35.73
3806;1947;24;1;10;197.62
3807;1947;48;1;5;31.09
3808;1948;25;1;0;33.59
3809;1948;66;1;5;55.7
3810;1948;3;1;5;76.74
3811;1948;88;1;10;41.07
3812;1949;36;3;0;145.65
3813;1949;111;1;0;43.1
3814;1949;64;3;0;45.0
3815;1950;13;1;0;33.04
3816;1951;100;2;0;181.78
3817;1951;51;1;5;145.62
3818;1952;70;1;0;222.92
3819;1953;89;1;0;20.76
3820;1953;108;3;0;164.85
3821;1954;85;1;0;41.5
3822;1954;39;1;0;36.63
3823;1955;102;1;0;23.54
3824;1955;52;1;5;24.59
3825;1956;78;1;15;49.33
3826;1956;88;2;5;86.7
3827;1956;3;3;5;230.22
3828;1957;85;3;5;118.27
3829;1958;48;1;0;32.73
3830;1958;72;1;5;127.83
3831;1958;74;1;0;47.75
3832;1959;32;1;0;50.66
3833;1960;23;1;5;54.29
3834;1961;36;1;0;48.55
3835;1962;30;2;10;27.0
3836;1963;31;2;0;135.28
3837;1964;99;1;0;27.15
3838;1964;89;2;5;39.44
3839;1965;74;1;0;47.75
3840;1966;44;1;0;84.44
3841;1966;104;2;0;30.0
3842;1966;98;1;0;72.09
3843;1966;111;1;0;43.1
3844;1967;117;3;0;209.94
3845;1968;81;1;0;18.14
3846;1968;72;1;0;134.56
3847;1968;76;2;0;73.44
3848;1969;2;1;0;19.02
3849;1969;50;3;10;131.65
3850;1969;36;3;10;131.08
3851;1970;98;1;0;72.09
3852;1971;93;2;20;24.0
3853;1971;58;2;0;281.62
3854;1971;43;2;0;220.38
3855;1972;39;1;20;29.3
3856;1973;50;1;0;48.76
3857;1973;3;1;10;72.7
3858;1973;110;1;15;70.68
3859;1973;44;2;5;160.44
3860;1973;109;1;0;15.0
3861;1974;61;1;5;58.17
3862;1974;51;1;0;153.28
3863;1974;40;1;5;14.25
3864;1974;113;1;0;63.36
3865;1974;58;1;0;140.81
3866;1975;75;1;20;31.11
3867;1975;2;1;10;17.12
3868;1975;78;1;0;58.04
3869;1976;84;1;0;25.67
3870;1976;92;1;0;146.56
3871;1976;111;1;0;43.1
3872;1977;48;1;10;29.46
3873;1978;64;1;0;15.0
3874;1979;57;2;20;58.45
3875;1980;5;1;15;32.41
3876;1980;53;2;0;141.94
3877;1981;19;1;5;59.01
3878;1982;114;2;15;87.94
3879;1982;4;1;20;26.24
3880;1982;107;1;5;73.64
3881;1983;69;2;0;42.42
3882;1984;92;2;0;293.12
3883;1985;37;1;15;21.24
3884;1985;69;1;0;21.21
3885;1986;40;2;0;30.0
3886;1987;17;1;10;27.02
3887;1987;47;3;5;47.51
3888;1987;43;1;0;110.19
3889;1987;103;1;5;28.4
3890;1987;4;1;5;31.16
3891;1988;5;3;15;97.23
3892;1988;116;1;20;78.44
3893;1988;12;2;20;75.92
3894;1988;80;2;5;79.91
3895;1989;114;1;0;51.73
3896;1990;47;2;0;33.34
3897;1991;15;1;0;24.29
3898;1992;42;1;0;18.28
3899;1993;19;1;10;55.91
3900;1993;88;1;15;38.79
3901;1993;21;1;0;35.69
3902;1993;94;1;0;97.26
3903;1994;112;2;0;30.0
3904;1995;46;1;5;155.08
3905;1995;22;1;0;18.71
3906;1995;52;1;10;23.29
3907;1996;70;3;10;601.88
3908;1997;116;1;0;98.05
3909;1997;31;1;5;64.26
3910;1998;20;1;5;55.17
3911;1998;30;1;0;15.0
3912;1998;18;1;5;42.16
3913;1998;52;1;0;25.88
3914;1998;63;1;5;86.54
3915;1999;10;1;0;65.67
3916;2000;30;1;20;12.0
3917;2001;97;1;0;15.0
3918;2001;62;2;0;71.82
3919;2001;75;3;5;110.84
3920;2002;103;1;0;29.89
3921;2002;78;1;0;58.04
3922;2002;83;2;0;383.22
3923;2003;40;1;10;13.5
3924;2003;118;2;5;81.53
3925;2003;24;1;0;219.58
3926;2004;39;1;20;29.3
3927;2005;56;1;15;20.27
3928;2005;91;1;0;26.21
3929;2005;102;1;5;22.36
3930;2005;60;1;0;94.95
3931;2006;47;1;0;16.67
3932;2006;61;1;0;61.23
3933;2006;15;2;10;43.72
3934;2007;29;1;0;15.0
3935;2007;35;1;0;34.49
3936;2007;119;1;0;94.67
3937;2008;9;1;0;20.64
3938;2009;89;2;5;39.44
3939;2010;53;2;0;141.94
3940;2011;8;1;0;15.0
3941;2011;117;1;15;59.48
3942;2011;13;1;0;33.04
3943;2012;111;1;20;34.48
3944;2012;43;1;0;110.19
3945;2013;43;1;20;88.15
3946;2014;107;3;5;220.93
3947;2014;102;1;0;23.54
3948;2015;46;1;0;163.24
3949;2015;32;1;15;43.06
3950;2015;111;1;0;43.1
3951;2015;77;2;0;30.0
3952;2016;91;1;0;26.21
3953;2016;82;1;0;18.81
3954;2017;108;1;0;54.95
3955;2017;95;1;0;48.91
3956;2018;77;1;5;14.25
3957;2018;19;1;0;62.12
3958;2019;30;1;0;15.0
3959;2020;111;2;5;81.89
3960;2020;24;1;0;219.58
3961;2021;66;1;0;58.63
3962;2021;13;1;0;33.04
3963;2021;115;1;15;18.2
3964;2022;109;1;0;15.0
3965;2023;92;2;0;293.12
3966;2024;17;1;0;30.02
3967;2025;42;1;5;17.37
3968;2025;69;3;5;60.45
3969;2025;110;1;0;83.15
3970;2025;64;1;5;14.25
3971;2026;76;1;0;36.72
3972;2027;5;1;5;36.22
3973;2027;63;2;10;163.96
3974;2027;99;1;15;23.08
3975;2028;79;3;20;291.26
3976;2028;33;1;15;35.04
3977;2029;16;2;0;74.68
3978;2030;36;1;0;48.55
3979;2031;86;1;15;12.75
3980;2031;112;1;0;15.0
3981;2031;69;1;15;18.03
3982;2032;8;1;5;14.25
3983;2033;113;1;0;63.36
3984;2034;98;1;0;72.09
3985;2035;7;1;5;33.27
3986;2036;27;1;20;62.36
3987;2036;5;1;0;38.13
3988;2037;91;1;0;26.21
3989;2037;69;2;0;42.42
3990;2038;76;1;20;29.38
3991;2039;5;1;15;32.41
3992;2040;15;1;5;23.08
3993;2040;87;1;0;26.68
3994;2040;86;1;0;15.0
3995;2040;111;1;5;40.95
3996;2040;38;2;20;89.09
3997;2041;77;1;5;14.25
3998;2041;75;1;0;38.89
3999;2042;34;1;0;21.33
4000;2042;50;1;5;46.32
4001;2042;62;1;0;35.91
4002;2042;73;1;10;13.5
4003;2043;86;1;0;15.0
4004;2044;118;1;0;42.91
4005;2044;81;3;0;54.42
4006;2045;98;2;0;144.18
4007;2046;13;1;5;31.39
4008;2046;49;1;10;84.19
4009;2047;2;1;0;19.02
4010;2047;110;1;20;66.52
4011;2048;44;1;20;67.55
4012;2049;27;2;0;155.9
4013;2049;73;1;0;15.0
4014;2050;103;2;0;59.78
4015;2051;29;1;5;14.25
4016;2052;36;1;20;38.84
4017;2052;14;1;0;193.43
4018;2052;57;1;0;36.53
4019;2052;73;1;0;15.0
4020;2052;83;1;0;191.61
4021;2053;1;1;0;21.32
4022;2054;110;3;0;249.45
4023;2054;109;1;5;14.25
4024;2055;81;2;0;36.28
4025;2055;22;2;0;37.42
4026;2056;24;1;0;219.58
4027;2057;75;1;0;38.89
4028;2057;72;1;0;134.56
4029;2058;37;1;0;24.99
4030;2058;39;3;5;104.4
4031;2058;20;1;0;58.07
4032;2059;60;1;0;94.95
4033;2059;10;3;10;177.31
4034;2060;81;2;15;30.84
4035;2060;76;2;5;69.77
4036;2061;59;3;10;53.73
4037;2062;75;2;5;73.89
4038;2063;39;1;0;36.63
4039;2064;11;1;0;106.71
4040;2065;82;1;20;15.05
4041;2065;14;2;5;367.52
4042;2065;40;1;0;15.0
4043;2066;65;1;5;46.62
4044;2066;47;1;0;16.67
4045;2067;59;1;0;19.9
4046;2067;68;1;10;144.79
4047;2067;28;2;0;71.46
4048;2068;61;1;10;55.11
4049;2069;58;1;20;112.65
4050;2069;34;1;5;20.26
4051;2069;80;1;5;39.96
4052;2069;81;1;0;18.14
4053;2069;75;3;5;110.84
4054;2070;50;1;0;48.76
4055;2071;72;1;15;114.38
4056;2071;6;1;0;65.87
4057;2072;43;1;10;99.17
4058;2073;8;1;0;15.0
4059;2074;82;1;10;16.93
4060;2075;84;1;10;23.1
4061;2076;97;1;15;12.75
4062;2076;10;2;0;131.34
4063;2077;105;1;0;63.54
4064;2077;120;3;0;126.45
4065;2077;5;1;5;36.22
4066;2078;119;1;0;94.67
4067;2079;30;1;5;14.25
4068;2080;44;3;0;253.32
4069;2080;48;3;0;98.19
4070;2081;113;1;5;60.19
4071;2081;120;1;0;42.15
4072;2081;97;1;20;12.0
4073;2081;8;1;0;15.0
4074;2082;59;1;5;18.9
4075;2083;92;1;15;124.58
4076;2083;93;2;10;27.0
4077;2084;107;1;0;77.52
4078;2084;80;2;5;79.91
4079;2085;36;1;10;43.7
4080;2085;74;2;0;95.5
4081;2085;26;3;0;114.72
4082;2085;102;1;5;22.36
4083;2086;113;1;0;63.36
4084;2087;120;1;0;42.15
4085;2087;113;1;0;63.36
4086;2088;85;1;0;41.5
4087;2088;81;2;5;34.47
4088;2088;83;1;5;182.03
4089;2088;42;1;10;16.45
4090;2089;20;1;10;52.26
4091;2089;47;1;0;16.67
4092;2089;42;1;0;18.28
4093;2090;105;1;0;63.54
4094;2090;15;1;0;24.29
4095;2090;86;1;5;14.25
4096;2090;99;1;0;27.15
4097;2091;110;1;5;78.99
4098;2091;30;1;10;13.5
4099;2091;1;1;0;21.32
4100;2091;7;3;10;94.55
4101;2092;72;1;0;134.56
4102;2092;110;1;0;83.15
4103;2093;60;1;20;75.96
4104;2093;81;2;15;30.84
4105;2094;99;1;0;27.15
4106;2094;68;2;0;321.76
4107;2094;71;3;10;60.1
4108;2094;18;1;0;44.38
4109;2094;113;1;5;60.19
4110;2095;89;1;0;20.76
4111;2095;81;1;15;15.42
4112;2095;56;1;0;23.85
4113;2096;101;1;0;21.1
4114;2097;116;1;15;83.34
4115;2098;114;1;0;51.73
4116;2099;24;1;15;186.64
4117;2100;32;2;5;96.25
4118;2101;114;1;0;51.73
4119;2102;67;1;0;23.19
4120;2102;4;1;0;32.8
4121;2103;82;2;5;35.74
4122;2104;119;1;0;94.67
4123;2105;15;1;5;23.08
4124;2105;53;1;5;67.42
4125;2106;1;1;0;21.32
4126;2106;23;1;5;54.29
4127;2107;26;1;0;38.24
4128;2107;78;1;10;52.24
4129;2107;107;1;20;62.02
4130;2108;9;1;0;20.64
4131;2109;46;1;5;155.08
4132;2110;94;1;0;97.26
4133;2110;109;2;0;30.0
4134;2111;74;1;20;38.2
4135;2111;22;1;0;18.71
4136;2112;92;1;0;146.56
4137;2112;67;1;0;23.19
4138;2113;24;1;0;219.58
4139;2114;61;1;5;58.17
4140;2115;27;1;0;77.95
4141;2115;81;1;0;18.14
4142;2115;51;1;5;145.62
4143;2116;39;1;10;32.97
4144;2117;2;1;20;15.22
4145;2117;27;1;0;77.95
4146;2118;86;2;5;28.5
4147;2118;35;1;0;34.49
4148;2118;88;2;5;86.7
4149;2118;19;3;10;167.72
4150;2119;91;1;10;23.59
4151;2119;51;2;5;291.23
4152;2119;29;2;0;30.0
4153;2120;36;2;0;97.1
4154;2121;4;1;0;32.8
4155;2121;88;1;5;43.35
4156;2122;53;2;0;141.94
4157;2123;105;1;5;60.36
4158;2124;93;2;0;30.0
4159;2125;21;1;10;32.12
4160;2126;59;1;5;18.9
4161;2127;40;1;0;15.0
4162;2127;64;2;0;30.0
4163;2127;52;1;10;23.29
4164;2128;88;1;0;45.63
4165;2129;11;3;0;320.13
4166;2130;116;1;10;88.25
4167;2131;103;2;10;53.8
4168;2132;90;1;5;46.21
4169;2133;102;1;0;23.54
4170;2134;88;1;0;45.63
4171;2135;60;1;0;94.95
4172;2135;53;2;5;134.84
4173;2135;19;1;0;62.12
4174;2136;5;2;5;72.45
4175;2136;103;3;0;89.67
4176;2136;97;2;0;30.0
4177;2136;14;1;5;183.76
4178;2137;88;1;5;43.35
4179;2137;96;1;15;137.05
4180;2138;50;1;0;48.76
4181;2138;116;1;10;88.25
4182;2139;17;1;15;25.52
4183;2139;60;1;15;80.71
4184;2139;14;2;10;348.17
4185;2140;87;1;0;26.68
4186;2140;46;1;15;138.75
4187;2140;113;2;0;126.72
4188;2140;107;1;0;77.52
4189;2141;90;1;15;41.34
4190;2141;32;1;5;48.13
4191;2142;109;1;0;15.0
4192;2142;101;1;15;17.94
4193;2142;94;1;10;87.53
4194;2142;84;1;0;25.67
4195;2142;106;3;0;103.68
4196;2143;119;1;0;94.67
4197;2143;44;2;10;151.99
4198;2144;34;1;15;18.13
4199;2144;32;1;5;48.13
4200;2144;44;1;5;80.22
4201;2145;101;3;0;63.3
4202;2145;74;2;0;95.5
4203;2146;71;1;10;20.03
4204;2146;10;3;5;187.16
4205;2146;49;1;20;74.84
4206;2146;62;1;20;28.73
4207;2146;68;1;0;160.88
4208;2147;88;1;0;45.63
4209;2147;82;1;0;18.81
4210;2147;111;1;0;43.1
4211;2147;25;1;0;33.59
4212;2148;53;1;20;56.78
4213;2148;75;1;10;35.0
4214;2148;76;1;0;36.72
4215;2148;78;2;20;92.86
4216;2149;31;1;5;64.26
4217;2150;89;1;0;20.76
4218;2151;79;1;0;121.36
4219;2152;6;3;0;197.61
4220;2152;117;1;0;69.98
4221;2153;47;1;0;16.67
4222;2153;73;2;0;30.0
4223;2153;36;1;15;41.27
4224;2153;103;1;20;23.91
4225;2154;42;1;0;18.28
4226;2154;4;1;10;29.52
4227;2154;57;2;0;73.06
4228;2155;54;1;0;30.38
4229;2156;75;3;0;116.67
4230;2156;43;1;0;110.19
4231;2156;7;1;10;31.52
4232;2156;17;1;5;28.52
4233;2157;25;1;5;31.91
4234;2158;106;1;0;34.56
4235;2158;32;1;10;45.59
4236;2159;88;1;0;45.63
4237;2160;78;1;15;49.33
4238;2160;5;1;15;32.41
4239;2161;75;2;0;77.78
4240;2162;15;1;5;23.08
4241;2163;76;2;0;73.44
4242;2163;95;1;5;46.46
4243;2163;82;1;5;17.87
4244;2164;21;2;0;71.38
4245;2164;23;1;5;54.29
4246;2165;24;1;0;219.58
4247;2165;59;1;0;19.9
4248;2165;100;1;15;77.26
4249;2166;21;1;0;35.69
4250;2167;74;1;15;40.59
4251;2168;95;2;0;97.82
4252;2169;55;2;20;24.0
4253;2170;23;1;5;54.29
4254;2170;47;1;0;16.67
4255;2170;60;1;0;94.95
4256;2170;28;1;5;33.94
4257;2170;58;1;0;140.81
4258;2171;19;2;0;124.24
4259;2172;102;1;10;21.19
4260;2172;77;1;0;15.0
4261;2173;4;1;0;32.8
4262;2174;94;1;0;97.26
4263;2175;49;3;20;224.52
4264;2175;40;1;0;15.0
4265;2176;23;2;20;91.44
4266;2177;35;2;10;62.08
4267;2177;11;1;5;101.37
4268;2178;1;1;0;21.32
4269;2178;120;1;10;37.94
4270;2179;62;1;0;35.91
4271;2180;55;3;5;42.75
4272;2181;38;1;0;55.68
4273;2181;53;3;0;212.91
4274;2182;105;1;5;60.36
4275;2182;14;1;0;193.43
4276;2183;88;3;0;136.89
4277;2183;98;1;0;72.09
4278;2184;116;2;0;196.1
4279;2184;80;1;5;39.96
4280;2185;77;2;20;24.0
4281;2186;85;1;5;39.42
4282;2187;37;1;10;22.49
4283;2188;47;2;20;26.67
4284;2188;12;1;15;40.33
4285;2189;51;2;5;291.23
4286;2189;95;1;0;48.91
4287;2189;74;1;15;40.59
4288;2190;12;2;0;94.9
4289;2190;104;1;10;13.5
4290;2191;35;1;0;34.49
4291;2192;87;1;0;26.68
4292;2192;46;1;5;155.08
4293;2192;57;1;0;36.53
4294;2193;14;1;5;183.76
4295;2193;13;1;5;31.39
4296;2193;116;1;5;93.15
4297;2194;79;1;0;121.36
4298;2194;71;1;0;22.26
4299;2194;86;2;0;30.0
4300;2194;94;1;0;97.26
4301;2195;120;2;0;84.3
4302;2196;45;1;15;132.84
4303;2197;106;1;5;32.83
4304;2198;79;1;0;121.36
4305;2199;70;1;0;222.92
4306;2199;36;1;5;46.12
4307;2200;61;3;15;156.14
4308;2201;7;2;0;70.04
4309;2202;80;1;5;39.96
4310;2202;118;1;0;42.91
4311;2202;65;1;0;49.07
4312;2203;9;1;15;17.54
4313;2203;31;2;0;135.28
4314;2203;36;3;20;116.52
4315;2204;78;1;0;58.04
4316;2204;56;1;0;23.85
4317;2205;4;1;0;32.8
4318;2205;15;3;0;72.87
4319;2206;53;2;0;141.94
4320;2206;16;1;5;35.47
4321;2207;8;1;0;15.0
4322;2207;104;1;0;15.0
4323;2207;60;2;20;151.92
4324;2208;39;1;0;36.63
4325;2208;31;1;5;64.26
4326;2209;53;1;0;70.97
4327;2210;14;1;0;193.43
4328;2210;17;1;0;30.02
4329;2210;81;1;15;15.42
4330;2211;113;1;5;60.19
4331;2212;91;2;0;52.42
4332;2213;44;1;0;84.44
4333;2213;18;1;5;42.16
4334;2214;79;1;5;115.29
4335;2214;35;1;0;34.49
4336;2214;50;1;15;41.45
4337;2215;20;1;0;58.07
4338;2216;116;1;5;93.15
4339;2216;59;2;0;39.8
4340;2217;56;3;0;71.55
4341;2218;90;1;0;48.64
4342;2218;85;1;0;41.5
4343;2218;100;1;0;90.89
4344;2218;44;1;20;67.55
4345;2219;96;1;10;145.11
4346;2219;1;1;5;20.25
4347;2219;53;2;10;127.75
4348;2219;24;3;5;625.8
4349;2219;86;1;0;15.0
4350;2220;109;1;5;14.25
4351;2220;108;1;0;54.95
4352;2220;58;1;0;140.81
4353;2221;29;1;0;15.0
4354;2221;96;1;10;145.11
4355;2221;82;2;15;31.98
4356;2222;20;1;15;49.36
4357;2222;43;1;5;104.68
4358;2222;44;1;0;84.44
4359;2223;38;1;0;55.68
4360;2223;14;1;10;174.09
4361;2224;112;1;0;15.0
4362;2225;36;1;5;46.12
4363;2225;66;1;0;58.63
4364;2225;86;1;0;15.0
4365;2225;119;2;20;151.47
4366;2225;115;1;0;21.41
4367;2226;85;2;15;70.55
4368;2227;87;3;0;80.04
4369;2227;108;1;0;54.95
4370;2227;36;1;5;46.12
4371;2228;32;1;0;50.66
4372;2229;70;1;0;222.92
4373;2230;10;1;15;55.82
4374;2230;5;1;0;38.13
4375;2230;70;1;10;200.63
4376;2231;63;1;0;91.09
4377;2231;22;3;15;47.71
4378;2232;75;2;0;77.78
4379;2232;86;1;5;14.25
4380;2233;115;1;5;20.34
4381;2234;66;1;15;49.84
4382;2235;89;2;15;35.29
4383;2235;41;1;15;19.15
4384;2235;17;3;15;76.55
4385;2235;95;2;5;92.93
4386;2236;79;1;0;121.36
4387;2236;81;2;0;36.28
4388;2236;91;1;0;26.21
4389;2237;81;1;5;17.23
4390;2238;39;1;5;34.8
4391;2238;8;1;0;15.0
4392;2239;37;1;5;23.74
4393;2240;3;1;10;72.7
4394;2240;74;1;5;45.36
4395;2240;33;1;5;39.16
4396;2241;91;1;10;23.59
4397;2241;4;1;0;32.8
4398;2242;2;1;15;16.17
4399;2243;30;1;0;15.0
4400;2243;34;1;10;19.2
4401;2243;103;1;5;28.4
4402;2243;65;2;0;98.14
4403;2243;91;1;0;26.21
4404;2244;22;1;15;15.9
4405;2245;76;2;5;69.77
4406;2246;68;1;0;160.88
4407;2246;92;1;10;131.9
4408;2247;76;1;0;36.72
4409;2247;5;1;0;38.13
4410;2248;98;1;10;64.88
4411;2249;90;2;0;97.28
4412;2249;9;2;0;41.28
4413;2250;98;1;0;72.09
4414;2250;62;2;0;71.82
4415;2251;103;1;0;29.89
4416;2252;51;1;5;145.62
4417;2252;45;1;10;140.65
4418;2253;106;1;5;32.83
4419;2254;65;1;10;44.16
4420;2254;94;1;10;87.53
4421;2254;10;1;15;55.82
4422;2254;12;2;20;75.92
4423;2255;99;1;0;27.15
4424;2256;117;1;10;62.98
4425;2257;99;1;5;25.79
4426;2258;2;1;0;19.02
4427;2258;101;2;0;42.2
4428;2259;109;1;10;13.5
4429;2260;70;1;15;189.48
4430;2260;89;1;0;20.76
4431;2260;68;1;0;160.88
4432;2260;71;1;0;22.26
4433;2261;48;1;0;32.73
4434;2262;15;1;0;24.29
4435;2262;115;1;0;21.41
4436;2263;72;1;5;127.83
4437;2263;117;1;15;59.48
4438;2264;34;1;0;21.33
4439;2265;67;1;5;22.03
4440;2265;56;1;0;23.85
4441;2265;95;2;0;97.82
4442;2266;57;1;0;36.53
4443;2267;100;1;10;81.8
4444;2268;90;2;0;97.28
4445;2268;49;1;0;93.55
4446;2269;67;1;0;23.19
4447;2270;45;2;0;312.56
4448;2271;100;1;20;72.71
4449;2271;109;2;0;30.0
4450;2271;30;2;5;28.5
4451;2271;64;1;0;15.0
4452;2272;2;1;0;19.02
4453;2273;64;2;20;24.0
4454;2274;17;1;5;28.52
4455;2275;68;1;0;160.88
4456;2276;58;3;5;401.31
4457;2276;3;1;10;72.7
4458;2277;70;1;0;222.92
4459;2278;31;1;5;64.26
4460;2278;36;1;5;46.12
4461;2278;105;1;0;63.54
4462;2278;68;1;0;160.88
4463;2279;91;1;10;23.59
4464;2280;74;1;0;47.75
4465;2281;109;1;0;15.0
4466;2281;56;1;0;23.85
4467;2281;17;3;15;76.55
4468;2281;61;2;5;116.34
4469;2281;44;1;20;67.55
4470;2282;97;1;0;15.0
4471;2283;106;1;15;29.38
4472;2283;21;1;0;35.69
4473;2284;60;1;15;80.71
4474;2285;52;3;5;73.76
4475;2286;39;1;10;32.97
4476;2286;72;1;5;127.83
4477;2286;37;1;15;21.24
4478;2286;12;1;5;45.08
4479;2287;69;2;5;40.3
4480;2288;27;1;0;77.95
4481;2289;13;1;0;33.04
4482;2289;106;1;5;32.83
4483;2290;87;1;0;26.68
4484;2290;114;1;0;51.73
4485;2290;67;1;0;23.19
4486;2290;102;3;0;70.62
4487;2291;14;2;0;386.86
4488;2291;75;2;0;77.78
4489;2292;28;1;15;30.37
4490;2292;94;2;10;175.07
4491;2292;105;3;0;190.62
4492;2292;99;1;5;25.79
4493;2293;59;1;5;18.9
4494;2293;1;2;5;40.51
4495;2294;84;1;5;24.39
4496;2295;75;1;5;36.95
4497;2295;8;1;0;15.0
4498;2296;28;1;20;28.58
4499;2296;107;1;0;77.52
4500;2297;1;1;20;17.06
4501;2297;107;1;10;69.77
4502;2297;2;1;10;17.12
4503;2298;68;2;0;321.76
4504;2298;81;1;10;16.33
4505;2298;66;2;15;99.67
4506;2299;5;2;0;76.26
4507;2299;74;1;5;45.36
4508;2299;114;1;5;49.14
4509;2300;23;1;0;57.15
4510;2300;79;1;10;109.22
4511;2300;53;2;0;141.94
4512;2300;45;1;0;156.28
4513;2301;65;1;5;46.62
4514;2301;14;1;5;183.76
4515;2302;20;1;0;58.07
4516;2303;109;1;5;14.25
4517;2304;29;2;10;27.0
4518;2304;31;3;0;202.92
4519;2304;2;2;0;38.04
4520;2304;79;2;5;230.58
4521;2305;35;1;0;34.49
4522;2305;60;1;0;94.95
4523;2306;8;2;0;30.0
4524;2306;93;1;10;13.5
4525;2306;103;1;0;29.89
4526;2306;46;1;0;163.24
4527;2306;108;1;0;54.95
4528;2307;67;2;10;41.74
4529;2307;30;2;0;30.0
4530;2307;60;1;0;94.95
4531;2307;18;1;0;44.38
4532;2308;92;1;5;139.23
4533;2308;114;1;5;49.14
4534;2308;7;1;15;29.77
4535;2309;98;1;0;72.09
4536;2310;99;3;0;81.45
4537;2311;57;1;10;32.88
4538;2311;13;1;0;33.04
4539;2312;50;1;20;39.01
4540;2312;70;1;0;222.92
4541;2313;13;1;5;31.39
4542;2313;48;2;0;65.46
4543;2314;81;1;5;17.23
4544;2314;106;3;5;98.5
4545;2315;68;1;0;160.88
4546;2315;72;1;15;114.38
4547;2315;28;1;15;30.37
4548;2315;82;1;10;16.93
4549;2315;103;1;0;29.89
4550;2316;75;2;0;77.78
4551;2317;17;1;0;30.02
4552;2317;43;2;5;209.36
4553;2318;29;1;0;15.0
4554;2318;39;2;10;65.93
4555;2319;93;1;5;14.25
4556;2319;79;1;0;121.36
4557;2320;73;2;0;30.0
4558;2321;77;1;5;14.25
4559;2322;101;1;0;21.1
4560;2323;66;1;0;58.63
4561;2323;63;1;0;91.09
4562;2324;88;1;0;45.63
4563;2325;24;3;0;658.74
4564;2325;22;2;0;37.42
4565;2326;103;1;0;29.89
4566;2327;94;1;0;97.26
4567;2327;3;2;0;161.56
4568;2328;89;1;0;20.76
4569;2328;26;1;5;36.33
4570;2329;79;1;0;121.36
4571;2329;86;2;0;30.0
4572;2329;3;3;5;230.22
4573;2330;97;1;0;15.0
4574;2331;64;2;5;28.5
4575;2332;99;2;15;46.15
4576;2333;56;1;20;19.08
4577;2334;57;1;10;32.88
4578;2334;12;1;20;37.96
4579;2334;76;1;10;33.05
4580;2335;65;1;5;46.62
4581;2335;6;1;0;65.87
4582;2336;51;2;20;245.25
4583;2337;68;1;0;160.88
4584;2338;106;1;0;34.56
4585;2339;80;1;0;42.06
4586;2340;57;1;0;36.53
4587;2341;24;1;10;197.62
4588;2342;41;3;5;64.21
4589;2343;116;1;10;88.25
4590;2343;82;1;0;18.81
4591;2344;92;1;0;146.56
4592;2344;85;1;0;41.5
4593;2345;25;1;20;26.87
4594;2345;102;2;0;47.08
4595;2345;67;2;10;41.74
4596;2346;8;1;15;12.75
4597;2347;25;1;10;30.23
4598;2347;117;1;15;59.48
4599;2348;29;1;0;15.0
4600;2348;107;1;0;77.52
4601;2348;119;1;0;94.67
4602;2349;109;1;0;15.0
4603;2350;47;2;5;31.67
4604;2350;3;1;0;80.78
4605;2350;63;3;0;273.27
4606;2351;18;1;15;37.72
4607;2352;28;3;0;107.19
4608;2352;62;1;5;34.11
4609;2352;112;1;5;14.25
4610;2352;87;1;0;26.68
4611;2352;10;1;0;65.67
4612;2353;93;1;0;15.0
4613;2353;5;1;20;30.5
4614;2353;84;1;0;25.67
4615;2354;7;1;0;35.02
4616;2354;107;2;5;147.29
4617;2355;79;2;0;242.72
4618;2355;109;1;0;15.0
4619;2355;78;2;0;116.08
4620;2356;102;1;5;22.36
4621;2357;109;1;0;15.0
4622;2357;105;1;0;63.54
4623;2358;4;1;0;32.8
4624;2359;16;1;0;37.34
4625;2360;96;2;0;322.46
4626;2361;14;1;10;174.09
4627;2361;33;2;0;82.44
4628;2362;52;1;5;24.59
4629;2363;106;1;15;29.38
4630;2364;82;2;0;37.62
4631;2364;70;1;0;222.92
4632;2365;3;1;0;80.78
4633;2365;38;2;5;105.79
4634;2366;69;1;0;21.21
4635;2366;37;1;5;23.74
4636;2366;59;1;0;19.9
4637;2367;16;3;5;106.42
4638;2367;61;1;0;61.23
4639;2368;17;2;20;48.03
4640;2368;78;1;10;52.24
4641;2369;77;1;0;15.0
4642;2370;53;1;0;70.97
4643;2370;62;1;10;32.32
4644;2370;84;1;10;23.1
4645;2371;17;3;0;90.06
4646;2371;27;1;20;62.36
4647;2371;12;1;0;47.45
4648;2371;92;1;10;131.9
4649;2372;77;2;0;30.0
4650;2372;50;1;20;39.01
4651;2373;30;2;0;30.0
4652;2373;43;1;0;110.19
4653;2373;26;2;0;76.48
4654;2374;17;1;5;28.52
4655;2375;118;2;0;85.82
4656;2375;34;1;10;19.2
4657;2376;116;1;10;88.25
4658;2377;108;1;15;46.71
4659;2378;20;1;0;58.07
4660;2379;73;1;5;14.25
4661;2379;111;1;0;43.1
4662;2380;40;1;0;15.0
4663;2381;28;1;0;35.73
4664;2382;54;1;0;30.38
4665;2382;28;3;0;107.19
4666;2382;99;1;20;21.72
4667;2383;82;1;0;18.81
4668;2384;71;1;0;22.26
4669;2384;4;1;0;32.8
4670;2384;43;1;0;110.19
4671;2385;56;1;0;23.85
4672;2386;91;1;0;26.21
4673;2387;10;1;10;59.1
4674;2388;100;2;0;181.78
4675;2389;116;3;0;294.15
4676;2390;50;1;15;41.45
4677;2391;46;1;0;163.24
4678;2391;91;1;10;23.59
4679;2391;60;2;0;189.9
4680;2391;40;1;10;13.5
4681;2392;22;1;0;18.71
4682;2392;80;1;0;42.06
4683;2392;56;1;5;22.66
4684;2392;108;1;0;54.95
4685;2393;71;1;5;21.15
4686;2394;52;3;20;62.11
4687;2394;7;2;0;70.04
4688;2395;56;3;0;71.55
4689;2396;28;1;15;30.37
4690;2396;16;1;5;35.47
4691;2396;21;2;0;71.38
4692;2396;22;1;0;18.71
4693;2397;68;1;0;160.88
4694;2397;28;1;5;33.94
4695;2397;103;1;0;29.89
4696;2398;46;3;0;489.72
4697;2398;52;1;0;25.88
4698;2398;2;3;10;51.35
4699;2398;1;1;20;17.06
4700;2398;87;2;5;50.69
4701;2399;54;1;5;28.86
4702;2399;111;1;0;43.1
4703;2399;69;1;5;20.15
4704;2400;100;1;5;86.35
4705;2401;52;2;0;51.76
4706;2401;85;3;0;124.5
4707;2401;51;1;5;145.62
4708;2401;5;1;20;30.5
4709;2402;67;1;20;18.55
4710;2403;4;2;5;62.32
4711;2404;72;1;15;114.38
4712;2405;53;1;5;67.42
4713;2406;34;1;0;21.33
4714;2406;22;1;0;18.71
4715;2407;64;1;0;15.0
4716;2408;101;1;0;21.1
4717;2409;75;1;10;35.0
4718;2409;45;1;20;125.02
4719;2410;25;1;5;31.91
4720;2410;26;1;0;38.24
4721;2410;78;1;0;58.04
4722;2411;1;1;0;21.32
4723;2412;75;1;0;38.89
4724;2413;100;1;0;90.89
4725;2413;105;1;0;63.54
4726;2413;117;1;10;62.98
4727;2413;106;1;20;27.65
4728;2414;59;1;5;18.9
4729;2415;87;1;0;26.68
4730;2416;23;1;0;57.15
4731;2417;47;1;0;16.67
4732;2418;26;1;15;32.5
4733;2419;13;3;5;94.16
4734;2419;107;1;10;69.77
4735;2420;44;1;5;80.22
4736;2421;119;2;0;189.34
4737;2422;62;2;0;71.82
4738;2422;111;1;5;40.95
4739;2422;107;1;10;69.77
4740;2422;105;1;15;54.01
4741;2422;118;1;0;42.91
4742;2423;98;1;15;61.28
4743;2423;112;1;0;15.0
4744;2423;45;1;5;148.47
4745;2423;77;1;0;15.0
4746;2424;108;1;5;52.2
4747;2425;92;1;0;146.56
4748;2425;82;1;0;18.81
4749;2426;96;1;0;161.23
4750;2426;68;1;5;152.84
4751;2427;71;2;0;44.52
4752;2428;94;1;15;82.67
4753;2429;49;1;5;88.87
4754;2430;27;1;10;70.16
4755;2431;104;3;0;45.0
4756;2432;47;1;10;15.0
4757;2433;51;1;5;145.62
4758;2434;109;2;0;30.0
4759;2435;19;2;5;118.03
4760;2436;3;1;0;80.78
4761;2436;23;2;0;114.3
4762;2436;81;2;0;36.28
4763;2437;82;1;0;18.81
4764;2437;61;1;10;55.11
4765;2438;84;1;5;24.39
4766;2439;117;2;5;132.96
4767;2439;45;1;0;156.28
4768;2439;86;1;5;14.25
4769;2439;97;2;0;30.0
4770;2440;90;3;15;124.03
4771;2440;70;1;0;222.92
4772;2440;88;1;15;38.79
4773;2441;47;1;0;16.67
4774;2441;77;1;5;14.25
4775;2442;65;1;0;49.07
4776;2443;103;2;10;53.8
4777;2444;59;1;0;19.9
4778;2444;68;1;0;160.88
4779;2445;67;2;0;46.38
4780;2446;38;2;5;105.79
4781;2447;58;1;10;126.73
4782;2448;95;3;0;146.73
4783;2449;34;3;15;54.39
4784;2450;28;3;20;85.75
4785;2450;4;1;5;31.16
4786;2450;26;1;0;38.24
4787;2451;16;1;10;33.61
4788;2451;96;1;15;137.05
4789;2451;47;1;5;15.84
4790;2452;115;2;0;42.82
4791;2452;22;3;0;56.13
4792;2453;103;1;10;26.9
4793;2453;46;1;0;163.24
4794;2454;78;3;0;174.12
4795;2454;46;1;0;163.24
4796;2454;28;1;15;30.37
4797;2454;12;1;0;47.45
4798;2454;72;3;10;363.31
4799;2455;16;1;5;35.47
4800;2455;101;2;0;42.2
4801;2456;67;1;10;20.87
4802;2457;96;1;5;153.17
4803;2457;20;1;0;58.07
4804;2458;19;2;0;124.24
4805;2459;46;2;0;326.48
4806;2460;68;2;5;305.67
4807;2461;16;1;10;33.61
4808;2461;74;1;0;47.75
4809;2461;55;1;0;15.0
4810;2461;94;1;10;87.53
4811;2462;95;1;5;46.46
4812;2463;53;1;0;70.97
4813;2464;47;2;5;31.67
4814;2464;45;2;15;265.68
4815;2465;97;1;5;14.25
4816;2466;64;1;0;15.0
4817;2466;120;2;0;84.3
4818;2467;37;1;10;22.49
4819;2468;91;2;15;44.56
4820;2468;37;1;0;24.99
4821;2469;119;1;0;94.67
4822;2469;93;1;5;14.25
4823;2469;109;2;5;28.5
4824;2469;115;1;0;21.41
4825;2470;58;1;0;140.81
4826;2471;100;3;0;272.67
4827;2472;105;1;0;63.54
4828;2472;48;1;15;27.82
4829;2472;15;2;0;48.58
4830;2472;89;1;0;20.76
4831;2473;107;1;0;77.52
4832;2474;28;1;5;33.94
4833;2474;27;2;0;155.9
4834;2474;48;1;5;31.09
4835;2474;102;2;0;47.08
4836;2474;119;1;20;75.74
4837;2475;38;1;0;55.68
4838;2475;26;2;5;72.66
4839;2476;30;1;0;15.0
4840;2476;29;1;15;12.75
4841;2477;68;1;20;128.7
4842;2478;12;1;0;47.45
4843;2479;27;1;0;77.95
4844;2480;31;1;5;64.26
4845;2480;91;1;5;24.9
4846;2481;82;1;15;15.99
4847;2481;58;3;0;422.43
4848;2482;67;2;0;46.38
4849;2482;13;1;15;28.08
4850;2482;97;2;10;27.0
4851;2482;53;1;0;70.97
4852;2483;52;1;0;25.88
4853;2483;56;2;0;47.7
4854;2483;38;2;0;111.36
4855;2484;77;1;0;15.0
4856;2484;106;2;0;69.12
4857;2484;56;1;5;22.66
4858;2485;68;1;0;160.88
4859;2486;73;1;0;15.0
4860;2486;79;2;0;242.72
4861;2486;91;1;0;26.21
4862;2486;43;1;15;93.66
4863;2486;32;1;10;45.59
4864;2487;35;1;0;34.49
4865;2487;99;3;0;81.45
4866;2487;76;3;0;110.16
4867;2488;32;1;20;40.53
4868;2488;86;1;0;15.0
4869;2488;99;1;0;27.15
4870;2489;100;1;0;90.89
4871;2489;35;1;0;34.49
4872;2490;64;1;0;15.0
4873;2490;65;1;5;46.62
4874;2490;32;2;0;101.32
4875;2490;7;2;5;66.54
4876;2490;119;1;5;89.94
4877;2491;87;1;15;22.68
4878;2492;55;1;15;12.75
4879;2492;34;1;20;17.06
4880;2493;56;1;15;20.27
4881;2494;88;1;0;45.63
4882;2495;11;1;0;106.71
4883;2496;53;1;0;70.97
4884;2496;48;2;0;65.46
4885;2496;81;1;0;18.14
4886;2497;65;2;15;83.42
4887;2497;112;1;20;12.0
4888;2498;36;1;0;48.55
4889;2499;79;2;0;242.72
4890;2499;10;1;0;65.67
4891;2499;95;1;0;48.91
4892;2500;99;1;5;25.79
4893;2500;53;1;0;70.97
4894;2501;15;2;0;48.58
4895;2502;1;2;5;40.51
4896;2502;81;1;0;18.14
4897;2502;62;1;5;34.11
4898;2502;94;1;15;82.67
4899;2503;120;1;0;42.15
4900;2504;32;1;0;50.66
4901;2505;110;1;0;83.15
4902;2506;98;1;0;72.09
4903;2507;87;2;5;50.69
4904;2507;31;1;5;64.26
4905;2507;52;1;0;25.88
4906;2507;81;3;15;46.26
4907;2508;75;1;0;38.89
4908;2509;109;1;5;14.25
4909;2509;50;1;0;48.76
4910;2510;30;1;0;15.0
4911;2510;3;1;5;76.74
4912;2511;8;1;0;15.0
4913;2511;115;1;0;21.41
4914;2512;53;1;0;70.97
4915;2512;96;2;0;322.46
4916;2513;100;1;0;90.89
4917;2514;78;1;0;58.04
4918;2515;1;1;0;21.32
4919;2515;41;1;0;22.53
4920;2515;62;2;0;71.82
4921;2516;58;2;0;281.62
4922;2517;35;1;5;32.77
4923;2517;57;2;0;73.06
4924;2517;8;2;10;27.0
4925;2517;15;1;0;24.29
4926;2517;105;2;10;114.37
4927;2518;49;1;0;93.55
4928;2518;68;1;0;160.88
4929;2519;73;1;5;14.25
4930;2519;31;3;5;192.77
4931;2520;25;1;0;33.59
4932;2520;32;1;15;43.06
4933;2520;92;1;0;146.56
4934;2521;92;2;0;293.12
4935;2522;26;3;0;114.72
4936;2523;1;1;10;19.19
4937;2523;74;1;15;40.59
4938;2523;34;1;0;21.33
4939;2524;53;1;15;60.32
4940;2524;4;1;0;32.8
4941;2524;98;1;20;57.67
4942;2525;4;3;0;98.4
4943;2525;78;2;5;110.28
4944;2525;114;1;0;51.73
4945;2526;26;3;0;114.72
4946;2527;86;1;10;13.5
4947;2527;89;2;10;37.37
4948;2527;68;1;5;152.84
4949;2528;14;1;10;174.09
4950;2528;73;1;0;15.0
4951;2528;43;1;20;88.15
4952;2528;55;1;5;14.25
4953;2529;76;1;0;36.72
4954;2529;105;2;15;108.02
4955;2530;107;1;10;69.77
4956;2530;73;1;10;13.5
4957;2530;120;1;0;42.15
4958;2530;95;1;0;48.91
4959;2531;61;1;0;61.23
4960;2532;37;1;0;24.99
4961;2532;64;2;5;28.5
4962;2533;69;1;0;21.21
4963;2534;5;2;5;72.45
4964;2535;20;2;0;116.14
4965;2535;49;1;0;93.55
4966;2536;81;1;10;16.33
4967;2537;66;1;10;52.77
4968;2537;103;1;0;29.89
4969;2538;87;1;0;26.68
4970;2539;52;2;5;49.17
4971;2539;76;1;0;36.72
4972;2540;29;1;5;14.25
4973;2541;84;1;5;24.39
4974;2542;42;3;5;52.1
4975;2543;27;2;5;148.1
4976;2543;10;1;5;62.39
4977;2544;43;1;0;110.19
4978;2545;94;1;5;92.4
4979;2545;101;2;0;42.2
4980;2546;74;1;0;47.75
4981;2547;42;1;10;16.45
4982;2547;3;1;15;68.66
4983;2548;9;1;0;20.64
4984;2548;3;1;0;80.78
4985;2548;39;1;0;36.63
4986;2549;68;2;0;321.76
4987;2550;15;3;10;65.58
4988;2550;28;2;5;67.89
4989;2551;82;1;0;18.81
4990;2551;10;1;10;59.1
4991;2552;108;2;15;93.42
4992;2552;53;1;0;70.97
4993;2552;37;2;0;49.98
4994;2553;16;2;0;74.68
4995;2554;32;1;0;50.66
4996;2555;36;1;15;41.27
4997;2556;88;1;5;43.35
4998;2557;7;1;0;35.02
4999;2557;57;1;0;36.53
5000;2557;74;2;0;95.5
5001;2557;100;1;15;77.26
5002;2557;46;1;5;155.08
5003;2558;44;2;0;168.88
5004;2558;56;3;0;71.55
5005;2558;33;1;0;41.22
5006;2558;86;1;0;15.0
5007;2559;103;2;5;56.79
5008;2559;118;2;5;81.53
5009;2559;9;1;5;19.61
5010;2559;43;1;5;104.68
5011;2560;39;1;10;32.97
5012;2560;76;2;5;69.77
5013;2560;23;1;0;57.15
5014;2561;1;2;0;42.64
5015;2562;25;1;10;30.23
5016;2562;75;1;0;38.89
5017;2563;114;1;5;49.14
5018;2563;6;1;0;65.87
5019;2564;52;1;0;25.88
5020;2564;47;1;0;16.67
5021;2565;86;3;20;36.0
5022;2565;42;2;0;36.56
5023;2566;25;1;0;33.59
5024;2566;102;1;0;23.54
5025;2566;20;1;15;49.36
5026;2566;93;1;0;15.0
5027;2566;15;2;0;48.58
5028;2567;2;2;15;32.33
5029;2567;94;2;0;194.52
5030;2567;17;3;0;90.06
5031;2567;19;1;0;62.12
5032;2568;97;1;0;15.0
5033;2568;113;2;10;114.05
5034;2568;33;1;0;41.22
5035;2568;21;2;5;67.81
5036;2569;97;1;5;14.25
5037;2569;69;2;5;40.3
5038;2570;111;2;0;86.2
5039;2570;64;1;0;15.0
5040;2570;63;2;10;163.96
5041;2571;48;1;10;29.46
5042;2571;110;2;5;157.99
5043;2571;10;1;15;55.82
5044;2571;3;1;0;80.78
5045;2572;9;1;10;18.58
5046;2573;109;2;20;24.0
5047;2573;56;1;0;23.85
5048;2574;71;1;15;18.92
5049;2575;100;1;5;86.35
5050;2575;107;1;0;77.52
5051;2576;116;2;10;176.49
5052;2577;106;1;0;34.56
5053;2578;40;1;5;14.25
5054;2579;62;1;5;34.11
5055;2580;102;1;10;21.19
5056;2580;117;1;0;69.98
5057;2581;2;1;5;18.07
5058;2581;104;1;10;13.5
5059;2582;116;1;0;98.05
5060;2583;45;1;0;156.28
5061;2583;38;1;0;55.68
5062;2584;64;1;5;14.25
5063;2584;40;3;10;40.5
5064;2585;110;1;0;83.15
5065;2586;31;1;0;67.64
5066;2587;6;1;0;65.87
5067;2587;91;2;0;52.42
5068;2587;26;1;0;38.24
5069;2587;114;2;15;87.94
5070;2587;106;2;5;65.66
5071;2588;95;2;0;97.82
5072;2588;88;1;10;41.07
5073;2589;32;2;15;86.12
5074;2589;97;1;0;15.0
5075;2590;69;3;0;63.63
5076;2590;65;1;10;44.16
5077;2590;52;2;5;49.17
5078;2590;21;1;10;32.12
5079;2591;54;1;20;24.3
5080;2592;20;1;5;55.17
5081;2593;55;1;5;14.25
5082;2594;9;1;5;19.61
5083;2595;25;1;5;31.91
5084;2596;47;1;0;16.67
5085;2597;26;1;0;38.24
5086;2598;98;1;0;72.09
5087;2598;19;1;20;49.7
5088;2599;102;1;0;23.54
5089;2599;100;2;15;154.51
5090;2600;106;1;0;34.56
5091;2600;59;1;0;19.9
5092;2600;63;1;0;91.09
5093;2600;55;1;10;13.5
5094;2601;83;2;0;383.22
5095;2601;82;1;0;18.81
5096;2602;53;2;0;141.94
5097;2602;119;1;0;94.67
5098;2602;66;1;0;58.63
5099;2603;52;1;5;24.59
5100;2603;100;1;5;86.35
5101;2604;117;1;20;55.98
5102;2604;73;1;0;15.0
5103;2605;77;1;0;15.0
5104;2605;25;1;5;31.91
5105;2605;99;1;15;23.08
5106;2606;7;1;20;28.02
5107;2607;8;1;0;15.0
5108;2608;35;3;10;93.12
5109;2608;37;1;15;21.24
5110;2609;65;1;20;39.26
5111;2609;112;1;15;12.75
5112;2610;5;2;5;72.45
5113;2610;95;1;0;48.91
5114;2610;59;2;5;37.81
5115;2611;14;1;0;193.43
5116;2612;114;1;5;49.14
5117;2613;35;1;0;34.49
5118;2614;34;1;0;21.33
5119;2615;2;1;0;19.02
5120;2615;30;2;5;28.5
5121;2616;40;2;5;28.5
5122;2617;33;2;5;78.32
5123;2617;77;2;5;28.5
5124;2618;80;2;0;84.12
5125;2618;77;1;0;15.0
5126;2619;68;1;15;136.75
5127;2620;32;2;5;96.25
5128;2620;18;2;0;88.76
5129;2620;11;2;0;213.42
5130;2620;105;1;0;63.54
5131;2620;34;2;0;42.66
5132;2621;108;1;15;46.71
5133;2622;101;1;0;21.1
5134;2622;89;1;5;19.72
5135;2622;43;1;0;110.19
5136;2623;118;1;0;42.91
5137;2623;116;1;0;98.05
5138;2624;47;1;20;13.34
5139;2624;112;1;0;15.0
5140;2624;17;2;10;54.04
5141;2625;34;1;0;21.33
5142;2626;86;1;5;14.25
5143;2626;98;1;5;68.49
5144;2627;41;2;20;36.05
5145;2627;27;1;20;62.36
5146;2627;57;1;0;36.53
5147;2628;75;1;20;31.11
5148;2628;105;1;0;63.54
5149;2628;110;1;5;78.99
5150;2629;95;2;0;97.82
5151;2629;120;1;0;42.15
5152;2629;81;2;0;36.28
5153;2629;43;1;0;110.19
5154;2630;58;1;0;140.81
5155;2630;104;2;0;30.0
5156;2631;62;1;15;30.52
5157;2631;33;1;0;41.22
5158;2632;56;1;5;22.66
5159;2633;95;1;0;48.91
5160;2634;105;2;10;114.37
5161;2634;72;1;0;134.56
5162;2634;46;1;0;163.24
5163;2635;104;3;5;42.75
5164;2636;79;3;0;364.08
5165;2636;110;2;5;157.99
5166;2637;86;3;10;40.5
5167;2638;28;1;10;32.16
5168;2638;17;1;20;24.02
5169;2638;48;2;0;65.46
5170;2639;20;1;5;55.17
5171;2639;59;1;0;19.9
5172;2639;72;2;5;255.66
5173;2639;74;1;0;47.75
5174;2640;80;1;0;42.06
5175;2641;64;2;5;28.5
5176;2641;91;2;10;47.18
5177;2642;88;1;0;45.63
5178;2643;50;1;0;48.76
5179;2644;36;1;0;48.55
5180;2644;94;1;0;97.26
5181;2644;119;1;20;75.74
5182;2644;50;3;0;146.28
5183;2644;44;3;5;240.65
5184;2645;84;1;0;25.67
5185;2645;38;1;10;50.11
5186;2646;62;2;0;71.82
5187;2647;105;1;5;60.36
5188;2647;82;1;0;18.81
5189;2647;113;3;5;180.58
5190;2648;6;1;0;65.87
5191;2649;33;1;20;32.98
5192;2649;90;1;10;43.78
5193;2650;46;1;0;163.24
5194;2651;72;1;0;134.56
5195;2652;60;2;0;189.9
5196;2652;58;3;5;401.31
5197;2652;109;3;15;38.25
5198;2653;99;1;5;25.79
5199;2654;68;1;5;152.84
5200;2654;20;1;0;58.07
5201;2655;21;3;0;107.07
5202;2656;90;1;0;48.64
5203;2656;42;1;0;18.28
5204;2656;73;1;10;13.5
5205;2656;53;1;5;67.42
5206;2656;99;3;0;81.45
5207;2657;120;1;0;42.15
5208;2658;44;1;20;67.55
5209;2659;66;1;0;58.63
5210;2660;70;1;20;178.34
5211;2661;80;2;0;84.12
5212;2662;58;1;0;140.81
5213;2663;6;2;15;111.98
5214;2663;40;1;0;15.0
5215;2664;19;1;5;59.01
5216;2664;14;2;5;367.52
5217;2664;63;1;5;86.54
5218;2664;113;1;0;63.36
5219;2665;115;1;5;20.34
5220;2666;115;1;0;21.41
5221;2666;107;1;10;69.77
5222;2666;47;1;5;15.84
5223;2666;69;3;0;63.63
5224;2667;31;1;0;67.64
5225;2668;21;1;0;35.69
5226;2669;67;2;0;46.38
5227;2669;19;1;15;52.8
5228;2670;76;1;0;36.72
5229;2670;26;1;0;38.24
5230;2671;76;2;10;66.1
5231;2671;18;2;15;75.45
5232;2672;64;1;0;15.0
5233;2673;4;1;0;32.8
5234;2674;19;1;0;62.12
5235;2675;110;2;15;141.36
5236;2675;1;2;0;42.64
5237;2675;113;1;0;63.36
5238;2676;117;3;10;188.95
5239;2677;94;3;0;291.78
5240;2678;57;3;5;104.11
5241;2678;105;2;0;127.08
5242;2679;31;1;0;67.64
5243;2680;63;3;0;273.27
5244;2680;40;1;0;15.0
5245;2680;115;1;10;19.27
5246;2681;112;1;0;15.0
5247;2682;33;1;0;41.22
5248;2682;48;1;0;32.73
5249;2682;107;1;0;77.52
5250;2683;9;1;5;19.61
5251;2684;88;1;5;43.35
5252;2684;74;1;5;45.36
5253;2685;118;1;10;38.62
5254;2685;21;1;5;33.91
5255;2685;16;1;10;33.61
5256;2686;34;1;15;18.13
5257;2686;119;1;0;94.67
5258;2686;100;2;0;181.78
5259;2686;45;1;0;156.28
5260;2687;108;1;15;46.71
5261;2687;30;1;10;13.5
5262;2688;86;2;15;25.5
5263;2688;58;2;5;267.54
5264;2688;97;1;10;13.5
5265;2689;86;1;0;15.0
5266;2690;24;1;0;219.58
5267;2691;72;1;20;107.65
5268;2692;10;1;5;62.39
5269;2693;60;1;0;94.95
5270;2693;101;2;0;42.2
5271;2693;87;1;10;24.01
5272;2694;32;2;0;101.32
5273;2694;21;1;0;35.69
5274;2695;106;1;0;34.56
5275;2696;65;1;0;49.07
5276;2697;51;1;0;153.28
5277;2698;67;1;15;19.71
5278;2698;28;3;15;91.11
5279;2699;43;3;20;264.46
5280;2699;45;2;0;312.56
5281;2700;104;1;15;12.75
5282;2700;74;1;5;45.36
5283;2701;50;1;5;46.32
5284;2701;116;1;0;98.05
5285;2701;6;2;5;125.15
5286;2701;89;1;10;18.68
5287;2702;76;2;15;62.42
5288;2702;26;1;0;38.24
5289;2702;51;2;10;275.9
5290;2702;103;1;5;28.4
5291;2703;7;1;5;33.27
5292;2703;12;3;10;128.12
5293;2703;105;2;5;120.73
5294;2703;113;1;10;57.02
5295;2704;85;1;0;41.5
5296;2705;116;1;0;98.05
5297;2705;46;2;10;293.83
5298;2706;44;1;0;84.44
5299;2707;20;1;5;55.17
5300;2708;2;1;0;19.02
5301;2708;31;2;10;121.75
5302;2708;7;2;0;70.04
5303;2708;83;1;0;191.61
5304;2709;7;1;20;28.02
5305;2709;63;1;5;86.54
5306;2709;36;1;0;48.55
5307;2709;48;1;5;31.09
5308;2710;35;1;15;29.32
5309;2711;86;1;5;14.25
5310;2711;72;1;0;134.56
5311;2712;46;1;0;163.24
5312;2712;44;1;0;84.44
5313;2713;37;2;0;49.98
5314;2713;60;1;15;80.71
5315;2713;13;1;0;33.04
5316;2713;24;2;5;417.2
5317;2714;9;3;0;61.92
5318;2714;45;2;10;281.3
5319;2714;8;1;0;15.0
5320;2715;79;2;0;242.72
5321;2715;83;2;10;344.9
5322;2716;17;1;5;28.52
5323;2717;57;1;0;36.53
5324;2718;37;2;0;49.98
5325;2719;107;2;0;155.04
5326;2720;36;2;0;97.1
5327;2721;21;1;5;33.91
5328;2722;119;1;0;94.67
5329;2722;91;1;0;26.21
5330;2723;60;1;10;85.45
5331;2724;8;2;0;30.0
5332;2724;78;2;0;116.08
5333;2725;82;3;0;56.43
5334;2726;43;1;0;110.19
5335;2727;84;2;5;48.77
5336;2727;4;1;5;31.16
5337;2727;31;2;0;135.28
5338;2727;38;2;10;100.22
5339;2727;36;1;10;43.7
5340;2728;43;1;0;110.19
5341;2728;16;3;10;100.82
5342;2728;60;2;0;189.9
5343;2729;105;1;15;54.01
5344;2730;99;2;5;51.58
5345;2730;118;1;0;42.91
5346;2731;12;1;0;47.45
5347;2731;2;2;0;38.04
5348;2732;108;1;5;52.2
5349;2732;93;1;0;15.0
5350;2733;8;1;10;13.5
5351;2734;72;1;0;134.56
5352;2735;86;1;5;14.25
5353;2735;25;1;5;31.91
5354;2735;78;1;15;49.33
5355;2735;20;1;0;58.07
5356;2736;86;2;0;30.0
5357;2736;76;1;0;36.72
5358;2737;52;1;0;25.88
5359;2737;59;3;0;59.7
5360;2737;88;1;0;45.63
5361;2738;119;1;0;94.67
5362;2739;113;1;15;53.86
5363;2739;88;1;0;45.63
5364;2740;102;1;5;22.36
5365;2740;24;2;0;439.16
5366;2741;32;1;0;50.66
5367;2742;22;3;5;53.32
5368;2742;61;1;0;61.23
5369;2743;56;1;0;23.85
5370;2743;54;3;0;91.14
5371;2743;51;1;0;153.28
5372;2744;71;2;5;42.29
5373;2744;50;1;20;39.01
5374;2745;115;3;15;54.6
5375;2746;80;1;20;33.65
5376;2746;47;1;0;16.67
5377;2747;70;1;10;200.63
5378;2747;30;1;0;15.0
5379;2747;90;1;5;46.21
5380;2748;107;2;0;155.04
5381;2749;71;1;0;22.26
5382;2749;104;3;0;45.0
5383;2749;1;1;0;21.32
5384;2749;12;2;0;94.9
5385;2749;100;1;0;90.89
5386;2750;105;2;5;120.73
5387;2751;23;1;0;57.15
5388;2751;11;1;0;106.71
5389;2752;45;1;15;132.84
5390;2753;52;1;5;24.59
5391;2753;116;1;0;98.05
5392;2754;60;1;0;94.95
5393;2755;40;1;0;15.0
5394;2756;10;1;5;62.39
5395;2757;115;1;0;21.41
5396;2757;92;1;0;146.56
5397;2758;85;1;0;41.5
5398;2758;94;2;15;165.34
5399;2759;27;1;0;77.95
5400;2760;23;1;0;57.15
5401;2760;34;1;5;20.26
5402;2761;112;1;0;15.0
5403;2762;22;3;5;53.32
5404;2762;68;1;0;160.88
5405;2763;15;1;0;24.29
5406;2764;23;1;0;57.15
5407;2764;41;1;0;22.53
5408;2765;79;1;0;121.36
5409;2766;87;1;10;24.01
5410;2767;4;1;0;32.8
5411;2767;58;1;0;140.81
5412;2768;101;1;0;21.1
5413;2769;30;1;0;15.0
5414;2769;4;1;10;29.52
5415;2770;11;1;0;106.71
5416;2770;64;1;0;15.0
5417;2770;116;2;0;196.1
5418;2770;21;1;0;35.69
5419;2771;12;2;0;94.9
5420;2772;4;1;5;31.16
5421;2773;9;1;5;19.61
5422;2774;86;1;0;15.0
5423;2774;51;2;0;306.56
5424;2775;12;2;10;85.41
5425;2775;21;1;0;35.69
5426;2776;11;1;5;101.37
5427;2776;32;1;0;50.66
5428;2777;102;1;0;23.54
5429;2778;52;1;0;25.88
5430;2779;10;3;0;197.01
5431;2780;1;1;20;17.06
5432;2781;85;1;10;37.35
5433;2782;89;1;0;20.76
5434;2782;24;1;10;197.62
5435;2783;80;1;5;39.96
5436;2783;78;1;15;49.33
5437;2783;113;1;0;63.36
5438;2783;25;2;0;67.18
5439;2784;92;1;0;146.56
5440;2785;32;1;0;50.66
5441;2785;75;2;10;70.0
5442;2786;54;1;10;27.34
5443;2786;85;1;0;41.5
5444;2786;59;3;10;53.73
5445;2787;8;1;0;15.0
5446;2787;110;1;10;74.84
5447;2788;26;1;5;36.33
5448;2789;72;2;0;269.12
5449;2789;54;1;0;30.38
5450;2789;24;1;0;219.58
5451;2790;120;1;0;42.15
5452;2790;19;1;5;59.01
5453;2790;11;1;5;101.37
5454;2791;69;1;10;19.09
5455;2791;92;2;0;293.12
5456;2792;117;1;10;62.98
5457;2793;76;1;0;36.72
5458;2794;117;1;0;69.98
5459;2795;1;1;0;21.32
5460;2796;29;1;5;14.25
5461;2796;110;2;15;141.36
5462;2796;36;1;20;38.84
5463;2797;10;1;0;65.67
5464;2798;62;1;5;34.11
5465;2799;82;1;0;18.81
5466;2799;10;1;5;62.39
5467;2799;118;1;0;42.91
5468;2799;35;2;5;65.53
5469;2799;81;1;5;17.23
5470;2800;102;2;5;44.73
5471;2800;9;1;0;20.64
5472;2800;67;1;0;23.19
5473;2801;14;2;0;386.86
5474;2802;98;3;0;216.27
5475;2802;7;2;5;66.54
5476;2802;24;1;20;175.66
5477;2802;117;2;20;111.97
5478;2803;11;1;5;101.37
5479;2804;98;1;10;64.88
5480;2804;49;2;0;187.1
5481;2805;11;1;0;106.71
5482;2806;32;2;15;86.12
5483;2806;91;1;20;20.97
5484;2807;77;1;5;14.25
5485;2808;97;2;5;28.5
5486;2809;62;1;5;34.11
5487;2810;3;1;5;76.74
5488;2811;69;1;10;19.09
5489;2811;14;2;0;386.86
5490;2812;112;1;5;14.25
5491;2812;18;1;5;42.16
5492;2812;68;1;5;152.84
5493;2813;118;1;0;42.91
5494;2813;51;2;10;275.9
5495;2814;18;1;10;39.94
5496;2815;36;1;0;48.55
5497;2816;44;1;0;84.44
5498;2817;106;1;15;29.38
5499;2818;63;1;5;86.54
5500;2818;113;1;5;60.19
5501;2818;111;1;0;43.1
5502;2818;33;1;15;35.04
5503;2819;109;1;0;15.0
5504;2819;82;1;0;18.81
5505;2819;7;1;0;35.02
5506;2820;55;1;10;13.5
5507;2820;42;1;0;18.28
5508;2820;113;2;20;101.38
5509;2821;44;1;0;84.44
5510;2821;35;1;10;31.04
5511;2822;95;1;15;41.57
5512;2823;87;1;0;26.68
5513;2823;78;1;0;58.04
5514;2823;112;1;5;14.25
5515;2823;62;1;0;35.91
5516;2823;49;1;0;93.55
5517;2824;68;1;0;160.88
5518;2825;78;1;5;55.14
5519;2825;115;1;0;21.41
5520;2825;107;3;0;232.56
5521;2825;25;1;15;28.55
5522;2826;30;2;0;30.0
5523;2826;8;1;5;14.25
5524;2826;65;1;5;46.62
5525;2827;118;1;0;42.91
5526;2827;26;1;0;38.24
5527;2828;93;3;15;38.25
5528;2829;44;1;0;84.44
5529;2829;98;1;5;68.49
5530;2829;59;1;0;19.9
5531;2830;26;2;5;72.66
5532;2830;46;1;0;163.24
5533;2831;7;1;5;33.27
5534;2832;27;1;0;77.95
5535;2832;47;3;0;50.01
5536;2832;87;1;10;24.01
5537;2833;102;1;0;23.54
5538;2834;39;1;0;36.63
5539;2834;40;1;15;12.75
5540;2834;105;3;20;152.5
5541;2835;90;2;15;82.69
5542;2836;42;2;15;31.08
5543;2837;47;1;0;16.67
5544;2837;65;1;0;49.07
5545;2837;80;1;0;42.06
5546;2838;106;1;20;27.65
5547;2838;92;2;0;293.12
5548;2839;91;1;0;26.21
5549;2840;33;2;0;82.44
5550;2841;39;2;20;58.61
5551;2842;64;2;10;27.0
5552;2843;6;1;5;62.58
5553;2844;55;2;20;24.0
5554;2844;63;2;5;173.07
5555;2844;19;2;5;118.03
5556;2845;92;2;0;293.12
5557;2845;5;1;10;34.32
5558;2846;2;1;5;18.07
5559;2846;96;2;5;306.34
5560;2847;45;1;0;156.28
5561;2848;97;1;0;15.0
5562;2848;52;2;20;41.41
5563;2848;63;1;0;91.09
5564;2849;60;1;0;94.95
5565;2850;75;2;20;62.22
5566;2851;82;1;5;17.87
5567;2852;29;1;0;15.0
5568;2852;27;1;15;66.26
5569;2852;76;3;0;110.16
5570;2852;43;1;5;104.68
5571;2853;116;1;5;93.15
5572;2853;73;1;10;13.5
5573;2854;74;2;5;90.72
5574;2854;97;3;5;42.75
5575;2855;81;1;5;17.23
5576;2856;11;1;0;106.71
5577;2856;55;3;0;45.0
5578;2857;50;1;0;48.76
5579;2858;88;1;10;41.07
5580;2859;20;1;0;58.07
5581;2860;59;1;5;18.9
5582;2861;39;2;10;65.93
5583;2862;28;2;0;71.46
5584;2863;27;1;0;77.95
5585;2863;96;1;0;161.23
5586;2863;102;1;0;23.54
5587;2863;42;2;0;36.56
5588;2863;17;1;20;24.02
5589;2864;43;1;0;110.19
5590;2864;65;1;0;49.07
5591;2865;13;3;0;99.12
5592;2865;84;1;0;25.67
5593;2866;51;1;15;130.29
5594;2867;109;1;0;15.0
5595;2868;92;1;5;139.23
5596;2868;23;3;0;171.45
5597;2869;96;1;0;161.23
5598;2870;43;1;5;104.68
5599;2870;54;1;10;27.34
5600;2870;58;2;0;281.62
5601;2870;107;1;0;77.52
5602;2871;51;1;10;137.95
5603;2871;43;1;0;110.19
5604;2871;20;1;0;58.07
5605;2872;22;1;5;17.77
5606;2872;117;1;0;69.98
5607;2873;93;1;10;13.5
5608;2874;18;1;10;39.94
5609;2875;73;2;15;25.5
5610;2875;86;3;5;42.75
5611;2876;96;1;10;145.11
5612;2876;105;1;10;57.19
5613;2877;69;1;0;21.21
5614;2877;109;1;15;12.75
5615;2877;56;1;15;20.27
5616;2877;44;2;5;160.44
5617;2878;27;1;5;74.05
5618;2879;50;2;5;92.64
5619;2879;104;1;0;15.0
5620;2879;2;1;0;19.02
5621;2880;64;1;15;12.75
5622;2880;69;1;5;20.15
5623;2881;71;3;0;66.78
5624;2881;13;2;5;62.78
5625;2882;3;1;0;80.78
5626;2883;54;1;0;30.38
5627;2884;42;2;10;32.9
5628;2884;63;2;5;173.07
5629;2885;77;1;0;15.0
5630;2885;32;1;5;48.13
5631;2886;69;1;0;21.21
5632;2886;64;1;10;13.5
5633;2887;43;1;5;104.68
5634;2887;28;1;10;32.16
5635;2887;13;1;0;33.04
5636;2888;67;1;10;20.87
5637;2888;7;2;0;70.04
5638;2889;4;1;5;31.16
5639;2890;33;2;0;82.44
5640;2890;51;1;0;153.28
5641;2890;57;1;0;36.53
5642;2890;118;1;10;38.62
5643;2891;74;1;15;40.59
5644;2892;2;1;0;19.02
5645;2893;81;1;0;18.14
5646;2894;111;1;0;43.1
5647;2894;96;1;0;161.23
5648;2895;76;1;10;33.05
5649;2895;5;1;5;36.22
5650;2895;94;1;5;92.4
5651;2896;107;2;0;155.04
5652;2896;22;3;15;47.71
5653;2897;28;1;10;32.16
5654;2898;84;1;0;25.67
5655;2898;25;1;0;33.59
5656;2899;105;1;0;63.54
5657;2899;58;1;0;140.81
5658;2899;91;2;0;52.42
5659;2900;29;2;0;30.0
5660;2901;52;1;5;24.59
5661;2901;108;3;10;148.37
5662;2901;58;2;5;267.54
5663;2902;57;1;0;36.53
5664;2903;108;1;0;54.95
5665;2904;22;1;5;17.77
5666;2904;35;1;0;34.49
5667;2904;98;2;0;144.18
5668;2905;34;1;5;20.26
5669;2905;90;1;0;48.64
5670;2906;39;1;20;29.3
5671;2906;87;1;5;25.35
5672;2906;104;1;15;12.75
5673;2906;106;1;0;34.56
5674;2906;67;1;0;23.19
5675;2907;115;1;0;21.41
5676;2908;64;1;5;14.25
5677;2908;5;2;10;68.63
5678;2908;84;1;20;20.54
5679;2909;29;1;0;15.0
5680;2909;34;2;0;42.66
5681;2909;56;3;0;71.55
5682;2910;89;1;0;20.76
5683;2911;18;1;0;44.38
5684;2911;36;1;15;41.27
5685;2911;99;1;0;27.15
5686;2911;42;1;20;14.62
5687;2912;103;3;20;71.74
5688;2912;22;1;15;15.9
5689;2913;99;1;5;25.79
5690;2913;21;2;0;71.38
5691;2914;115;3;5;61.02
5692;2915;72;2;10;242.21
5693;2916;118;1;0;42.91
5694;2916;16;1;0;37.34
5695;2916;102;2;5;44.73
5696;2917;111;3;0;129.3
5697;2917;98;1;5;68.49
5698;2918;36;1;0;48.55
5699;2919;11;1;0;106.71
5700;2919;34;1;0;21.33
5701;2919;99;2;0;54.3
5702;2919;1;1;0;21.32
5703;2920;75;1;0;38.89
5704;2920;105;2;0;127.08
5705;2920;97;1;5;14.25
5706;2920;70;1;0;222.92
5707;2920;49;1;0;93.55
5708;2921;50;3;0;146.28
5709;2921;38;1;0;55.68
5710;2922;47;1;0;16.67
5711;2923;86;1;0;15.0
5712;2923;28;1;5;33.94
5713;2923;51;1;0;153.28
5714;2923;27;1;0;77.95
5715;2924;114;1;5;49.14
5716;2925;11;1;0;106.71
5717;2926;88;3;0;136.89
5718;2926;5;3;0;114.39
5719;2926;30;1;10;13.5
5720;2927;10;1;0;65.67
5721;2928;20;1;10;52.26
5722;2928;21;1;0;35.69
5723;2928;115;1;0;21.41
5724;2928;74;1;5;45.36
5725;2929;50;2;0;97.52
5726;2930;26;2;5;72.66
5727;2930;66;2;5;111.4
5728;2931;54;1;0;30.38
5729;2931;50;1;15;41.45
5730;2931;81;2;0;36.28
5731;2931;63;1;0;91.09
5732;2931;70;2;15;378.96
5733;2932;96;1;10;145.11
5734;2933;22;1;0;18.71
5735;2933;79;1;5;115.29
5736;2934;57;1;0;36.53
5737;2935;11;1;10;96.04
5738;2935;33;1;5;39.16
5739;2936;38;2;0;111.36
5740;2936;97;1;10;13.5
5741;2937;24;1;20;175.66
5742;2937;7;1;0;35.02
5743;2937;66;1;0;58.63
5744;2938;6;2;10;118.57
5745;2939;77;2;0;30.0
5746;2939;9;1;10;18.58
5747;2939;30;1;0;15.0
5748;2940;101;1;20;16.88
5749;2940;31;1;10;60.88
5750;2940;72;3;20;322.94
5751;2941;77;1;0;15.0
5752;2942;29;3;0;45.0
5753;2943;17;1;0;30.02
5754;2944;120;2;5;80.08
5755;2944;86;1;0;15.0
5756;2944;66;1;5;55.7
5757;2945;62;1;0;35.91
5758;2945;33;1;5;39.16
5759;2946;2;1;0;19.02
5760;2946;4;1;15;27.88
5761;2946;26;1;15;32.5
5762;2947;38;2;5;105.79
5763;2948;8;2;10;27.0
5764;2949;1;1;0;21.32
5765;2950;69;1;5;20.15
5766;2951;52;1;0;25.88
5767;2952;118;1;5;40.76
5768;2953;52;1;0;25.88
5769;2954;32;1;15;43.06
5770;2955;80;2;0;84.12
5771;2956;67;1;20;18.55
5772;2957;38;1;0;55.68
5773;2957;91;1;5;24.9
5774;2957;111;2;0;86.2
5775;2958;58;1;10;126.73
5776;2958;110;3;0;249.45
5777;2958;60;3;0;284.85
5778;2959;44;1;0;84.44
5779;2959;74;2;5;90.72
5780;2959;62;2;0;71.82
5781;2959;58;1;0;140.81
5782;2959;30;2;0;30.0
5783;2960;3;1;5;76.74
5784;2960;38;3;0;167.04
5785;2960;104;1;0;15.0
5786;2961;115;1;0;21.41
5787;2961;88;1;10;41.07
5788;2961;65;1;0;49.07
5789;2962;30;1;10;13.5
5790;2962;53;1;0;70.97
5791;2963;120;2;15;71.66
5792;2964;19;2;5;118.03
5793;2965;66;1;0;58.63
5794;2965;47;3;5;47.51
5795;2965;117;1;0;69.98
5796;2966;72;1;0;134.56
5797;2966;100;1;0;90.89
5798;2967;68;1;5;152.84
5799;2968;107;1;10;69.77
5800;2968;33;1;0;41.22
5801;2968;71;1;5;21.15
5802;2969;111;3;0;129.3
5803;2970;75;1;0;38.89
5804;2970;53;1;0;70.97
5805;2971;34;1;10;19.2
5806;2971;76;1;15;31.21
5807;2971;92;1;10;131.9
5808;2972;81;2;0;36.28
5809;2973;90;1;5;46.21
5810;2973;86;2;15;25.5
5811;2973;94;2;0;194.52
5812;2974;102;1;0;23.54
5813;2974;56;1;0;23.85
5814;2975;29;1;0;15.0
5815;2976;38;1;15;47.33
5816;2977;100;3;0;272.67
5817;2978;14;1;5;183.76
5818;2978;57;1;0;36.53
5819;2979;93;1;0;15.0
5820;2980;53;3;0;212.91
5821;2980;60;2;0;189.9
5822;2980;51;1;0;153.28
5823;2980;18;3;0;133.14
5824;2981;54;1;0;30.38
5825;2982;115;1;5;20.34
5826;2982;66;1;0;58.63
5827;2983;45;2;0;312.56
5828;2983;5;1;0;38.13
5829;2983;85;1;15;35.27
5830;2984;8;1;0;15.0
5831;2984;105;1;0;63.54
5832;2984;92;1;0;146.56
5833;2985;89;1;5;19.72
5834;2985;111;1;0;43.1
5835;2986;86;1;15;12.75
5836;2986;2;1;20;15.22
5837;2987;100;2;10;163.6
5838;2988;48;1;0;32.73
5839;2989;64;1;20;12.0
5840;2989;2;1;0;19.02
5841;2990;17;2;0;60.04
5842;2991;56;1;15;20.27
5843;2991;84;1;5;24.39
5844;2992;24;1;0;219.58
5845;2993;58;1;5;133.77
5846;2993;89;1;0;20.76
5847;2993;47;1;0;16.67
5848;2994;33;1;5;39.16
5849;2994;104;1;5;14.25
5850;2994;112;1;5;14.25
5851;2995;49;1;0;93.55
5852;2996;17;2;15;51.03
5853;2996;109;2;0;30.0
5854;2996;87;1;0;26.68
5855;2997;93;1;5;14.25
5856;2998;85;1;10;37.35
5857;2998;33;1;5;39.16
5858;2998;32;2;5;96.25
5859;2999;63;2;0;182.18
5860;2999;97;1;0;15.0
5861;3000;43;2;0;220.38
5862;3000;110;1;0;83.15
5863;3000;84;1;0;25.67
5864;3001;89;1;0;20.76
5865;3001;93;3;0;45.0
5866;3001;115;3;0;64.23
5867;3002;24;3;10;592.87
5868;3003;3;2;20;129.25
5869;3004;100;1;0;90.89
5870;3004;34;1;5;20.26
5871;3004;19;1;10;55.91
5872;3005;66;2;10;105.53
5873;3006;50;1;0;48.76
5874;3006;1;1;5;20.25
5875;3006;111;1;0;43.1
5876;3007;98;1;10;64.88
5877;3007;54;2;5;57.72
5878;3007;51;1;0;153.28
5879;3008;73;1;0;15.0
5880;3008;87;1;0;26.68
5881;3008;97;1;15;12.75
5882;3008;51;1;5;145.62
5883;3009;19;3;15;158.41
5884;3010;24;1;15;186.64
5885;3011;63;1;0;91.09
5886;3011;33;1;5;39.16
5887;3011;42;2;0;36.56
5888;3012;119;2;5;179.87
5889;3012;36;1;0;48.55
5890;3013;50;1;5;46.32
5891;3014;59;1;0;19.9
5892;3015;30;1;0;15.0
5893;3015;116;1;5;93.15
5894;3016;72;1;20;107.65
5895;3016;106;1;20;27.65
5896;3017;64;3;0;45.0
5897;3017;11;1;0;106.71
5898;3017;87;2;0;53.36
5899;3018;86;1;15;12.75
5900;3018;28;1;5;33.94
5901;3018;36;1;0;48.55
5902;3019;108;1;20;43.96
5903;3019;85;2;5;78.85
5904;3020;62;1;0;35.91
5905;3021;71;1;0;22.26
5906;3022;70;1;5;211.77
5907;3023;120;1;5;40.04
5908;3023;37;3;0;74.97
5909;3023;19;1;0;62.12
5910;3023;18;2;0;88.76
5911;3024;7;3;5;99.81
5912;3024;22;1;15;15.9
5913;3025;5;1;0;38.13
5914;3026;70;1;0;222.92
5915;3026;107;2;0;155.04
5916;3027;89;1;5;19.72
5917;3027;114;1;0;51.73
5918;3028;90;3;10;131.33
5919;3029;7;3;15;89.3
5920;3029;20;1;0;58.07
5921;3030;53;1;5;67.42
5922;3030;96;1;20;128.98
5923;3030;57;1;10;32.88
5924;3030;83;1;0;191.61
5925;3031;100;1;10;81.8
5926;3031;82;1;20;15.05
5927;3032;81;1;5;17.23
5928;3033;18;1;0;44.38
5929;3033;52;2;0;51.76
5930;3034;64;1;0;15.0
5931;3034;87;1;5;25.35
5932;3035;3;1;5;76.74
5933;3035;101;1;10;18.99
5934;3036;63;1;0;91.09
5935;3037;51;1;5;145.62
5936;3037;57;1;10;32.88
5937;3038;66;1;0;58.63
5938;3038;89;1;10;18.68
5939;3038;62;2;0;71.82
5940;3038;116;3;5;279.44
5941;3039;105;1;0;63.54
5942;3039;67;3;0;69.57
5943;3040;28;2;0;71.46
5944;3041;87;1;0;26.68
5945;3041;58;1;15;119.69
5946;3042;110;1;0;83.15
5947;3043;12;1;0;47.45
5948;3044;4;1;5;31.16
5949;3044;101;1;0;21.1
5950;3044;53;2;20;113.55
5951;3045;86;1;10;13.5
5952;3045;35;2;5;65.53
5953;3046;65;1;0;49.07
5954;3047;120;3;15;107.48
5955;3048;95;2;0;97.82
5956;3049;8;1;0;15.0
5957;3050;35;1;20;27.59
5958;3050;93;1;5;14.25
5959;3050;54;1;5;28.86
5960;3051;14;1;20;154.74
5961;3051;99;1;0;27.15
5962;3051;74;1;0;47.75
5963;3051;51;2;0;306.56
5964;3052;52;1;0;25.88
5965;3052;28;1;15;30.37
5966;3052;3;2;0;161.56
5967;3052;8;1;0;15.0
5968;3053;92;1;15;124.58
5969;3053;109;1;0;15.0
5970;3053;83;1;10;172.45
5971;3053;8;2;0;30.0
5972;3053;112;3;5;42.75
5973;3054;21;1;5;33.91
5974;3055;59;1;0;19.9
5975;3056;12;3;5;135.23
5976;3057;38;1;0;55.68
5977;3058;28;1;0;35.73
5978;3058;100;3;0;272.67
5979;3059;32;1;0;50.66
5980;3060;95;3;0;146.73
5981;3060;78;1;5;55.14
5982;3061;56;1;15;20.27
5983;3062;114;1;0;51.73
5984;3063;1;2;0;42.64
5985;3064;19;1;0;62.12
5986;3065;116;1;0;98.05
5987;3066;64;1;0;15.0
5988;3066;35;1;5;32.77
5989;3066;53;2;0;141.94
5990;3067;7;1;15;29.77
5991;3067;68;1;0;160.88
5992;3068;15;1;0;24.29
5993;3069;106;1;20;27.65
5994;3069;54;1;0;30.38
5995;3069;63;1;0;91.09
5996;3069;77;2;5;28.5
5997;3070;50;1;15;41.45
5998;3070;98;1;10;64.88
5999;3071;74;1;10;42.98
6000;3071;115;1;15;18.2
6001;3071;111;1;0;43.1
6002;3071;19;2;0;124.24
6003;3072;32;3;0;151.98
6004;3072;37;3;0;74.97
6005;3073;97;1;0;15.0
6006;3073;54;2;5;57.72
6007;3074;31;1;5;64.26
6008;3074;53;2;15;120.65
6009;3075;93;1;0;15.0
6010;3076;104;1;5;14.25
6011;3076;39;1;15;31.14
6012;3077;69;3;0;63.63
6013;3077;33;2;5;78.32
6014;3078;62;1;0;35.91
6015;3079;36;1;0;48.55
6016;3080;71;2;10;40.07
6017;3081;29;1;10;13.5
6018;3081;17;1;10;27.02
6019;3082;15;1;0;24.29
6020;3083;29;1;15;12.75
6021;3084;18;1;0;44.38
6022;3084;25;2;0;67.18
6023;3085;25;1;15;28.55
6024;3085;113;1;15;53.86
6025;3085;92;1;0;146.56
6026;3086;52;2;0;51.76
6027;3087;71;2;10;40.07
6028;3087;19;3;0;186.36
6029;3088;75;2;5;73.89
6030;3088;83;2;10;344.9
6031;3089;104;2;20;24.0
6032;3089;42;2;10;32.9
6033;3090;91;1;0;26.21
6034;3091;30;1;5;14.25
6035;3092;50;1;0;48.76
6036;3093;59;1;0;19.9
6037;3094;12;1;5;45.08
6038;3095;65;1;0;49.07
6039;3095;39;1;0;36.63
6040;3096;81;1;0;18.14
6041;3097;90;1;10;43.78
6042;3097;4;2;0;65.6
6043;3098;50;1;5;46.32
6044;3099;29;2;10;27.0
6045;3099;58;1;20;112.65
6046;3099;73;1;0;15.0
6047;3099;113;1;0;63.36
6048;3100;5;2;0;76.26
6049;3101;27;3;0;233.85
6050;3101;111;1;0;43.1
6051;3101;55;1;0;15.0
6052;3101;100;1;0;90.89
6053;3102;46;1;0;163.24
6054;3103;96;2;5;306.34
6055;3104;23;1;10;51.44
6056;3105;81;1;0;18.14
6057;3106;97;2;5;28.5
6058;3106;47;1;0;16.67
6059;3107;102;1;15;20.01
6060;3108;86;1;10;13.5
6061;3109;56;1;5;22.66
6062;3110;6;2;0;131.74
6063;3111;81;1;0;18.14
6064;3112;78;2;5;110.28
6065;3113;106;1;10;31.1
6066;3113;65;1;5;46.62
6067;3113;6;1;0;65.87
6068;3113;118;2;0;85.82
6069;3114;94;1;0;97.26
6070;3115;83;1;10;172.45
6071;3116;5;1;0;38.13
6072;3116;99;1;5;25.79
6073;3117;93;2;10;27.0
6074;3117;71;1;5;21.15
6075;3117;112;2;0;30.0
6076;3118;75;1;0;38.89
6077;3119;51;3;20;367.87
6078;3120;70;1;5;211.77
6079;3120;38;1;0;55.68
6080;3120;49;1;0;93.55
6081;3121;15;1;0;24.29
6082;3122;23;2;10;102.87
6083;3122;99;3;5;77.38
6084;3123;5;1;5;36.22
6085;3124;84;1;0;25.67
6086;3124;29;3;0;45.0
6087;3124;12;1;0;47.45
6088;3124;98;3;0;216.27
6089;3125;109;1;10;13.5
6090;3126;65;1;5;46.62
6091;3126;95;2;5;92.93
6092;3127;103;2;15;50.81
6093;3127;114;2;5;98.29
6094;3127;15;1;0;24.29
6095;3128;25;1;0;33.59
6096;3128;57;1;0;36.53
6097;3129;37;1;0;24.99
6098;3129;85;2;15;70.55
6099;3129;87;1;0;26.68
6100;3130;44;1;5;80.22
6101;3131;33;3;10;111.29
6102;3132;120;1;20;33.72
6103;3133;116;1;5;93.15
6104;3134;2;1;0;19.02
6105;3135;85;1;0;41.5
6106;3135;80;1;10;37.85
6107;3136;53;1;0;70.97
6108;3137;65;2;10;88.33
6109;3138;91;1;0;26.21
6110;3139;10;1;0;65.67
6111;3140;114;1;0;51.73
6112;3140;52;2;20;41.41
6113;3141;57;1;0;36.53
6114;3142;100;2;0;181.78
6115;3142;27;1;0;77.95
6116;3143;14;1;10;174.09
6117;3144;70;2;0;445.84
6118;3145;65;2;5;93.23
6119;3145;68;1;15;136.75
6120;3146;115;1;0;21.41
6121;3146;31;1;0;67.64
6122;3146;73;1;0;15.0
6123;3146;62;2;0;71.82
6124;3147;92;1;0;146.56
6125;3148;19;1;20;49.7
6126;3149;14;3;0;580.29
6127;3149;82;3;0;56.43
6128;3149;101;1;15;17.94
6129;3149;71;2;0;44.52
6130;3150;42;2;10;32.9
6131;3151;79;2;0;242.72
6132;3152;55;1;0;15.0
6133;3152;68;3;0;482.64
6134;3152;51;1;10;137.95
6135;3153;29;1;0;15.0
6136;3154;3;1;0;80.78
6137;3155;95;1;10;44.02
6138;3155;86;1;5;14.25
6139;3155;51;3;15;390.86
6140;3156;67;1;10;20.87
6141;3157;114;3;0;155.19
6142;3157;43;2;0;220.38
6143;3158;33;1;5;39.16
6144;3158;5;1;5;36.22
6145;3158;15;3;15;61.94
6146;3159;52;1;5;24.59
6147;3159;101;1;0;21.1
6148;3160;35;1;0;34.49
6149;3160;97;1;0;15.0
6150;3160;55;1;0;15.0
6151;3161;44;1;0;84.44
6152;3161;70;1;5;211.77
6153;3161;32;1;20;40.53
6154;3162;13;1;0;33.04
6155;3162;81;1;5;17.23
6156;3162;113;1;0;63.36
6157;3163;54;1;0;30.38
6158;3164;118;1;0;42.91
6159;3164;27;3;0;233.85
6160;3165;50;1;0;48.76
6161;3166;116;1;0;98.05
6162;3167;102;1;0;23.54
6163;3168;82;1;5;17.87
6164;3168;74;1;5;45.36
6165;3169;82;2;20;30.1
6166;3169;46;1;0;163.24
6167;3169;21;1;0;35.69
6168;3170;91;1;15;22.28
6169;3171;42;1;0;18.28
6170;3172;57;1;5;34.7
6171;3173;17;1;10;27.02
6172;3174;99;1;0;27.15
6173;3174;45;1;15;132.84
6174;3174;21;1;5;33.91
6175;3175;94;1;0;97.26
6176;3176;34;1;0;21.33
6177;3177;40;3;0;45.0
6178;3178;61;1;0;61.23
6179;3178;115;2;0;42.82
6180;3178;108;1;5;52.2
6181;3178;114;1;15;43.97
6182;3179;33;1;0;41.22
6183;3180;60;1;15;80.71
6184;3180;4;1;5;31.16
6185;3180;50;1;0;48.76
6186;3180;14;2;5;367.52
6187;3181;41;1;10;20.28
6188;3181;61;1;0;61.23
6189;3181;76;1;5;34.88
6190;3181;49;2;15;159.03
6191;3182;91;2;5;49.8
6192;3182;115;3;10;57.81
6193;3183;23;1;10;51.44
6194;3183;39;2;0;73.26
6195;3183;85;3;0;124.5
6196;3184;68;3;0;482.64
6197;3184;19;1;20;49.7
6198;3184;17;1;5;28.52
6199;3184;30;2;0;30.0
6200;3185;77;1;0;15.0
6201;3185;104;1;0;15.0
6202;3185;45;1;0;156.28
6203;3185;13;1;10;29.74
6204;3186;13;1;10;29.74
6205;3186;56;1;0;23.85
6206;3186;97;1;10;13.5
6207;3186;111;1;5;40.95
6208;3187;83;1;10;172.45
6209;3187;55;1;10;13.5
6210;3188;62;1;5;34.11
6211;3189;103;2;0;59.78
6212;3190;36;1;10;43.7
6213;3190;82;1;0;18.81
6214;3190;37;1;20;19.99
6215;3191;5;1;0;38.13
6216;3191;13;1;10;29.74
6217;3192;103;1;0;29.89
6218;3192;111;1;5;40.95
6219;3193;51;1;5;145.62
6220;3194;42;2;15;31.08
6221;3194;93;1;0;15.0
6222;3195;20;1;0;58.07
6223;3196;23;1;15;48.58
6224;3196;37;1;5;23.74
6225;3197;82;1;5;17.87
6226;3197;107;1;15;65.89
6227;3197;120;1;0;42.15
6228;3197;102;1;5;22.36
6229;3198;20;1;15;49.36
6230;3198;86;1;0;15.0
6231;3198;106;1;10;31.1
6232;3199;63;1;0;91.09
6233;3200;97;2;0;30.0
6234;3201;25;1;0;33.59
6235;3202;30;1;0;15.0
6236;3202;90;2;0;97.28
6237;3203;77;1;0;15.0
6238;3204;37;1;20;19.99
6239;3204;19;1;20;49.7
6240;3205;117;2;5;132.96
6241;3205;1;1;10;19.19
6242;3206;29;1;10;13.5
6243;3206;51;1;0;153.28
6244;3207;88;2;0;91.26
6245;3208;82;1;0;18.81
6246;3208;10;1;0;65.67
6247;3209;74;1;0;47.75
6248;3210;18;2;0;88.76
6249;3211;68;2;10;289.58
6250;3211;97;1;15;12.75
6251;3211;42;2;5;34.73
6252;3212;68;1;0;160.88
6253;3212;46;1;0;163.24
6254;3213;95;1;5;46.46
6255;3213;71;1;5;21.15
6256;3213;24;2;0;439.16
6257;3214;70;1;5;211.77
6258;3215;84;2;10;46.21
6259;3215;57;1;0;36.53
6260;3216;22;1;0;18.71
6261;3217;42;2;15;31.08
6262;3218;71;1;0;22.26
6263;3218;93;1;10;13.5
6264;3218;13;1;5;31.39
6265;3218;86;1;0;15.0
6266;3219;76;2;20;58.75
6267;3219;71;1;5;21.15
6268;3220;42;2;10;32.9
6269;3221;88;2;0;91.26
6270;3222;13;1;20;26.43
6271;3223;43;1;0;110.19
6272;3223;44;1;10;76.0
6273;3223;96;1;0;161.23
6274;3223;29;1;5;14.25
6275;3223;4;3;0;98.4
6276;3224;13;2;5;62.78
6277;3225;6;1;0;65.87
6278;3225;62;1;0;35.91
6279;3226;62;1;0;35.91
6280;3227;18;1;5;42.16
6281;3228;82;1;0;18.81
6282;3229;45;1;10;140.65
6283;3230;42;1;10;16.45
6284;3230;2;2;10;34.24
6285;3230;118;1;10;38.62
6286;3230;69;3;0;63.63
6287;3230;13;1;0;33.04
6288;3231;58;3;0;422.43
6289;3231;34;1;0;21.33
6290;3231;38;3;0;167.04
6291;3232;103;3;0;89.67
6292;3233;41;1;5;21.4
6293;3233;77;1;20;12.0
6294;3234;45;1;0;156.28
6295;3234;95;1;5;46.46
6296;3234;81;2;10;32.65
6297;3235;7;1;15;29.77
6298;3236;80;1;0;42.06
6299;3237;3;1;15;68.66
6300;3238;57;1;0;36.53
6301;3239;12;1;15;40.33
6302;3239;65;2;0;98.14
6303;3239;15;1;5;23.08
6304;3240;40;1;15;12.75
6305;3240;31;1;10;60.88
6306;3241;62;1;10;32.32
6307;3241;103;1;0;29.89
6308;3242;100;1;5;86.35
6309;3242;106;1;0;34.56
6310;3242;21;1;20;28.55
6311;3242;90;1;0;48.64
6312;3243;83;1;15;162.87
6313;3244;24;2;0;439.16
6314;3244;66;1;10;52.77
6315;3245;88;1;5;43.35
6316;3245;36;2;0;97.1
6317;3245;99;1;5;25.79
6318;3246;39;1;0;36.63
6319;3246;68;2;5;305.67
6320;3246;117;1;0;69.98
6321;3246;118;2;0;85.82
6322;3247;96;1;5;153.17
6323;3248;32;1;5;48.13
6324;3248;62;2;0;71.82
6325;3249;42;1;0;18.28
6326;3249;32;1;0;50.66
6327;3250;40;1;0;15.0
6328;3250;57;1;20;29.22
6329;3251;115;1;10;19.27
6330;3251;47;1;5;15.84
6331;3252;109;2;0;30.0
6332;3252;119;1;10;85.2
6333;3253;56;1;15;20.27
6334;3253;94;1;5;92.4
6335;3253;101;3;0;63.3
6336;3254;106;1;0;34.56
6337;3254;15;1;10;21.86
6338;3255;3;1;0;80.78
6339;3255;90;1;0;48.64
6340;3255;11;2;5;202.75
6341;3255;47;1;0;16.67
6342;3256;63;3;0;273.27
6343;3256;34;1;0;21.33
6344;3257;107;3;5;220.93
6345;3258;116;3;0;294.15
6346;3259;21;2;0;71.38
6347;3259;61;1;5;58.17
6348;3260;72;1;5;127.83
6349;3260;64;1;0;15.0
6350;3261;52;1;0;25.88
6351;3262;60;1;15;80.71
6352;3263;103;1;20;23.91
6353;3263;37;1;0;24.99
6354;3263;26;1;0;38.24
6355;3263;89;1;15;17.65
6356;3263;47;1;0;16.67
6357;3264;9;1;0;20.64
6358;3264;76;1;5;34.88
6359;3265;45;1;5;148.47
6360;3265;5;1;5;36.22
6361;3266;86;1;0;15.0
6362;3267;99;1;0;27.15
6363;3268;36;1;0;48.55
6364;3268;80;1;5;39.96
6365;3268;37;1;15;21.24
6366;3269;54;1;0;30.38
6367;3269;116;1;0;98.05
6368;3269;34;1;5;20.26
6369;3270;11;1;0;106.71
6370;3271;48;1;5;31.09
6371;3271;78;1;5;55.14
6372;3271;50;2;10;87.77
6373;3271;56;1;0;23.85
6374;3271;88;1;15;38.79
6375;3272;32;1;0;50.66
6376;3273;2;1;0;19.02
6377;3273;105;2;5;120.73
6378;3273;94;1;0;97.26
6379;3274;43;1;5;104.68
6380;3274;46;1;10;146.92
6381;3274;26;1;0;38.24
6382;3274;21;2;0;71.38
6383;3275;91;1;0;26.21
6384;3275;63;1;5;86.54
6385;3276;68;3;0;482.64
6386;3277;79;1;0;121.36
6387;3278;111;3;0;129.3
6388;3278;80;1;5;39.96
6389;3279;19;1;0;62.12
6390;3279;3;1;0;80.78
6391;3280;32;1;0;50.66
6392;3280;101;2;0;42.2
6393;3280;89;1;15;17.65
6394;3281;75;1;0;38.89
6395;3282;39;1;0;36.63
6396;3283;93;1;20;12.0
6397;3283;90;1;0;48.64
6398;3284;30;3;5;42.75
6399;3284;1;1;20;17.06
6400;3284;24;3;0;658.74
6401;3285;108;2;0;109.9
6402;3286;103;3;5;85.19
6403;3287;1;1;0;21.32
6404;3288;7;1;0;35.02
6405;3288;22;3;0;56.13
6406;3288;118;1;0;42.91
6407;3288;84;1;0;25.67
6408;3289;39;1;0;36.63
6409;3289;44;1;0;84.44
6410;3289;7;1;15;29.77
6411;3290;52;1;0;25.88
6412;3291;63;1;0;91.09
6413;3291;78;1;15;49.33
6414;3292;108;1;0;54.95
6415;3293;85;1;10;37.35
6416;3293;96;2;10;290.21
6417;3293;89;1;0;20.76
6418;3294;15;1;5;23.08
6419;3295;10;1;5;62.39
6420;3296;63;1;0;91.09
6421;3297;39;2;0;73.26
6422;3298;81;1;0;18.14
6423;3298;3;1;0;80.78
6424;3299;99;1;0;27.15
6425;3299;113;2;15;107.71
6426;3300;86;1;0;15.0
6427;3300;65;2;0;98.14
6428;3301;55;1;15;12.75
6429;3302;77;1;0;15.0
6430;3302;96;1;0;161.23
6431;3302;84;1;10;23.1
6432;3302;101;2;0;42.2
6433;3303;59;3;5;56.71
6434;3303;45;1;0;156.28
6435;3303;97;2;15;25.5
6436;3304;56;1;5;22.66
6437;3305;89;1;0;20.76
6438;3305;12;2;5;90.16
6439;3306;82;1;0;18.81
6440;3307;69;1;20;16.97
6441;3307;29;1;20;12.0
6442;3308;88;2;0;91.26
6443;3309;99;1;10;24.43
6444;3309;51;3;0;459.84
6445;3310;17;1;0;30.02
6446;3311;63;2;0;182.18
6447;3312;84;1;0;25.67
6448;3313;80;1;15;35.75
6449;3313;14;2;0;386.86
6450;3313;41;1;20;18.02
6451;3313;16;1;10;33.61
6452;3314;7;1;0;35.02
6453;3315;8;1;0;15.0
6454;3316;3;1;0;80.78
6455;3316;50;2;0;97.52
6456;3316;79;1;20;97.09
6457;3316;35;1;5;32.77
6458;3317;16;2;20;59.74
6459;3318;31;1;10;60.88
6460;3318;110;1;20;66.52
6461;3319;108;1;5;52.2
6462;3319;84;1;10;23.1
6463;3319;92;1;15;124.58
6464;3320;80;1;0;42.06
6465;3320;102;2;20;37.66
6466;3321;61;1;0;61.23
6467;3322;15;3;0;72.87
6468;3323;110;1;5;78.99
6469;3324;116;1;0;98.05
6470;3324;70;1;0;222.92
6471;3325;57;1;0;36.53
6472;3325;21;1;0;35.69
6473;3325;45;1;0;156.28
6474;3326;11;1;0;106.71
6475;3327;47;1;20;13.34
6476;3328;66;1;5;55.7
6477;3329;1;2;20;34.11
6478;3329;64;1;0;15.0
6479;3329;34;1;5;20.26
6480;3329;81;2;0;36.28
6481;3330;100;1;5;86.35
6482;3331;26;3;5;108.98
6483;3331;6;1;0;65.87
6484;3331;73;1;20;12.0
6485;3332;39;2;10;65.93
6486;3333;83;1;20;153.29
6487;3334;25;1;0;33.59
6488;3335;95;3;5;139.39
6489;3336;48;1;0;32.73
6490;3336;5;1;0;38.13
6491;3336;97;1;10;13.5
6492;3337;113;2;0;126.72
6493;3337;53;1;0;70.97
6494;3338;29;1;0;15.0
6495;3339;42;1;5;17.37
6496;3339;4;1;0;32.8
6497;3339;79;1;0;121.36
6498;3340;39;1;10;32.97
6499;3341;94;1;0;97.26
6500;3342;63;1;0;91.09
6501;3342;25;3;0;100.77
6502;3342;68;2;0;321.76
6503;3342;8;1;0;15.0
6504;3342;108;2;5;104.41
6505;3343;13;1;0;33.04
6506;3343;68;1;5;152.84
6507;3344;59;1;20;15.92
6508;3345;74;1;0;47.75
6509;3345;50;2;0;97.52
6510;3346;63;1;0;91.09
6511;3346;76;1;5;34.88
6512;3346;7;1;0;35.02
6513;3346;40;1;0;15.0
6514;3347;86;1;10;13.5
6515;3348;68;1;5;152.84
6516;3348;28;1;15;30.37
6517;3349;74;3;10;128.93
6518;3349;6;1;15;55.99
6519;3350;118;1;5;40.76
6520;3350;89;1;0;20.76
6521;3351;91;1;5;24.9
6522;3352;82;1;5;17.87
6523;3352;88;1;5;43.35
6524;3353;83;2;0;383.22
6525;3353;100;1;0;90.89
6526;3353;43;2;0;220.38
6527;3353;91;1;0;26.21
6528;3354;82;1;5;17.87
6529;3354;13;1;0;33.04
6530;3355;18;1;5;42.16
6531;3356;70;1;5;211.77
6532;3356;21;1;5;33.91
6533;3357;2;2;0;38.04
6534;3358;57;1;0;36.53
6535;3359;41;1;5;21.4
6536;3359;108;1;0;54.95
6537;3360;59;1;0;19.9
6538;3361;79;1;0;121.36
6539;3362;21;1;15;30.34
6540;3363;79;1;10;109.22
6541;3363;18;1;0;44.38
6542;3363;103;1;15;25.41
6543;3363;26;1;0;38.24
6544;3363;107;1;5;73.64
6545;3364;35;1;0;34.49
6546;3365;107;1;0;77.52
6547;3365;99;1;5;25.79
6548;3366;55;1;0;15.0
6549;3367;101;1;15;17.94
6550;3368;86;1;0;15.0
6551;3369;61;2;10;110.21
6552;3370;111;1;0;43.1
6553;3370;98;2;15;122.55
6554;3371;120;1;15;35.83
6555;3371;115;1;0;21.41
6556;3372;100;2;5;172.69
6557;3373;97;1;0;15.0
6558;3373;117;1;0;69.98
6559;3374;53;3;20;170.33
6560;3374;35;2;0;68.98
6561;3374;23;1;5;54.29
6562;3374;19;1;5;59.01
6563;3375;41;3;0;67.59
6564;3376;2;1;0;19.02
6565;3376;21;1;20;28.55
6566;3376;66;3;0;175.89
6567;3376;48;1;0;32.73
6568;3376;90;1;5;46.21
6569;3377;9;1;15;17.54
6570;3378;30;1;10;13.5
6571;3379;81;1;0;18.14
6572;3379;18;1;0;44.38
6573;3380;90;1;5;46.21
6574;3381;7;2;15;59.53
6575;3381;38;1;5;52.9
6576;3381;110;2;5;157.99
6577;3382;66;2;0;117.26
6578;3382;28;2;0;71.46
6579;3382;85;1;10;37.35
6580;3383;38;1;0;55.68
6581;3383;23;1;0;57.15
6582;3384;65;1;5;46.62
6583;3385;67;1;0;23.19
6584;3386;109;2;5;28.5
6585;3387;15;1;20;19.43
6586;3388;60;1;10;85.45
6587;3388;89;1;5;19.72
6588;3389;42;3;0;54.84
6589;3390;27;2;0;155.9
6590;3390;89;1;5;19.72
6591;3390;94;2;0;194.52
6592;3391;33;1;0;41.22
6593;3392;7;1;0;35.02
6594;3392;63;1;5;86.54
6595;3392;8;1;0;15.0
6596;3392;48;1;5;31.09
6597;3392;110;1;0;83.15
6598;3393;55;1;0;15.0
6599;3394;6;1;10;59.28
6600;3394;62;2;0;71.82
6601;3394;66;1;0;58.63
6602;3395;76;1;10;33.05
6603;3396;36;1;10;43.7
6604;3397;58;1;0;140.81
6605;3397;92;2;5;278.46
6606;3397;114;1;0;51.73
6607;3397;73;2;0;30.0
6608;3398;110;2;10;149.67
6609;3399;27;1;5;74.05
6610;3400;105;1;0;63.54
6611;3400;64;1;10;13.5
6612;3401;103;1;0;29.89
6613;3402;73;2;10;27.0
6614;3402;46;1;10;146.92
6615;3403;42;1;5;17.37
6616;3403;30;2;10;27.0
6617;3404;64;2;0;30.0
6618;3405;106;1;15;29.38
6619;3405;88;3;0;136.89
6620;3406;87;1;0;26.68
6621;3406;79;2;0;242.72
6622;3406;61;1;10;55.11
6623;3406;41;1;0;22.53
6624;3407;40;1;5;14.25
6625;3407;111;1;10;38.79
6626;3407;84;1;5;24.39
6627;3408;98;1;0;72.09
6628;3408;84;1;20;20.54
6629;3408;50;3;5;138.97
6630;3408;23;1;0;57.15
6631;3408;82;3;0;56.43
6632;3409;83;1;0;191.61
6633;3410;102;1;0;23.54
6634;3410;4;1;0;32.8
6635;3410;25;1;0;33.59
6636;3410;12;1;5;45.08
6637;3411;88;2;20;73.01
6638;3411;49;1;0;93.55
6639;3412;24;1;0;219.58
6640;3413;109;2;0;30.0
6641;3413;99;1;0;27.15
6642;3413;108;1;5;52.2
6643;3414;67;1;0;23.19
6644;3415;115;2;0;42.82
6645;3415;112;1;0;15.0
6646;3415;55;1;0;15.0
6647;3416;115;2;10;38.54
6648;3416;60;1;10;85.45
6649;3416;29;2;0;30.0
6650;3417;54;1;5;28.86
6651;3417;20;1;0;58.07
6652;3417;75;2;0;77.78
6653;3417;26;2;0;76.48
6654;3418;59;1;0;19.9
6655;3418;8;1;5;14.25
6656;3418;43;1;10;99.17
6657;3419;37;1;5;23.74
6658;3419;53;1;5;67.42
6659;3420;20;3;0;174.21
6660;3420;78;1;10;52.24
6661;3420;111;1;0;43.1
6662;3421;100;1;0;90.89
6663;3422;23;1;0;57.15
6664;3423;73;2;0;30.0
6665;3423;92;2;5;278.46
6666;3423;57;1;0;36.53
6667;3423;9;3;10;55.73
6668;3424;12;2;0;94.9
6669;3424;9;2;0;41.28
6670;3425;38;2;0;111.36
6671;3426;83;1;10;172.45
6672;3426;31;1;0;67.64
6673;3426;58;1;5;133.77
6674;3427;31;1;0;67.64
6675;3428;14;1;0;193.43
6676;3429;77;1;0;15.0
6677;3429;7;1;10;31.52
6678;3429;39;1;0;36.63
6679;3429;56;1;5;22.66
6680;3430;12;1;20;37.96
6681;3430;111;1;5;40.95
6682;3431;55;1;0;15.0
6683;3431;87;2;0;53.36
6684;3432;55;1;0;15.0
6685;3432;112;1;0;15.0
6686;3432;93;1;0;15.0
6687;3432;50;1;15;41.45
6688;3433;45;1;20;125.02
6689;3433;71;1;5;21.15
6690;3434;62;1;20;28.73
6691;3435;67;1;0;23.19
6692;3435;111;1;0;43.1
6693;3435;53;2;5;134.84
6694;3436;13;1;20;26.43
6695;3436;79;1;0;121.36
6696;3437;18;2;10;79.88
6697;3438;57;2;0;73.06
6698;3438;118;1;0;42.91
6699;3438;97;1;0;15.0
6700;3438;63;1;5;86.54
6701;3438;90;1;5;46.21
6702;3439;31;1;0;67.64
6703;3440;100;1;0;90.89
6704;3440;13;3;0;99.12
6705;3441;116;3;0;294.15
6706;3442;115;2;0;42.82
6707;3442;22;3;0;56.13
6708;3443;45;2;0;312.56
6709;3444;63;2;0;182.18
6710;3444;26;1;5;36.33
6711;3445;115;1;0;21.41
6712;3446;67;1;5;22.03
6713;3446;49;1;5;88.87
6714;3447;81;2;20;29.02
6715;3447;82;1;0;18.81
6716;3447;47;1;0;16.67
6717;3448;91;1;20;20.97
6718;3449;109;1;15;12.75
6719;3450;112;3;0;45.0
6720;3450;37;1;0;24.99
6721;3450;120;1;0;42.15
6722;3451;76;1;10;33.05
6723;3451;69;3;0;63.63
6724;3451;61;1;0;61.23
6725;3451;2;1;5;18.07
6726;3451;68;1;0;160.88
6727;3452;106;1;5;32.83
6728;3453;35;1;0;34.49
6729;3453;104;1;0;15.0
6730;3453;37;3;0;74.97
6731;3454;33;1;10;37.1
6732;3455;8;1;5;14.25
6733;3456;103;1;5;28.4
6734;3456;84;1;0;25.67
6735;3457;10;1;5;62.39
6736;3457;49;3;0;280.65
6737;3458;103;2;0;59.78
6738;3458;14;1;5;183.76
6739;3459;117;1;5;66.48
6740;3459;23;1;0;57.15
6741;3459;41;1;0;22.53
6742;3460;87;1;10;24.01
6743;3460;71;3;10;60.1
6744;3460;114;1;0;51.73
6745;3461;27;1;0;77.95
6746;3462;72;1;0;134.56
6747;3463;15;2;0;48.58
6748;3464;111;1;20;34.48
6749;3465;8;1;0;15.0
6750;3465;103;1;10;26.9
6751;3465;39;3;5;104.4
6752;3465;30;1;20;12.0
6753;3466;5;2;10;68.63
6754;3466;9;1;0;20.64
6755;3467;50;1;5;46.32
6756;3468;18;1;0;44.38
6757;3469;64;1;5;14.25
6758;3469;110;2;0;166.3
6759;3469;41;1;0;22.53
6760;3470;111;1;15;36.63
6761;3471;120;1;20;33.72
6762;3472;9;2;0;41.28
6763;3472;29;1;5;14.25
6764;3472;51;1;5;145.62
6765;3473;114;1;0;51.73
6766;3473;109;2;10;27.0
6767;3473;12;1;0;47.45
6768;3473;107;2;0;155.04
6769;3474;81;1;0;18.14
6770;3475;115;1;15;18.2
6771;3475;27;1;20;62.36
6772;3475;89;1;0;20.76
6773;3476;40;2;5;28.5
6774;3477;86;3;0;45.0
6775;3477;10;1;0;65.67
6776;3477;104;1;0;15.0
6777;3477;94;1;10;87.53
6778;3478;82;2;0;37.62
6779;3479;29;1;5;14.25
6780;3479;102;1;20;18.83
6781;3480;65;1;0;49.07
6782;3481;47;1;5;15.84
6783;3482;107;2;0;155.04
6784;3483;66;1;20;46.9
6785;3483;92;1;5;139.23
6786;3483;87;1;0;26.68
6787;3484;1;1;20;17.06
6788;3485;3;2;0;161.56
6789;3486;96;1;0;161.23
6790;3487;52;1;0;25.88
6791;3488;37;1;5;23.74
6792;3488;26;1;0;38.24
6793;3489;22;1;0;18.71
6794;3489;2;2;15;32.33
6795;3490;87;1;0;26.68
6796;3491;91;2;0;52.42
6797;3492;9;2;0;41.28
6798;3493;81;1;0;18.14
6799;3494;55;2;5;28.5
6800;3494;117;1;0;69.98
6801;3494;118;1;0;42.91
6802;3494;33;2;0;82.44
6803;3494;18;1;0;44.38
6804;3495;39;1;0;36.63
6805;3496;55;1;0;15.0
6806;3497;25;1;0;33.59
6807;3497;33;1;0;41.22
6808;3498;35;1;0;34.49
6809;3498;87;3;0;80.04
6810;3499;25;1;0;33.59
6811;3500;118;3;15;109.42
6812;3501;14;1;0;193.43
6813;3502;62;1;0;35.91
6814;3503;118;1;5;40.76
6815;3503;46;1;20;130.59
6816;3504;73;1;15;12.75
6817;3504;20;2;5;110.33
6818;3505;43;2;0;220.38
6819;3506;2;1;15;16.17
6820;3507;69;3;10;57.27
6821;3507;98;1;10;64.88
6822;3508;99;2;0;54.3
6823;3508;113;1;0;63.36
6824;3508;6;1;0;65.87
6825;3509;38;1;0;55.68
6826;3509;3;2;5;153.48
6827;3509;14;1;15;164.42
6828;3509;95;1;5;46.46
6829;3510;59;1;0;19.9
6830;3511;56;1;20;19.08
6831;3512;27;1;0;77.95
6832;3513;53;1;5;67.42
6833;3513;64;1;0;15.0
6834;3513;55;1;5;14.25
6835;3514;63;1;5;86.54
6836;3514;97;1;5;14.25
6837;3514;6;1;0;65.87
6838;3514;25;2;5;63.82
6839;3515;115;1;0;21.41
6840;3516;104;1;0;15.0
6841;3517;12;1;10;42.71
6842;3517;75;1;0;38.89
6843;3518;28;1;0;35.73
6844;3518;60;1;0;94.95
6845;3519;62;2;5;68.23
6846;3519;92;1;0;146.56
6847;3519;16;1;20;29.87
6848;3520;62;2;0;71.82
6849;3520;114;1;0;51.73
6850;3521;40;1;15;12.75
6851;3522;76;1;0;36.72
6852;3522;23;1;0;57.15
6853;3523;25;1;0;33.59
6854;3524;48;2;0;65.46
6855;3525;9;1;5;19.61
6856;3526;92;1;0;146.56
6857;3527;119;3;0;284.01
6858;3528;89;1;0;20.76
6859;3528;12;2;10;85.41
6860;3529;1;1;0;21.32
6861;3530;84;1;0;25.67
6862;3530;11;1;0;106.71
6863;3531;27;2;0;155.9
6864;3531;113;1;5;60.19
6865;3531;30;1;10;13.5
6866;3532;85;1;0;41.5
6867;3532;75;1;0;38.89
6868;3532;24;1;0;219.58
6869;3532;47;1;5;15.84
6870;3533;59;1;0;19.9
6871;3533;52;1;0;25.88
6872;3533;2;1;15;16.17
6873;3534;32;1;0;50.66
6874;3534;76;1;0;36.72
6875;3535;43;1;0;110.19
6876;3535;116;2;0;196.1
6877;3536;83;1;5;182.03
6878;3536;67;1;0;23.19
6879;3536;13;2;0;66.08
6880;3537;57;1;0;36.53
6881;3538;114;1;10;46.56
6882;3539;71;1;5;21.15
6883;3540;10;1;15;55.82
6884;3540;109;1;0;15.0
6885;3541;17;1;0;30.02
6886;3541;37;1;0;24.99
6887;3541;71;1;5;21.15
6888;3542;17;1;0;30.02
6889;3542;103;1;20;23.91
6890;3542;58;1;15;119.69
6891;3543;111;1;0;43.1
6892;3543;75;1;0;38.89
6893;3544;52;1;0;25.88
6894;3544;120;2;0;84.3
6895;3544;91;2;15;44.56
6896;3544;32;1;0;50.66
6897;3545;73;1;0;15.0
6898;3545;18;1;0;44.38
6899;3546;57;1;15;31.05
6900;3546;38;2;0;111.36
6901;3547;1;1;10;19.19
6902;3548;67;1;10;20.87
6903;3548;23;1;0;57.15
6904;3549;57;1;0;36.53
6905;3549;93;1;10;13.5
6906;3549;53;3;5;202.26
6907;3549;27;1;0;77.95
6908;3549;98;1;5;68.49
6909;3550;41;2;0;45.06
6910;3551;1;1;0;21.32
6911;3551;111;1;0;43.1
6912;3551;64;1;0;15.0
6913;3551;109;1;0;15.0
6914;3552;9;1;0;20.64
6915;3552;114;1;0;51.73
6916;3552;52;1;0;25.88
6917;3552;48;1;0;32.73
6918;3553;51;2;20;245.25
6919;3553;8;1;0;15.0
6920;3553;112;1;20;12.0
6921;3554;56;2;10;42.93
6922;3555;11;1;0;106.71
6923;3556;60;1;0;94.95
6924;3557;50;3;0;146.28
6925;3557;111;1;10;38.79
6926;3557;80;1;10;37.85
6927;3558;48;1;15;27.82
6928;3559;76;1;5;34.88
6929;3559;52;2;5;49.17
6930;3559;49;1;0;93.55
6931;3559;93;2;0;30.0
6932;3560;29;3;0;45.0
6933;3561;73;2;10;27.0
6934;3562;113;1;5;60.19
6935;3562;3;1;15;68.66
6936;3563;92;1;5;139.23
6937;3563;42;2;0;36.56
6938;3563;43;1;0;110.19
6939;3563;107;2;10;139.54
6940;3563;57;1;15;31.05
6941;3564;68;3;0;482.64
6942;3565;13;1;0;33.04
6943;3566;85;1;0;41.5
6944;3566;89;3;0;62.28
6945;3566;83;1;0;191.61
6946;3567;75;1;10;35.0
6947;3567;16;1;0;37.34
6948;3567;104;1;0;15.0
6949;3568;95;1;10;44.02
6950;3568;68;1;5;152.84
6951;3569;70;1;10;200.63
6952;3570;62;1;5;34.11
6953;3570;67;1;20;18.55
6954;3571;116;1;5;93.15
6955;3571;80;2;0;84.12
6956;3571;37;1;0;24.99
6957;3572;72;1;0;134.56
6958;3573;116;1;20;78.44
6959;3573;8;2;0;30.0
6960;3574;22;3;15;47.71
6961;3575;15;2;5;46.15
6962;3575;87;1;0;26.68
6963;3576;25;1;5;31.91
6964;3577;58;2;15;239.38
6965;3578;51;1;10;137.95
6966;3578;105;1;0;63.54
6967;3579;109;1;15;12.75
6968;3579;68;2;10;289.58
6969;3579;53;1;10;63.87
6970;3580;17;2;0;60.04
6971;3580;39;1;5;34.8
6972;3580;88;1;0;45.63
6973;3581;51;1;20;122.62
6974;3582;17;1;0;30.02
6975;3583;111;1;15;36.63
6976;3583;68;2;0;321.76
6977;3584;46;1;0;163.24
6978;3584;32;1;0;50.66
6979;3584;110;1;0;83.15
6980;3585;101;2;0;42.2
6981;3586;59;1;5;18.9
6982;3587;12;1;15;40.33
6983;3587;84;3;5;73.16
6984;3587;104;2;10;27.0
6985;3587;23;1;10;51.44
6986;3587;62;1;10;32.32
6987;3588;42;1;20;14.62
6988;3589;117;1;5;66.48
6989;3589;92;1;0;146.56
6990;3589;99;1;0;27.15
6991;3590;48;1;0;32.73
6992;3590;106;3;0;103.68
6993;3591;85;2;0;83.0
6994;3592;56;1;0;23.85
6995;3592;34;2;15;36.26
6996;3593;15;1;0;24.29
6997;3593;115;1;15;18.2
6998;3593;39;1;10;32.97
6999;3593;87;1;5;25.35
7000;3594;104;1;5;14.25
7001;3594;96;1;10;145.11
7002;3594;83;1;20;153.29
7003;3595;95;2;10;88.04
7004;3596;3;2;15;137.33
7005;3596;48;1;0;32.73
7006;3596;90;2;5;92.42
7007;3597;52;1;5;24.59
7008;3598;99;1;5;25.79
7009;3598;76;1;0;36.72
7010;3599;98;1;0;72.09
7011;3600;3;1;20;64.62
7012;3601;61;1;10;55.11
7013;3601;72;1;5;127.83
7014;3601;64;2;0;30.0
7015;3601;32;1;5;48.13
7016;3602;4;2;5;62.32
7017;3603;49;1;0;93.55
7018;3603;105;1;0;63.54
7019;3604;30;2;0;30.0
7020;3604;77;1;5;14.25
7021;3604;32;1;0;50.66
7022;3604;78;1;10;52.24
7023;3604;75;1;0;38.89
7024;3605;44;1;10;76.0
7025;3605;62;1;0;35.91
7026;3605;24;1;5;208.6
7027;3606;76;2;0;73.44
7028;3606;110;1;10;74.84
7029;3607;54;1;0;30.38
7030;3608;58;1;0;140.81
7031;3608;13;1;10;29.74
7032;3608;69;1;5;20.15
7033;3608;104;2;5;28.5
7034;3609;33;1;15;35.04
7035;3610;52;2;15;44.0
7036;3611;81;2;10;32.65
7037;3612;62;1;0;35.91
7038;3613;26;2;0;76.48
7039;3614;104;1;15;12.75
7040;3615;85;1;0;41.5
7041;3616;44;1;0;84.44
7042;3617;115;2;0;42.82
7043;3617;98;1;5;68.49
7044;3618;73;3;0;45.0
7045;3619;92;1;0;146.56
7046;3619;90;1;10;43.78
7047;3619;35;1;10;31.04
7048;3620;39;1;20;29.3
7049;3620;49;1;0;93.55
7050;3620;108;1;0;54.95
7051;3621;114;1;0;51.73
7052;3621;80;1;0;42.06
7053;3622;104;1;0;15.0
7054;3622;107;1;0;77.52
7055;3623;87;1;0;26.68
7056;3623;55;1;10;13.5
7057;3624;81;1;5;17.23
7058;3625;107;1;5;73.64
7059;3625;3;2;0;161.56
7060;3625;105;2;0;127.08
7061;3625;75;1;5;36.95
7062;3625;98;1;0;72.09
7063;3626;34;2;0;42.66
7064;3627;1;1;10;19.19
7065;3627;4;1;0;32.8
7066;3627;20;1;10;52.26
7067;3628;55;1;0;15.0
7068;3629;26;1;0;38.24
7069;3629;7;1;20;28.02
7070;3629;25;3;20;80.62
7071;3629;108;1;10;49.46
7072;3629;104;1;15;12.75
7073;3630;82;2;0;37.62
7074;3630;2;1;5;18.07
7075;3630;69;1;10;19.09
7076;3631;41;1;10;20.28
7077;3632;52;1;0;25.88
7078;3633;54;3;15;77.47
7079;3633;116;1;0;98.05
7080;3633;55;3;0;45.0
7081;3634;120;1;5;40.04
7082;3634;51;1;20;122.62
7083;3634;69;2;0;42.42
7084;3635;71;1;0;22.26
7085;3636;49;1;10;84.19
7086;3637;107;1;0;77.52
7087;3638;84;2;0;51.34
7088;3638;32;1;0;50.66
7089;3638;85;1;5;39.42
7090;3638;62;3;5;102.34
7091;3638;95;2;10;88.04
7092;3639;81;1;0;18.14
7093;3639;95;1;0;48.91
7094;3640;47;3;5;47.51
7095;3640;82;1;5;17.87
7096;3641;12;2;20;75.92
7097;3641;51;2;5;291.23
7098;3641;17;2;10;54.04
7099;3642;90;1;0;48.64
7100;3643;45;1;0;156.28
7101;3643;11;3;0;320.13
7102;3644;120;1;0;42.15
7103;3645;34;1;0;21.33
7104;3645;13;2;0;66.08
7105;3645;91;1;0;26.21
7106;3645;55;1;0;15.0
7107;3646;39;1;0;36.63
7108;3647;87;1;5;25.35
7109;3648;18;1;15;37.72
7110;3649;108;2;0;109.9
7111;3649;72;1;0;134.56
7112;3650;34;1;5;20.26
7113;3650;118;2;0;85.82
7114;3650;60;1;5;90.2
7115;3651;9;1;0;20.64
7116;3651;62;1;5;34.11
7117;3652;92;2;0;293.12
7118;3652;81;1;10;16.33
7119;3653;54;1;0;30.38
7120;3654;59;1;0;19.9
7121;3655;118;2;0;85.82
7122;3656;69;2;5;40.3
7123;3656;16;2;10;67.21
7124;3656;50;1;0;48.76
7125;3657;14;1;5;183.76
7126;3658;29;1;5;14.25
7127;3658;73;1;0;15.0
7128;3659;37;3;5;71.22
7129;3659;72;1;0;134.56
7130;3660;118;1;0;42.91
7131;3660;42;1;10;16.45
7132;3661;73;2;0;30.0
7133;3662;113;1;0;63.36
7134;3662;97;1;0;15.0
7135;3662;69;1;10;19.09
7136;3663;89;1;0;20.76
7137;3664;17;1;0;30.02
7138;3664;68;1;0;160.88
7139;3665;75;1;5;36.95
7140;3666;32;1;0;50.66
7141;3667;95;1;5;46.46
7142;3667;62;2;0;71.82
7143;3667;81;2;20;29.02
7144;3668;98;1;5;68.49
7145;3669;83;1;0;191.61
7146;3670;72;2;15;228.75
7147;3670;8;1;0;15.0
7148;3670;58;1;10;126.73
7149;3670;1;1;0;21.32
7150;3670;108;2;0;109.9
7151;3671;75;1;15;33.06
7152;3672;83;1;0;191.61
7153;3672;84;1;0;25.67
7154;3673;65;2;0;98.14
7155;3673;45;1;0;156.28
7156;3673;59;1;0;19.9
7157;3674;4;1;15;27.88
7158;3674;45;1;0;156.28
7159;3675;77;2;20;24.0
7160;3675;86;2;10;27.0
7161;3676;85;1;0;41.5
7162;3677;43;2;15;187.32
7163;3678;81;1;0;18.14
7164;3679;6;1;10;59.28
7165;3679;108;1;5;52.2
7166;3680;114;1;0;51.73
7167;3681;103;1;5;28.4
7168;3682;58;2;0;281.62
7169;3682;42;1;10;16.45
7170;3682;88;1;0;45.63
7171;3682;19;1;0;62.12
7172;3682;85;1;0;41.5
7173;3683;84;1;0;25.67
7174;3684;88;2;5;86.7
7175;3684;37;1;20;19.99
7176;3685;116;1;0;98.05
7177;3685;18;1;5;42.16
7178;3686;69;1;0;21.21
7179;3686;62;3;20;86.18
7180;3686;63;3;0;273.27
7181;3687;13;1;5;31.39
7182;3687;110;2;0;166.3
7183;3687;101;1;0;21.1
7184;3687;87;2;0;53.36
7185;3688;21;1;10;32.12
7186;3688;25;1;15;28.55
7187;3689;100;1;0;90.89
7188;3689;84;1;0;25.67
7189;3689;97;1;0;15.0
7190;3689;24;1;0;219.58
7191;3689;120;1;0;42.15
7192;3690;65;1;0;49.07
7193;3691;23;1;0;57.15
7194;3692;66;1;5;55.7
7195;3693;16;1;0;37.34
7196;3694;6;1;15;55.99
7197;3695;26;1;10;34.42
7198;3695;69;1;5;20.15
7199;3696;86;3;0;45.0
7200;3696;25;1;5;31.91
7201;3696;32;1;20;40.53
7202;3696;114;1;0;51.73
7203;3697;59;3;0;59.7
7204;3697;38;1;0;55.68
7205;3698;57;3;0;109.59
7206;3698;13;1;10;29.74
7207;3699;50;1;0;48.76
7208;3699;90;1;0;48.64
7209;3699;67;1;0;23.19
7210;3700;94;1;5;92.4
7211;3701;21;1;5;33.91
7212;3701;93;2;5;28.5
7213;3702;54;1;0;30.38
7214;3703;69;1;0;21.21
7215;3703;97;3;0;45.0
7216;3703;119;1;0;94.67
7217;3703;39;2;0;73.26
7218;3703;44;1;0;84.44
7219;3704;101;1;5;20.05
7220;3705;34;1;0;21.33
7221;3705;42;2;5;34.73
7222;3705;75;1;5;36.95
7223;3706;50;3;10;131.65
7224;3707;17;1;0;30.02
7225;3708;82;3;0;56.43
7226;3708;116;1;0;98.05
7227;3709;36;1;0;48.55
7228;3709;27;3;15;198.77
7229;3709;88;1;20;36.5
7230;3710;23;1;0;57.15
7231;3711;93;1;0;15.0
7232;3712;17;1;5;28.52
7233;3713;40;1;0;15.0
7234;3713;69;2;0;42.42
7235;3713;47;1;0;16.67
7236;3714;41;2;15;38.3
7237;3715;15;3;5;69.23
7238;3716;47;2;0;33.34
7239;3717;102;2;20;37.66
7240;3718;48;1;0;32.73
7241;3719;57;1;0;36.53
7242;3719;39;1;0;36.63
7243;3720;108;1;0;54.95
7244;3720;26;3;20;91.78
7245;3720;117;1;0;69.98
7246;3721;48;2;0;65.46
7247;3721;4;1;10;29.52
7248;3721;14;1;0;193.43
7249;3721;59;1;5;18.9
7250;3722;112;2;5;28.5
7251;3722;76;1;0;36.72
7252;3722;64;1;0;15.0
7253;3722;111;1;0;43.1
7254;3723;110;2;0;166.3
7255;3723;73;2;0;30.0
7256;3723;61;1;5;58.17
7257;3724;7;3;0;105.06
7258;3725;87;2;10;48.02
7259;3725;110;1;5;78.99
7260;3726;95;1;0;48.91
7261;3727;2;1;0;19.02
7262;3727;4;1;5;31.16
7263;3728;83;1;0;191.61
7264;3729;49;1;0;93.55
7265;3729;15;1;5;23.08
7266;3730;49;1;10;84.19
7267;3730;37;2;15;42.48
7268;3731;9;2;0;41.28
7269;3732;115;2;0;42.82
7270;3733;61;2;0;122.46
7271;3734;104;1;0;15.0
7272;3735;24;1;15;186.64
7273;3735;89;1;0;20.76
7274;3736;110;1;0;83.15
7275;3736;29;1;15;12.75
7276;3736;26;1;0;38.24
7277;3736;67;1;20;18.55
7278;3737;38;2;15;94.66
7279;3737;118;1;20;34.33
7280;3737;105;1;0;63.54
7281;3738;48;1;5;31.09
7282;3739;112;1;0;15.0
7283;3740;83;3;0;574.83
7284;3741;114;1;5;49.14
7285;3741;119;1;5;89.94
7286;3741;111;1;10;38.79
7287;3742;82;1;0;18.81
7288;3743;45;1;5;148.47
7289;3743;104;1;0;15.0
7290;3743;117;1;5;66.48
7291;3743;62;2;0;71.82
7292;3743;17;1;10;27.02
7293;3744;81;1;5;17.23
7294;3744;97;1;0;15.0
7295;3745;99;1;5;25.79
7296;3745;49;1;10;84.19
7297;3746;87;2;5;50.69
7298;3746;88;1;15;38.79
7299;3746;48;1;0;32.73
7300;3747;10;1;0;65.67
7301;3747;19;1;5;59.01
7302;3748;95;1;0;48.91
7303;3748;41;1;10;20.28
7304;3748;73;1;0;15.0
7305;3748;52;2;10;46.58
7306;3749;94;3;5;277.19
7307;3749;29;1;0;15.0
7308;3749;18;2;5;84.32
7309;3750;92;1;5;139.23
7310;3750;35;1;10;31.04
7311;3750;25;1;0;33.59
7312;3750;102;2;5;44.73
7313;3751;24;1;0;219.58
7314;3752;60;1;0;94.95
7315;3753;120;2;0;84.3
7316;3754;9;1;0;20.64
7317;3755;82;1;0;18.81
7318;3756;4;1;0;32.8
7319;3756;36;1;20;38.84
7320;3757;108;2;15;93.42
7321;3758;54;1;15;25.82
7322;3759;88;1;0;45.63
7323;3759;27;2;0;155.9
7324;3759;10;1;0;65.67
7325;3760;57;1;0;36.53
7326;3760;104;1;0;15.0
7327;3760;46;3;0;489.72
7328;3761;61;1;10;55.11
7329;3761;7;1;0;35.02
7330;3761;88;3;0;136.89
7331;3761;20;1;5;55.17
7332;3762;79;1;0;121.36
7333;3762;25;1;0;33.59
7334;3762;34;1;5;20.26
7335;3763;109;1;0;15.0
7336;3764;94;1;5;92.4
7337;3765;93;1;5;14.25
7338;3765;102;1;0;23.54
7339;3766;2;2;5;36.14
7340;3767;13;2;10;59.47
7341;3767;99;1;5;25.79
7342;3767;91;1;0;26.21
7343;3768;76;2;0;73.44
7344;3768;18;1;10;39.94
7345;3768;85;1;0;41.5
7346;3768;90;1;10;43.78
7347;3768;109;1;0;15.0
7348;3769;20;1;0;58.07
7349;3769;52;1;15;22.0
7350;3769;55;1;5;14.25
7351;3770;5;3;0;114.39
7352;3770;43;1;0;110.19
7353;3770;9;2;0;41.28
7354;3771;67;1;0;23.19
7355;3771;30;1;0;15.0
7356;3772;79;2;5;230.58
7357;3773;13;1;0;33.04
7358;3773;46;1;0;163.24
7359;3773;59;1;0;19.9
7360;3774;118;2;0;85.82
7361;3774;20;1;0;58.07
7362;3774;76;1;15;31.21
7363;3775;55;2;0;30.0
7364;3775;100;1;5;86.35
7365;3775;15;1;5;23.08
7366;3775;12;1;5;45.08
7367;3776;3;1;15;68.66
7368;3776;100;1;10;81.8
7369;3776;68;1;20;128.7
7370;3777;2;1;0;19.02
7371;3777;102;1;0;23.54
7372;3778;54;1;0;30.38
7373;3779;48;2;15;55.64
7374;3780;109;1;0;15.0
7375;3780;17;1;0;30.02
7376;3780;34;1;5;20.26
7377;3781;16;2;0;74.68
7378;3782;67;1;0;23.19
7379;3783;90;2;0;97.28
7380;3783;12;1;0;47.45
7381;3783;16;1;5;35.47
7382;3784;95;1;0;48.91
7383;3784;112;1;5;14.25
7384;3784;14;1;0;193.43
7385;3785;26;3;0;114.72
7386;3786;51;1;0;153.28
7387;3787;85;1;20;33.2
7388;3788;22;1;0;18.71
7389;3788;8;2;0;30.0
7390;3789;19;2;0;124.24
7391;3790;2;1;5;18.07
7392;3790;77;1;5;14.25
7393;3790;88;1;10;41.07
7394;3791;51;1;15;130.29
7395;3791;34;1;0;21.33
7396;3792;56;1;5;22.66
7397;3792;83;3;5;546.09
7398;3793;83;2;15;325.74
7399;3794;39;2;0;73.26
7400;3794;109;1;0;15.0
7401;3795;52;1;20;20.7
7402;3795;116;1;0;98.05
7403;3796;78;3;0;174.12
7404;3797;82;1;0;18.81
7405;3798;49;1;10;84.19
7406;3798;99;1;0;27.15
7407;3798;83;1;5;182.03
7408;3798;5;1;0;38.13
7409;3799;91;1;0;26.21
7410;3800;44;1;5;80.22
7411;3800;21;1;0;35.69
7412;3800;109;2;15;25.5
7413;3800;26;1;10;34.42
7414;3801;53;1;15;60.32
7415;3801;6;2;0;131.74
7416;3801;12;1;0;47.45
7417;3801;3;1;0;80.78
7418;3802;72;1;5;127.83
7419;3802;105;2;5;120.73
7420;3803;74;1;0;47.75
7421;3804;50;1;20;39.01
7422;3804;78;1;0;58.04
7423;3804;97;3;0;45.0
7424;3804;3;1;10;72.7
7425;3805;10;1;15;55.82
7426;3806;80;1;0;42.06
7427;3806;6;1;0;65.87
7428;3806;102;1;0;23.54
7429;3806;38;2;10;100.22
7430;3806;91;2;0;52.42
7431;3807;83;1;0;191.61
7432;3808;14;1;10;174.09
7433;3808;39;1;0;36.63
7434;3809;18;2;5;84.32
7435;3809;6;2;0;131.74
7436;3810;43;1;0;110.19
7437;3811;115;1;0;21.41
7438;3811;105;1;10;57.19
7439;3812;36;1;0;48.55
7440;3813;54;1;5;28.86
7441;3814;54;1;0;30.38
7442;3814;39;1;5;34.8
7443;3815;34;2;0;42.66
7444;3816;4;2;0;65.6
7445;3817;26;2;0;76.48
7446;3817;116;1;15;83.34
7447;3818;61;1;0;61.23
7448;3818;62;3;0;107.73
7449;3818;49;1;0;93.55
7450;3818;43;2;0;220.38
7451;3818;34;1;0;21.33
7452;3819;105;1;0;63.54
7453;3820;50;1;10;43.88
7454;3820;23;1;10;51.44
7455;3821;74;1;5;45.36
7456;3821;32;1;0;50.66
7457;3821;78;1;15;49.33
7458;3822;33;2;0;82.44
7459;3823;99;2;0;54.3
7460;3823;91;3;5;74.7
7461;3824;35;2;0;68.98
7462;3825;113;1;5;60.19
7463;3826;17;2;5;57.04
7464;3827;23;1;5;54.29
7465;3827;103;3;0;89.67
7466;3827;36;2;10;87.39
7467;3828;81;1;5;17.23
7468;3828;80;1;0;42.06
7469;3829;23;1;0;57.15
7470;3829;63;1;0;91.09
7471;3829;22;1;0;18.71
7472;3829;40;3;0;45.0
7473;3830;63;1;15;77.43
7474;3831;38;1;5;52.9
7475;3832;54;2;5;57.72
7476;3833;70;1;5;211.77
7477;3833;67;1;15;19.71
7478;3834;81;1;0;18.14
7479;3834;24;1;15;186.64
7480;3835;108;1;5;52.2
7481;3836;69;1;0;21.21
7482;3837;101;1;10;18.99
7483;3837;80;1;0;42.06
7484;3837;25;1;0;33.59
7485;3837;38;2;10;100.22
7486;3837;98;1;0;72.09
7487;3838;72;1;0;134.56
7488;3838;15;2;20;38.86
7489;3838;106;1;0;34.56
7490;3838;73;1;5;14.25
7491;3839;102;2;15;40.02
7492;3840;21;2;20;57.1
7493;3840;45;1;5;148.47
7494;3840;42;1;5;17.37
7495;3840;2;1;5;18.07
7496;3841;42;2;5;34.73
7497;3842;110;1;0;83.15
7498;3842;97;1;10;13.5
7499;3843;26;1;0;38.24
7500;3844;111;1;0;43.1
7501;3844;25;1;5;31.91
7502;3844;101;3;0;63.3
7503;3845;86;1;0;15.0
7504;3846;97;2;10;27.0
7505;3846;17;1;5;28.52
7506;3846;101;1;5;20.05
7507;3846;53;1;0;70.97
7508;3847;10;1;10;59.1
7509;3848;44;1;0;84.44
7510;3848;7;2;0;70.04
7511;3848;56;1;0;23.85
7512;3849;20;1;5;55.17
7513;3850;114;1;5;49.14
7514;3851;55;1;20;12.0
7515;3851;11;1;5;101.37
7516;3852;110;1;20;66.52
7517;3852;4;1;5;31.16
7518;3853;16;2;0;74.68
7519;3853;105;1;0;63.54
7520;3853;112;1;0;15.0
7521;3854;43;1;5;104.68
7522;3855;95;1;10;44.02
7523;3855;14;3;5;551.28
7524;3856;63;1;0;91.09
7525;3857;74;1;5;45.36
7526;3858;10;1;10;59.1
7527;3858;54;1;20;24.3
7528;3858;106;1;20;27.65
7529;3858;67;1;5;22.03
7530;3859;84;1;0;25.67
7531;3859;35;2;0;68.98
7532;3859;115;3;0;64.23
7533;3859;78;1;10;52.24
7534;3859;64;3;10;40.5
7535;3860;23;2;5;108.58
7536;3861;105;1;5;60.36
7537;3861;70;1;0;222.92
7538;3861;3;1;5;76.74
7539;3861;111;1;20;34.48
7540;3861;103;1;0;29.89
7541;3862;98;1;0;72.09
7542;3863;48;1;5;31.09
7543;3863;26;1;5;36.33
7544;3864;88;1;5;43.35
7545;3864;4;1;0;32.8
7546;3865;113;1;0;63.36
7547;3866;102;1;5;22.36
7548;3867;82;1;10;16.93
7549;3867;42;1;10;16.45
7550;3868;97;1;0;15.0
7551;3868;11;1;5;101.37
7552;3869;59;1;15;16.91
7553;3869;33;1;0;41.22
7554;3870;2;1;0;19.02
7555;3870;41;1;5;21.4
7556;3870;8;1;15;12.75
7557;3870;96;1;20;128.98
7558;3871;99;1;0;27.15
7559;3871;95;1;15;41.57
7560;3872;114;1;5;49.14
7561;3873;20;1;5;55.17
7562;3874;8;1;0;15.0
7563;3874;79;1;0;121.36
7564;3874;25;2;0;67.18
7565;3874;85;1;10;37.35
7566;3875;52;1;15;22.0
7567;3876;105;2;20;101.66
7568;3877;1;1;5;20.25
7569;3877;10;1;5;62.39
7570;3878;81;1;0;18.14
7571;3878;50;1;10;43.88
7572;3878;84;3;0;77.01
7573;3878;60;1;0;94.95
7574;3878;116;1;0;98.05
7575;3879;83;1;0;191.61
7576;3879;8;1;10;13.5
7577;3880;79;2;15;206.31
7578;3881;51;1;0;153.28
7579;3881;20;1;0;58.07
7580;3882;7;2;0;70.04
7581;3883;96;1;0;161.23
7582;3883;108;1;0;54.95
7583;3884;55;1;5;14.25
7584;3885;34;2;0;42.66
7585;3886;115;1;0;21.41
7586;3887;32;1;0;50.66
7587;3887;93;1;10;13.5
7588;3888;98;2;0;144.18
7589;3889;9;1;0;20.64
7590;3890;11;1;0;106.71
7591;3891;43;1;5;104.68
7592;3891;85;2;20;66.4
7593;3891;117;1;5;66.48
7594;3892;61;3;15;156.14
7595;3892;79;1;0;121.36
7596;3892;75;1;0;38.89
7597;3892;95;2;0;97.82
7598;3893;80;1;0;42.06
7599;3893;49;1;0;93.55
7600;3893;58;1;0;140.81
7601;3894;41;1;15;19.15
7602;3895;108;2;0;109.9
7603;3896;48;1;5;31.09
7604;3896;120;2;0;84.3
7605;3896;73;1;10;13.5
7606;3896;93;1;0;15.0
7607;3897;113;1;0;63.36
7608;3897;86;2;5;28.5
7609;3897;61;1;0;61.23
7610;3898;102;1;15;20.01
7611;3898;15;1;5;23.08
7612;3898;16;2;0;74.68
7613;3898;48;1;0;32.73
7614;3899;52;2;5;49.17
7615;3900;95;2;0;97.82
7616;3900;75;2;0;77.78
7617;3901;83;1;5;182.03
7618;3902;8;1;0;15.0
7619;3903;30;1;10;13.5
7620;3904;51;3;0;459.84
7621;3904;101;1;0;21.1
7622;3905;29;1;0;15.0
7623;3906;90;1;15;41.34
7624;3907;107;2;0;155.04
7625;3907;103;1;0;29.89
7626;3908;82;1;5;17.87
7627;3908;46;1;0;163.24
7628;3908;44;1;10;76.0
7629;3909;48;3;0;98.19
7630;3909;44;1;0;84.44
7631;3910;76;1;5;34.88
7632;3910;23;1;5;54.29
7633;3910;14;1;0;193.43
7634;3910;82;1;5;17.87
7635;3910;24;1;0;219.58
7636;3911;42;1;5;17.37
7637;3912;40;1;5;14.25
7638;3913;54;1;5;28.86
7639;3914;107;2;0;155.04
7640;3915;30;1;0;15.0
7641;3915;57;1;20;29.22
7642;3916;25;1;0;33.59
7643;3916;102;1;0;23.54
7644;3916;23;1;15;48.58
7645;3916;8;1;5;14.25
7646;3916;48;3;15;83.46
7647;3917;75;2;0;77.78
7648;3918;5;1;0;38.13
7649;3918;69;1;0;21.21
7650;3919;47;1;20;13.34
7651;3920;114;1;0;51.73
7652;3920;74;1;0;47.75
7653;3920;53;1;10;63.87
7654;3921;37;1;10;22.49
7655;3922;33;3;5;117.48
7656;3922;80;1;0;42.06
7657;3923;51;1;10;137.95
7658;3923;5;3;5;108.67
7659;3924;113;1;0;63.36
7660;3924;67;2;0;46.38
7661;3925;29;1;20;12.0
7662;3926;68;2;0;321.76
7663;3927;71;1;0;22.26
7664;3927;33;1;15;35.04
7665;3928;40;1;5;14.25
7666;3929;114;1;0;51.73
7667;3930;86;1;0;15.0
7668;3931;34;1;10;19.2
7669;3931;38;1;0;55.68
7670;3931;11;1;5;101.37
7671;3931;76;1;15;31.21
7672;3931;96;1;0;161.23
7673;3932;97;1;5;14.25
7674;3933;46;1;0;163.24
7675;3933;112;1;10;13.5
7676;3933;12;1;0;47.45
7677;3933;11;1;0;106.71
7678;3934;24;1;5;208.6
7679;3935;38;3;10;150.34
7680;3936;10;1;10;59.1
7681;3936;71;1;15;18.92
7682;3937;34;2;15;36.26
7683;3938;2;1;5;18.07
7684;3939;103;1;0;29.89
7685;3939;25;1;0;33.59
7686;3939;61;1;0;61.23
7687;3940;3;1;0;80.78
7688;3941;47;1;0;16.67
7689;3942;72;1;0;134.56
7690;3942;5;2;0;76.26
7691;3943;64;1;0;15.0
7692;3943;106;1;0;34.56
7693;3943;73;1;0;15.0
7694;3944;95;1;5;46.46
7695;3944;113;2;15;107.71
7696;3944;17;1;15;25.52
7697;3945;103;1;10;26.9
7698;3945;118;1;0;42.91
7699;3946;65;1;10;44.16
7700;3947;3;1;0;80.78
7701;3948;107;1;0;77.52
7702;3949;91;1;0;26.21
7703;3950;19;1;10;55.91
7704;3951;117;1;0;69.98
7705;3951;57;1;0;36.53
7706;3952;38;2;10;100.22
7707;3953;1;2;0;42.64
7708;3953;95;1;5;46.46
7709;3953;44;1;0;84.44
7710;3954;117;2;5;132.96
7711;3955;69;3;0;63.63
7712;3955;34;1;0;21.33
7713;3956;44;1;0;84.44
7714;3956;116;2;15;166.69
7715;3956;101;1;0;21.1
7716;3957;106;1;0;34.56
7717;3958;74;1;10;42.98
7718;3958;91;1;5;24.9
7719;3958;102;1;0;23.54
7720;3958;103;1;20;23.91
7721;3958;45;1;0;156.28
7722;3959;35;2;0;68.98
7723;3959;91;1;10;23.59
7724;3960;76;1;20;29.38
7725;3960;108;1;5;52.2
7726;3961;14;1;0;193.43
7727;3962;42;1;0;18.28
7728;3962;2;1;0;19.02
7729;3963;41;3;5;64.21
7730;3963;84;3;0;77.01
7731;3963;55;1;0;15.0
7732;3963;94;1;5;92.4
7733;3963;26;1;20;30.59
7734;3964;90;2;10;87.55
7735;3964;46;1;15;138.75
7736;3965;70;1;0;222.92
7737;3965;74;1;0;47.75
7738;3965;19;1;5;59.01
7739;3966;119;1;0;94.67
7740;3967;13;1;5;31.39
7741;3967;97;3;0;45.0
7742;3968;42;1;0;18.28
7743;3968;32;2;20;81.06
7744;3968;94;1;0;97.26
7745;3968;54;1;0;30.38
7746;3969;31;1;5;64.26
7747;3970;11;1;5;101.37
7748;3971;31;2;0;135.28
7749;3972;85;1;0;41.5
7750;3972;88;3;0;136.89
7751;3972;50;3;10;131.65
7752;3973;97;3;5;42.75
7753;3974;89;3;0;62.28
7754;3975;106;1;0;34.56
7755;3976;34;1;0;21.33
7756;3976;51;1;0;153.28
7757;3976;108;1;15;46.71
7758;3977;44;1;0;84.44
7759;3978;46;3;10;440.75
7760;3979;66;1;0;58.63
7761;3980;80;1;0;42.06
7762;3981;86;1;0;15.0
7763;3981;47;1;15;14.17
7764;3982;103;1;0;29.89
7765;3983;53;1;0;70.97
7766;3983;26;1;0;38.24
7767;3984;77;1;20;12.0
7768;3984;97;1;15;12.75
7769;3985;100;1;5;86.35
7770;3986;60;1;0;94.95
7771;3986;91;1;0;26.21
7772;3987;29;1;15;12.75
7773;3988;93;2;15;25.5
7774;3989;71;1;0;22.26
7775;3989;47;2;0;33.34
7776;3989;64;1;0;15.0
7777;3989;34;1;20;17.06
7778;3990;120;2;10;75.87
7779;3991;104;1;0;15.0
7780;3992;99;3;0;81.45
7781;3992;105;2;0;127.08
7782;3993;93;1;0;15.0
7783;3994;7;1;10;31.52
7784;3995;89;1;0;20.76
7785;3996;58;1;5;133.77
7786;3996;23;3;0;171.45
7787;3996;79;1;0;121.36
7788;3997;62;2;0;71.82
7789;3997;90;2;0;97.28
7790;3998;100;1;15;77.26
7791;3998;116;2;10;176.49
7792;3998;109;1;5;14.25
7793;3998;82;1;5;17.87
7794;3999;16;1;0;37.34
7795;4000;6;1;5;62.58
7796;4000;26;2;0;76.48
7797;4000;47;3;20;40.01
7798;4001;84;3;5;73.16
7799;4001;30;1;10;13.5
7800;4002;13;1;0;33.04
7801;4003;73;3;0;45.0
7802;4003;22;2;0;37.42
7803;4004;4;3;0;98.4
7804;4004;70;2;0;445.84
7805;4004;103;1;0;29.89
7806;4005;18;1;0;44.38
7807;4005;103;1;0;29.89
7808;4005;108;2;0;109.9
7809;4006;45;2;0;312.56
7810;4006;38;1;0;55.68
7811;4007;85;1;0;41.5
7812;4007;21;1;0;35.69
7813;4007;30;1;5;14.25
7814;4008;4;1;5;31.16
7815;4008;84;2;0;51.34
7816;4009;82;3;10;50.79
7817;4009;101;1;10;18.99
7818;4010;41;2;15;38.3
7819;4011;50;1;5;46.32
7820;4012;43;1;0;110.19
7821;4013;119;1;0;94.67
7822;4013;104;1;10;13.5
7823;4013;88;1;0;45.63
7824;4013;47;1;0;16.67
7825;4014;25;1;0;33.59
7826;4015;45;2;5;296.93
7827;4016;27;1;0;77.95
7828;4016;23;1;0;57.15
7829;4016;1;2;0;42.64
7830;4016;89;1;10;18.68
7831;4016;36;1;0;48.55
7832;4017;20;1;0;58.07
7833;4017;56;1;10;21.47
7834;4017;28;3;5;101.83
7835;4017;60;1;0;94.95
7836;4017;8;1;0;15.0
7837;4018;16;1;0;37.34
7838;4018;116;1;10;88.25
7839;4019;82;3;20;45.14
7840;4019;80;3;0;126.18
7841;4020;5;1;0;38.13
7842;4020;75;1;10;35.0
7843;4020;115;1;15;18.2
7844;4021;117;1;20;55.98
7845;4021;91;3;10;70.77
7846;4021;106;1;0;34.56
7847;4022;42;1;0;18.28
7848;4022;87;1;10;24.01
7849;4022;64;3;0;45.0
7850;4022;63;1;5;86.54
7851;4023;83;1;5;182.03
7852;4024;22;1;0;18.71
7853;4025;101;1;0;21.1
7854;4025;100;2;5;172.69
7855;4026;65;1;0;49.07
7856;4026;48;1;0;32.73
7857;4026;5;1;10;34.32
7858;4027;15;1;10;21.86
7859;4028;34;2;20;34.13
7860;4028;90;2;0;97.28
7861;4029;38;1;0;55.68
7862;4029;66;1;5;55.7
7863;4029;60;1;5;90.2
7864;4029;34;1;0;21.33
7865;4030;115;1;10;19.27
7866;4031;88;2;0;91.26
7867;4031;79;1;15;103.16
7868;4031;108;2;5;104.41
7869;4032;87;1;20;21.34
7870;4032;42;1;0;18.28
7871;4033;99;1;0;27.15
7872;4033;9;1;0;20.64
7873;4034;112;1;5;14.25
7874;4035;80;2;20;67.3
7875;4035;84;1;10;23.1
7876;4035;58;1;0;140.81
7877;4036;77;1;0;15.0
7878;4037;105;1;5;60.36
7879;4037;12;3;0;142.35
7880;4037;113;1;10;57.02
7881;4037;66;1;0;58.63
7882;4038;16;1;10;33.61
7883;4038;78;2;20;92.86
7884;4038;7;3;10;94.55
7885;4038;74;2;5;90.72
7886;4038;27;1;15;66.26
7887;4039;36;1;10;43.7
7888;4040;27;1;20;62.36
7889;4040;49;2;5;177.74
7890;4040;109;1;20;12.0
7891;4041;114;1;5;49.14
7892;4041;18;2;0;88.76
7893;4041;54;1;15;25.82
7894;4042;64;1;0;15.0
7895;4042;55;1;0;15.0
7896;4043;47;2;5;31.67
7897;4043;76;1;10;33.05
7898;4043;91;1;0;26.21
7899;4044;26;1;5;36.33
7900;4044;27;1;5;74.05
7901;4045;91;1;0;26.21
7902;4045;68;1;0;160.88
7903;4046;30;1;0;15.0
7904;4047;31;1;0;67.64
7905;4048;19;1;5;59.01
7906;4048;63;1;5;86.54
7907;4048;65;1;10;44.16
7908;4049;23;1;0;57.15
7909;4049;95;2;0;97.82
7910;4049;7;1;5;33.27
7911;4049;107;1;10;69.77
7912;4050;54;1;0;30.38
7913;4050;113;1;10;57.02
7914;4051;3;1;10;72.7
7915;4051;2;1;0;19.02
7916;4052;100;2;20;145.42
7917;4052;84;2;10;46.21
7918;4053;114;2;10;93.11
7919;4054;12;1;15;40.33
7920;4054;64;1;0;15.0
7921;4054;29;1;10;13.5
7922;4055;119;1;0;94.67
7923;4055;89;1;0;20.76
7924;4056;54;1;0;30.38
7925;4056;22;1;0;18.71
7926;4057;44;2;0;168.88
7927;4057;86;2;0;30.0
7928;4058;13;1;0;33.04
7929;4058;14;1;0;193.43
7930;4059;11;1;0;106.71
7931;4059;108;1;5;52.2
7932;4059;106;1;5;32.83
7933;4060;60;2;5;180.41
7934;4061;17;1;0;30.02
7935;4062;105;2;0;127.08
7936;4062;50;1;5;46.32
7937;4062;42;1;0;18.28
7938;4062;13;1;0;33.04
7939;4063;69;1;0;21.21
7940;4063;86;2;15;25.5
7941;4063;103;1;15;25.41
7942;4064;31;3;0;202.92
7943;4065;68;1;0;160.88
7944;4066;47;1;0;16.67
7945;4066;33;1;0;41.22
7946;4066;107;2;10;139.54
7947;4067;37;1;0;24.99
7948;4068;9;1;0;20.64
7949;4069;21;1;15;30.34
7950;4070;27;1;0;77.95
7951;4070;29;1;0;15.0
7952;4070;48;3;0;98.19
7953;4070;21;1;15;30.34
7954;4071;12;1;0;47.45
7955;4072;45;1;5;148.47
7956;4072;98;1;20;57.67
7957;4073;80;1;10;37.85
7958;4073;35;1;0;34.49
7959;4073;24;1;5;208.6
7960;4073;72;1;0;134.56
7961;4074;25;2;0;67.18
7962;4075;17;1;0;30.02
7963;4075;81;2;5;34.47
7964;4076;81;3;10;48.98
7965;4077;98;1;0;72.09
7966;4077;59;1;5;18.9
7967;4077;29;1;0;15.0
7968;4078;65;1;5;46.62
7969;4079;22;2;15;31.81
7970;4079;47;1;5;15.84
7971;4079;64;1;0;15.0
7972;4079;80;2;5;79.91
7973;4080;38;3;0;167.04
7974;4080;84;1;5;24.39
7975;4080;80;1;0;42.06
7976;4080;47;2;0;33.34
7977;4080;23;1;10;51.44
7978;4081;110;2;15;141.36
7979;4082;97;1;5;14.25
7980;4082;19;1;0;62.12
7981;4082;60;1;10;85.45
7982;4082;57;1;0;36.53
7983;4082;50;1;0;48.76
7984;4083;100;3;0;272.67
7985;4084;105;1;10;57.19
7986;4084;102;1;0;23.54
7987;4084;12;1;10;42.71
7988;4084;96;2;0;322.46
7989;4084;89;1;0;20.76
7990;4085;43;1;0;110.19
7991;4085;106;1;15;29.38
7992;4085;15;3;5;69.23
7993;4085;12;1;0;47.45
7994;4085;18;1;0;44.38
7995;4086;87;3;5;76.04
7996;4086;45;1;10;140.65
7997;4086;21;2;0;71.38
7998;4086;111;2;5;81.89
7999;4087;39;1;5;34.8
8000;4087;48;2;0;65.46
8001;4088;21;1;20;28.55
8002;4088;107;1;0;77.52
8003;4088;120;2;5;80.08
8004;4088;27;1;0;77.95
8005;4089;2;1;0;19.02
8006;4090;89;1;0;20.76
8007;4090;6;3;0;197.61
8008;4090;47;1;0;16.67
8009;4091;84;1;5;24.39
8010;4091;119;1;10;85.2
8011;4091;51;1;0;153.28
8012;4092;109;1;15;12.75
8013;4093;82;1;10;16.93
8014;4093;94;1;0;97.26
8015;4093;88;1;5;43.35
8016;4094;68;1;0;160.88
8017;4095;115;1;15;18.2
8018;4095;46;1;0;163.24
8019;4095;65;1;0;49.07
8020;4096;34;1;0;21.33
8021;4096;18;1;5;42.16
8022;4097;42;1;20;14.62
8023;4097;52;2;0;51.76
8024;4097;66;1;5;55.7
8025;4098;62;1;0;35.91
8026;4098;119;1;0;94.67
8027;4098;24;1;10;197.62
8028;4098;98;3;0;216.27
8029;4099;115;1;15;18.2
8030;4099;78;1;0;58.04
8031;4099;116;1;5;93.15
8032;4100;57;2;0;73.06
8033;4101;112;1;0;15.0
8034;4101;79;2;5;230.58
8035;4101;83;1;0;191.61
8036;4102;29;1;0;15.0
8037;4103;62;1;10;32.32
8038;4103;21;1;0;35.69
8039;4104;73;2;0;30.0
8040;4105;12;1;10;42.71
8041;4106;13;1;10;29.74
8042;4106;68;1;5;152.84
8043;4107;54;1;0;30.38
8044;4107;103;1;0;29.89
8045;4108;78;2;10;104.47
8046;4109;66;1;0;58.63
8047;4110;49;1;15;79.52
8048;4110;13;2;10;59.47
8049;4111;20;2;0;116.14
8050;4112;79;1;5;115.29
8051;4112;6;1;20;52.7
8052;4112;41;1;15;19.15
8053;4113;93;1;0;15.0
8054;4113;76;1;5;34.88
8055;4113;15;2;10;43.72
8056;4114;103;3;20;71.74
8057;4115;73;1;10;13.5
8058;4116;56;1;0;23.85
8059;4117;33;2;5;78.32
8060;4117;110;1;0;83.15
8061;4117;39;1;0;36.63
8062;4118;118;2;5;81.53
8063;4118;42;1;5;17.37
8064;4118;107;3;5;220.93
8065;4119;33;1;0;41.22
8066;4120;42;1;0;18.28
8067;4120;37;1;5;23.74
8068;4121;79;1;0;121.36
8069;4121;103;1;0;29.89
8070;4122;66;1;5;55.7
8071;4123;39;1;5;34.8
8072;4123;79;2;0;242.72
8073;4123;56;2;10;42.93
8074;4124;91;3;0;78.63
8075;4124;78;1;0;58.04
8076;4124;109;3;0;45.0
8077;4124;56;2;0;47.7
8078;4125;107;1;0;77.52
8079;4125;42;1;0;18.28
8080;4125;82;1;5;17.87
8081;4126;26;1;0;38.24
8082;4127;60;3;10;256.37
8083;4127;99;2;10;48.87
8084;4127;28;1;0;35.73
8085;4127;19;2;0;124.24
8086;4128;38;1;5;52.9
8087;4128;55;1;0;15.0
8088;4128;89;1;5;19.72
8089;4129;97;2;20;24.0
8090;4130;28;3;5;101.83
8091;4130;18;1;0;44.38
8092;4130;32;1;0;50.66
8093;4130;40;1;10;13.5
8094;4130;102;1;5;22.36
8095;4131;116;1;5;93.15
8096;4132;26;1;5;36.33
8097;4133;59;1;0;19.9
8098;4134;68;1;0;160.88
8099;4134;14;1;0;193.43
8100;4134;82;1;0;18.81
8101;4135;5;1;0;38.13
8102;4136;114;1;5;49.14
8103;4137;84;3;5;73.16
8104;4138;2;1;0;19.02
8105;4139;19;1;5;59.01
8106;4139;58;1;10;126.73
8107;4140;104;1;5;14.25
8108;4140;57;1;0;36.53
8109;4140;54;1;0;30.38
8110;4141;11;1;20;85.37
8111;4141;36;1;5;46.12
8112;4141;14;1;5;183.76
8113;4142;114;3;0;155.19
8114;4142;15;1;15;20.65
8115;4142;37;1;5;23.74
8116;4143;77;1;0;15.0
8117;4143;107;1;0;77.52
8118;4144;113;1;10;57.02
8119;4145;105;1;15;54.01
8120;4146;44;1;5;80.22
8121;4146;45;3;0;468.84
8122;4146;89;1;0;20.76
8123;4147;61;1;0;61.23
8124;4147;58;1;5;133.77
8125;4147;68;1;5;152.84
8126;4148;96;1;0;161.23
8127;4149;94;1;5;92.4
8128;4149;107;1;0;77.52
8129;4149;2;1;0;19.02
8130;4149;5;1;5;36.22
8131;4150;63;1;0;91.09
8132;4150;86;1;0;15.0
8133;4150;96;1;10;145.11
8134;4151;9;1;0;20.64
8135;4151;57;1;5;34.7
8136;4151;45;1;15;132.84
8137;4152;75;1;0;38.89
8138;4153;42;3;15;46.61
8139;4154;8;2;10;27.0
8140;4155;28;1;5;33.94
8141;4155;79;1;0;121.36
8142;4155;55;1;0;15.0
8143;4155;101;1;5;20.05
8144;4156;72;1;5;127.83
8145;4156;38;1;0;55.68
8146;4157;57;3;15;93.15
8147;4157;111;1;0;43.1
8148;4158;70;1;5;211.77
8149;4158;41;1;0;22.53
8150;4158;110;1;5;78.99
8151;4158;95;1;10;44.02
8152;4158;51;1;0;153.28
8153;4159;50;1;0;48.76
8154;4160;32;2;0;101.32
8155;4161;22;1;5;17.77
8156;4162;108;1;5;52.2
8157;4162;57;3;0;109.59
8158;4162;95;1;0;48.91
8159;4162;104;1;20;12.0
8160;4163;44;2;10;151.99
8161;4164;38;1;10;50.11
8162;4164;116;2;0;196.1
8163;4165;114;2;20;82.77
8164;4165;47;1;0;16.67
8165;4165;29;1;0;15.0
8166;4166;59;2;10;35.82
8167;4166;8;1;5;14.25
8168;4166;24;1;0;219.58
8169;4167;47;1;0;16.67
8170;4167;92;1;0;146.56
8171;4168;98;3;0;216.27
8172;4169;2;2;0;38.04
8173;4169;87;1;0;26.68
8174;4170;1;1;0;21.32
8175;4171;81;1;15;15.42
8176;4172;62;1;0;35.91
8177;4172;11;1;0;106.71
8178;4173;17;1;0;30.02
8179;4173;13;1;0;33.04
8180;4173;53;1;0;70.97
8181;4174;57;1;0;36.53
8182;4175;17;1;5;28.52
8183;4176;56;1;5;22.66
8184;4177;99;2;5;51.58
8185;4177;103;1;0;29.89
8186;4177;59;1;10;17.91
8187;4178;79;1;0;121.36
8188;4179;56;2;0;47.7
8189;4180;61;2;0;122.46
8190;4180;13;1;0;33.04
8191;4181;25;1;0;33.59
8192;4182;65;1;0;49.07
8193;4182;57;1;0;36.53
8194;4183;114;3;0;155.19
8195;4183;110;3;5;236.98
8196;4184;63;1;0;91.09
8197;4184;61;2;0;122.46
8198;4185;48;1;5;31.09
8199;4185;7;1;0;35.02
8200;4186;35;1;0;34.49
8201;4186;38;1;0;55.68
8202;4187;116;1;0;98.05
8203;4187;100;2;0;181.78
8204;4188;80;2;0;84.12
8205;4188;58;2;15;239.38
8206;4188;54;2;15;51.65
8207;4189;28;1;5;33.94
8208;4189;49;1;0;93.55
8209;4190;16;2;0;74.68
8210;4190;96;1;5;153.17
8211;4191;95;1;5;46.46
8212;4192;26;1;20;30.59
8213;4192;88;1;0;45.63
8214;4192;94;1;0;97.26
8215;4192;118;1;0;42.91
8216;4193;64;1;0;15.0
8217;4193;92;1;20;117.25
8218;4193;116;1;0;98.05
8219;4194;75;1;0;38.89
8220;4194;62;1;0;35.91
8221;4195;120;1;15;35.83
8222;4195;49;1;0;93.55
8223;4196;110;2;15;141.36
8224;4196;93;3;10;40.5
8225;4197;85;1;0;41.5
8226;4197;78;1;0;58.04
8227;4198;41;2;0;45.06
8228;4199;109;1;10;13.5
8229;4200;56;1;5;22.66
8230;4201;70;1;10;200.63
8231;4201;35;1;0;34.49
8232;4201;101;2;0;42.2
8233;4201;81;3;0;54.42
8234;4201;88;1;0;45.63
8235;4202;82;3;0;56.43
8236;4203;30;3;0;45.0
8237;4204;39;2;5;69.6
8238;4204;72;2;5;255.66
8239;4205;67;2;5;44.06
8240;4206;14;3;0;580.29
8241;4207;32;1;0;50.66
8242;4207;28;1;0;35.73
8243;4208;62;2;0;71.82
8244;4208;112;1;0;15.0
8245;4209;38;3;5;158.69
8246;4209;94;1;0;97.26
8247;4209;19;1;0;62.12
8248;4210;12;2;10;85.41
8249;4211;19;1;0;62.12
8250;4212;54;1;5;28.86
8251;4212;90;1;0;48.64
8252;4213;41;1;10;20.28
8253;4213;119;1;10;85.2
8254;4213;89;2;0;41.52
8255;4213;69;1;5;20.15
8256;4213;116;1;0;98.05
8257;4214;25;1;15;28.55
8258;4214;110;2;0;166.3
8259;4215;82;1;5;17.87
8260;4215;2;1;0;19.02
8261;4215;1;1;0;21.32
8262;4215;17;1;20;24.02
8263;4215;22;1;0;18.71
8264;4216;97;1;10;13.5
8265;4216;6;1;15;55.99
8266;4217;110;1;5;78.99
8267;4217;70;2;0;445.84
8268;4218;23;1;5;54.29
8269;4219;4;1;0;32.8
8270;4219;83;1;20;153.29
8271;4220;91;1;0;26.21
8272;4221;37;1;0;24.99
8273;4221;27;1;0;77.95
8274;4221;3;1;0;80.78
8275;4221;117;1;0;69.98
8276;4222;74;2;0;95.5
8277;4222;36;1;5;46.12
8278;4222;108;1;0;54.95
8279;4223;85;1;0;41.5
8280;4224;62;1;0;35.91
8281;4224;9;1;10;18.58
8282;4225;84;1;5;24.39
8283;4225;76;1;0;36.72
8284;4226;32;1;0;50.66
8285;4226;65;2;5;93.23
8286;4226;26;1;5;36.33
8287;4227;58;1;5;133.77
8288;4227;27;3;0;233.85
8289;4228;63;2;5;173.07
8290;4229;30;1;5;14.25
8291;4229;94;1;15;82.67
8292;4229;81;1;15;15.42
8293;4229;47;1;5;15.84
8294;4229;18;2;15;75.45
8295;4230;20;3;0;174.21
8296;4231;52;1;5;24.59
8297;4232;30;1;0;15.0
8298;4232;90;3;20;116.74
8299;4233;101;1;5;20.05
8300;4234;55;1;0;15.0
8301;4235;72;1;0;134.56
8302;4236;79;2;10;218.45
8303;4236;69;1;0;21.21
8304;4237;34;1;0;21.33
8305;4237;60;1;0;94.95
8306;4238;60;1;15;80.71
8307;4239;100;2;0;181.78
8308;4240;120;2;20;67.44
8309;4240;90;1;15;41.34
8310;4240;73;1;0;15.0
8311;4240;21;1;15;30.34
8312;4241;93;1;0;15.0
8313;4242;108;1;0;54.95
8314;4242;38;1;15;47.33
8315;4242;80;1;0;42.06
8316;4242;73;1;0;15.0
8317;4242;51;1;0;153.28
8318;4243;31;1;0;67.64
8319;4243;5;2;5;72.45
8320;4243;2;2;0;38.04
8321;4243;19;1;15;52.8
8322;4244;32;1;0;50.66
8323;4244;110;1;0;83.15
8324;4245;120;1;15;35.83
8325;4246;52;1;10;23.29
8326;4247;45;2;15;265.68
8327;4247;119;1;0;94.67
8328;4247;73;1;0;15.0
8329;4247;29;3;0;45.0
8330;4248;79;1;0;121.36
8331;4248;40;1;10;13.5
8332;4249;26;3;0;114.72
8333;4249;27;1;0;77.95
8334;4250;98;1;5;68.49
8335;4250;56;1;0;23.85
8336;4251;18;1;0;44.38
8337;4252;4;1;5;31.16
8338;4252;88;2;0;91.26
8339;4252;49;1;0;93.55
8340;4253;51;3;0;459.84
8341;4253;18;2;0;88.76
8342;4253;65;1;0;49.07
8343;4253;74;1;0;47.75
8344;4254;13;1;0;33.04
8345;4255;42;1;5;17.37
8346;4255;34;1;0;21.33
8347;4256;55;1;10;13.5
8348;4256;46;2;5;310.16
8349;4256;40;3;5;42.75
8350;4256;59;1;0;19.9
8351;4257;4;2;15;55.76
8352;4258;40;1;15;12.75
8353;4258;35;1;10;31.04
8354;4259;54;1;0;30.38
8355;4260;45;1;10;140.65
8356;4261;69;2;0;42.42
8357;4262;78;1;0;58.04
8358;4263;112;1;5;14.25
8359;4264;3;1;0;80.78
8360;4264;76;2;0;73.44
8361;4264;16;1;10;33.61
8362;4265;13;1;5;31.39
8363;4266;63;1;20;72.87
8364;4267;1;3;0;63.96
8365;4267;79;3;0;364.08
8366;4267;116;1;0;98.05
8367;4268;95;1;0;48.91
8368;4268;113;1;0;63.36
8369;4268;24;1;20;175.66
8370;4269;43;1;0;110.19
8371;4269;118;1;5;40.76
8372;4269;71;1;15;18.92
8373;4270;111;2;10;77.58
8374;4270;115;1;5;20.34
8375;4270;7;3;5;99.81
8376;4271;62;1;20;28.73
8377;4272;37;2;20;39.98
8378;4273;101;1;0;21.1
8379;4273;108;1;0;54.95
8380;4274;1;2;0;42.64
8381;4275;47;2;0;33.34
8382;4275;38;1;10;50.11
8383;4276;56;1;15;20.27
8384;4276;47;1;0;16.67
8385;4277;115;2;0;42.82
8386;4278;40;1;0;15.0
8387;4278;79;1;0;121.36
8388;4279;69;1;10;19.09
8389;4279;8;1;5;14.25
8390;4280;15;2;15;41.29
8391;4281;40;1;10;13.5
8392;4282;114;1;10;46.56
8393;4282;104;1;5;14.25
8394;4282;96;2;5;306.34
8395;4283;120;1;0;42.15
8396;4283;105;1;0;63.54
8397;4283;35;1;0;34.49
8398;4283;85;1;0;41.5
8399;4284;74;1;5;45.36
8400;4284;81;1;0;18.14
8401;4285;115;1;0;21.41
8402;4286;43;1;5;104.68
8403;4287;56;1;0;23.85
8404;4288;115;1;0;21.41
8405;4288;107;1;0;77.52
8406;4289;108;1;5;52.2
8407;4289;23;1;15;48.58
8408;4289;3;1;5;76.74
8409;4289;13;1;0;33.04
8410;4289;105;2;0;127.08
8411;4290;35;1;0;34.49
8412;4291;83;1;20;153.29
8413;4292;110;1;0;83.15
8414;4293;5;3;0;114.39
8415;4294;69;1;0;21.21
8416;4294;33;2;0;82.44
8417;4295;26;1;0;38.24
8418;4296;120;1;0;42.15
8419;4297;46;1;0;163.24
8420;4298;28;1;0;35.73
8421;4298;7;2;0;70.04
8422;4299;107;1;0;77.52
8423;4299;55;1;0;15.0
8424;4300;60;1;0;94.95
8425;4301;34;3;10;57.59
8426;4301;76;1;0;36.72
8427;4301;27;3;0;233.85
8428;4301;7;1;0;35.02
8429;4302;56;1;0;23.85
8430;4302;38;1;0;55.68
8431;4303;113;1;0;63.36
8432;4303;2;1;0;19.02
8433;4304;110;1;0;83.15
8434;4304;12;1;5;45.08
8435;4305;23;1;10;51.44
8436;4305;55;1;0;15.0
8437;4305;6;1;0;65.87
8438;4305;53;1;0;70.97
8439;4306;39;1;0;36.63
8440;4306;48;1;5;31.09
8441;4306;113;1;0;63.36
8442;4306;116;1;0;98.05
8443;4307;109;2;0;30.0
8444;4308;55;1;0;15.0
8445;4308;63;1;0;91.09
8446;4309;83;2;5;364.06
8447;4310;34;1;0;21.33
8448;4310;23;1;10;51.44
8449;4311;37;1;5;23.74
8450;4311;73;1;15;12.75
8451;4311;65;3;5;139.85
8452;4312;110;1;0;83.15
8453;4313;26;1;0;38.24
8454;4314;74;1;5;45.36
8455;4314;82;3;20;45.14
8456;4315;115;1;0;21.41
8457;4316;23;2;5;108.58
8458;4317;105;1;0;63.54
8459;4318;17;3;0;90.06
8460;4319;38;1;0;55.68
8461;4320;80;1;0;42.06
8462;4321;11;1;10;96.04
8463;4321;87;1;0;26.68
8464;4321;16;1;0;37.34
8465;4322;35;1;5;32.77
8466;4323;5;2;10;68.63
8467;4324;13;1;0;33.04
8468;4324;46;1;20;130.59
8469;4325;1;1;0;21.32
8470;4325;113;1;0;63.36
8471;4326;56;1;0;23.85
8472;4326;66;1;0;58.63
8473;4327;74;1;0;47.75
8474;4328;115;1;0;21.41
8475;4329;85;1;5;39.42
8476;4330;109;2;0;30.0
8477;4331;27;1;15;66.26
8478;4332;56;1;10;21.47
8479;4333;9;1;0;20.64
8480;4334;97;1;0;15.0
8481;4334;11;1;10;96.04
8482;4334;40;3;5;42.75
8483;4335;57;1;5;34.7
8484;4336;43;1;0;110.19
8485;4337;79;1;20;97.09
8486;4337;58;2;0;281.62
8487;4338;43;1;0;110.19
8488;4339;98;2;15;122.55
8489;4339;1;1;0;21.32
8490;4340;107;1;0;77.52
8491;4340;80;2;0;84.12
8492;4341;86;1;0;15.0
8493;4342;52;1;0;25.88
8494;4342;117;1;0;69.98
8495;4343;29;1;5;14.25
8496;4344;109;1;0;15.0
8497;4345;48;1;15;27.82
8498;4346;58;2;20;225.3
8499;4346;102;1;0;23.54
8500;4347;101;3;0;63.3
8501;4348;78;1;0;58.04
8502;4348;103;1;10;26.9
8503;4349;117;1;10;62.98
8504;4350;16;1;0;37.34
8505;4351;50;1;15;41.45
8506;4352;48;1;0;32.73
8507;4353;1;1;10;19.19
8508;4354;98;1;15;61.28
8509;4355;54;1;5;28.86
8510;4356;26;1;15;32.5
8511;4356;12;1;15;40.33
8512;4357;73;1;0;15.0
8513;4358;56;1;0;23.85
8514;4358;64;1;15;12.75
8515;4359;66;2;0;117.26
8516;4360;42;1;5;17.37
8517;4360;93;1;5;14.25
8518;4361;59;1;0;19.9
8519;4361;41;1;0;22.53
8520;4361;71;3;0;66.78
8521;4361;31;1;0;67.64
8522;4361;83;1;0;191.61
8523;4362;34;3;0;63.99
8524;4363;19;1;0;62.12
8525;4364;87;1;5;25.35
8526;4364;45;1;10;140.65
8527;4364;17;1;0;30.02
8528;4365;34;3;0;63.99
8529;4365;88;1;0;45.63
8530;4365;41;3;0;67.59
8531;4366;119;1;0;94.67
8532;4366;24;1;0;219.58
8533;4367;100;1;15;77.26
8534;4367;72;1;0;134.56
8535;4368;111;1;5;40.95
8536;4369;70;1;0;222.92
8537;4370;102;1;15;20.01
8538;4370;27;3;0;233.85
8539;4370;70;1;0;222.92
8540;4371;52;1;10;23.29
8541;4372;48;1;15;27.82
8542;4372;79;1;0;121.36
8543;4373;102;1;5;22.36
8544;4373;114;1;10;46.56
8545;4374;108;1;10;49.46
8546;4374;105;1;0;63.54
8547;4375;30;2;5;28.5
8548;4376;13;1;5;31.39
8549;4376;89;3;0;62.28
8550;4376;88;1;0;45.63
8551;4377;74;1;5;45.36
8552;4378;80;2;0;84.12
8553;4378;75;2;0;77.78
8554;4378;64;1;5;14.25
8555;4379;21;1;5;33.91
8556;4379;32;1;0;50.66
8557;4380;43;1;0;110.19
8558;4380;14;1;0;193.43
8559;4380;39;1;0;36.63
8560;4381;109;1;10;13.5
8561;4381;72;1;0;134.56
8562;4382;11;1;10;96.04
8563;4382;9;1;0;20.64
8564;4383;91;1;10;23.59
8565;4384;3;3;10;218.11
8566;4384;81;1;20;14.51
8567;4384;44;1;0;84.44
8568;4384;1;1;15;18.12
8569;4385;1;1;0;21.32
8570;4385;19;3;0;186.36
8571;4386;88;3;10;123.2
8572;4387;111;1;15;36.63
8573;4388;2;3;5;54.21
8574;4389;119;1;10;85.2
8575;4389;21;1;0;35.69
8576;4390;68;1;0;160.88
8577;4390;45;1;0;156.28
8578;4391;56;1;0;23.85
8579;4392;8;2;15;25.5
8580;4392;102;2;5;44.73
8581;4392;116;3;0;294.15
8582;4392;13;2;10;59.47
8583;4393;11;2;10;192.08
8584;4394;48;1;10;29.46
8585;4394;32;3;0;151.98
8586;4394;114;1;0;51.73
8587;4395;44;1;0;84.44
8588;4395;55;1;0;15.0
8589;4396;68;2;5;305.67
8590;4397;12;1;5;45.08
8591;4397;70;2;0;445.84
8592;4398;12;1;10;42.71
8593;4399;72;3;0;403.68
8594;4399;4;1;5;31.16
8595;4399;24;2;0;439.16
8596;4399;67;1;10;20.87
8597;4399;22;2;0;37.42
8598;4400;69;1;0;21.21
8599;4400;81;1;0;18.14
8600;4401;54;1;5;28.86
8601;4401;68;1;0;160.88
8602;4402;81;1;0;18.14
8603;4403;14;1;0;193.43
8604;4403;50;1;10;43.88
8605;4404;4;1;0;32.8
8606;4404;120;1;0;42.15
8607;4404;77;2;0;30.0
8608;4405;36;1;0;48.55
8609;4406;60;1;0;94.95
8610;4406;22;1;10;16.84
8611;4407;53;3;20;170.33
8612;4407;1;1;15;18.12
8613;4408;115;1;0;21.41
8614;4409;32;1;0;50.66
8615;4409;105;1;5;60.36
8616;4409;57;1;0;36.53
8617;4409;18;3;5;126.48
8618;4410;100;2;5;172.69
8619;4410;111;1;15;36.63
8620;4411;117;1;0;69.98
8621;4412;99;2;0;54.3
8622;4413;67;1;0;23.19
8623;4414;55;1;5;14.25
8624;4415;45;1;0;156.28
8625;4416;45;2;5;296.93
8626;4417;9;1;10;18.58
8627;4417;65;1;0;49.07
8628;4418;21;1;0;35.69
8629;4418;76;1;0;36.72
8630;4418;78;2;5;110.28
8631;4418;112;1;5;14.25
8632;4419;2;1;0;19.02
8633;4420;115;1;0;21.41
8634;4420;85;2;0;83.0
8635;4420;73;1;0;15.0
8636;4421;105;1;5;60.36
8637;4421;103;1;0;29.89
8638;4422;78;2;10;104.47
8639;4423;113;1;0;63.36
8640;4423;35;1;0;34.49
8641;4424;57;1;0;36.53
8642;4425;119;1;5;89.94
8643;4426;35;1;5;32.77
8644;4427;13;1;0;33.04
8645;4427;89;1;0;20.76
8646;4428;61;1;0;61.23
8647;4428;44;1;0;84.44
8648;4428;120;2;0;84.3
8649;4429;67;3;5;66.09
8650;4430;26;1;0;38.24
8651;4430;68;1;0;160.88
8652;4430;60;1;0;94.95
8653;4430;8;1;5;14.25
8654;4431;96;2;15;274.09
8655;4431;23;1;0;57.15
8656;4431;70;1;0;222.92
8657;4431;85;1;5;39.42
8658;4431;98;2;10;129.76
8659;4432;30;1;5;14.25
8660;4432;7;1;0;35.02
8661;4433;98;3;15;183.83
8662;4433;23;1;15;48.58
8663;4433;107;1;20;62.02
8664;4433;9;1;0;20.64
8665;4434;120;1;0;42.15
8666;4434;1;2;5;40.51
8667;4435;103;2;0;59.78
8668;4435;106;1;0;34.56
8669;4436;92;2;0;293.12
8670;4437;93;1;0;15.0
8671;4438;90;1;0;48.64
8672;4438;44;1;0;84.44
8673;4439;88;3;0;136.89
8674;4439;31;1;0;67.64
8675;4439;6;1;0;65.87
8676;4440;73;1;15;12.75
8677;4441;96;1;0;161.23
8678;4442;86;2;0;30.0
8679;4443;30;2;0;30.0
8680;4443;83;1;0;191.61
8681;4443;60;1;0;94.95
8682;4444;98;1;0;72.09
8683;4445;114;1;0;51.73
8684;4445;63;1;0;91.09
8685;4446;51;1;0;153.28
8686;4446;106;1;0;34.56
8687;4447;109;1;5;14.25
8688;4447;84;1;0;25.67
8689;4448;14;1;0;193.43
8690;4449;72;2;5;255.66
8691;4450;85;1;20;33.2
8692;4450;93;1;0;15.0
8693;4451;8;1;10;13.5
8694;4451;112;1;0;15.0
8695;4451;53;1;0;70.97
8696;4451;86;2;20;24.0
8697;4452;69;3;0;63.63
8698;4453;12;1;0;47.45
8699;4454;115;1;10;19.27
8700;4455;80;1;5;39.96
8701;4455;7;1;0;35.02
8702;4455;69;2;15;36.06
8703;4456;2;2;5;36.14
8704;4457;105;1;0;63.54
8705;4457;89;1;0;20.76
8706;4457;43;3;20;264.46
8707;4457;48;1;0;32.73
8708;4457;111;1;5;40.95
8709;4458;26;1;0;38.24
8710;4458;118;3;0;128.73
8711;4458;41;2;0;45.06
8712;4458;15;1;0;24.29
8713;4458;49;1;0;93.55
8714;4459;69;1;5;20.15
8715;4459;33;2;0;82.44
8716;4460;72;1;15;114.38
8717;4461;102;2;0;47.08
8718;4462;83;1;0;191.61
8719;4462;2;1;10;17.12
8720;4463;35;2;0;68.98
8721;4464;118;1;10;38.62
8722;4465;78;1;15;49.33
8723;4465;8;1;0;15.0
8724;4466;38;3;0;167.04
8725;4466;52;1;5;24.59
8726;4466;93;1;0;15.0
8727;4467;19;1;5;59.01
8728;4468;40;1;5;14.25
8729;4469;5;1;10;34.32
8730;4470;11;1;0;106.71
8731;4470;27;1;10;70.16
8732;4471;1;1;15;18.12
8733;4471;99;1;0;27.15
8734;4472;4;1;10;29.52
8735;4472;61;1;5;58.17
8736;4473;55;3;0;45.0
8737;4473;35;2;10;62.08
8738;4474;104;1;0;15.0
8739;4474;46;2;0;326.48
8740;4474;33;1;0;41.22
8741;4474;32;1;0;50.66
8742;4475;70;1;0;222.92
8743;4475;20;2;5;110.33
8744;4476;65;1;0;49.07
8745;4476;79;1;0;121.36
8746;4476;67;1;0;23.19
8747;4476;26;2;10;68.83
8748;4477;107;1;5;73.64
8749;4477;80;1;10;37.85
8750;4478;95;2;0;97.82
8751;4479;104;2;20;24.0
8752;4480;21;1;0;35.69
8753;4481;55;1;0;15.0
8754;4482;110;1;5;78.99
8755;4483;103;1;0;29.89
8756;4484;15;1;0;24.29
8757;4485;108;1;0;54.95
8758;4485;71;3;15;56.76
8759;4486;84;1;0;25.67
8760;4487;106;1;5;32.83
8761;4488;25;1;10;30.23
8762;4489;61;2;0;122.46
8763;4489;1;3;0;63.96
8764;4489;88;1;0;45.63
8765;4489;6;1;0;65.87
8766;4489;69;1;0;21.21
8767;4490;10;2;0;131.34
8768;4491;104;1;0;15.0
8769;4492;6;2;0;131.74
8770;4493;60;1;0;94.95
8771;4493;92;1;15;124.58
8772;4494;89;1;15;17.65
8773;4495;8;1;0;15.0
8774;4495;120;2;0;84.3
8775;4495;89;1;20;16.61
8776;4496;115;1;0;21.41
8777;4497;33;2;0;82.44
8778;4497;53;1;0;70.97
8779;4497;79;1;0;121.36
8780;4498;57;1;0;36.53
8781;4498;34;1;0;21.33
8782;4498;25;1;0;33.59
8783;4499;88;1;0;45.63
8784;4499;70;2;0;445.84
8785;4499;89;1;15;17.65
8786;4499;29;1;0;15.0
8787;4500;48;1;0;32.73
8788;4500;60;2;0;189.9
8789;4501;110;1;0;83.15
8790;4501;16;1;0;37.34
8791;4502;39;1;5;34.8
8792;4503;118;1;20;34.33
8793;4503;115;3;0;64.23
8794;4504;64;1;0;15.0
8795;4504;99;3;0;81.45
8796;4505;63;1;0;91.09
8797;4505;7;1;15;29.77
8798;4505;86;1;0;15.0
8799;4505;95;1;0;48.91
8800;4506;14;1;0;193.43
8801;4507;59;2;20;31.84
8802;4507;6;1;0;65.87
8803;4507;9;2;5;39.22
8804;4507;61;1;0;61.23
8805;4507;111;1;0;43.1
8806;4508;11;1;0;106.71
8807;4508;81;1;5;17.23
8808;4509;78;1;0;58.04
8809;4509;91;1;0;26.21
8810;4510;50;1;5;46.32
8811;4510;52;1;5;24.59
8812;4510;111;1;0;43.1
8813;4510;108;1;0;54.95
8814;4510;13;1;0;33.04
8815;4511;26;1;0;38.24
8816;4512;76;3;0;110.16
8817;4512;53;1;0;70.97
8818;4513;41;1;10;20.28
8819;4514;104;2;5;28.5
8820;4515;31;1;10;60.88
8821;4515;7;1;0;35.02
8822;4516;32;1;5;48.13
8823;4516;33;1;10;37.1
8824;4517;70;2;15;378.96
8825;4517;31;2;15;114.99
8826;4518;57;1;0;36.53
8827;4518;65;1;5;46.62
8828;4518;101;2;0;42.2
8829;4519;12;3;0;142.35
8830;4519;116;1;0;98.05
8831;4520;56;1;0;23.85
8832;4520;9;3;0;61.92
8833;4520;64;1;0;15.0
8834;4521;2;2;0;38.04
8835;4522;71;1;0;22.26
8836;4523;99;1;0;27.15
8837;4523;83;1;10;172.45
8838;4523;74;2;5;90.72
8839;4524;58;1;20;112.65
8840;4525;40;2;0;30.0
8841;4525;55;1;0;15.0
8842;4525;72;2;0;269.12
8843;4525;74;1;0;47.75
8844;4526;76;1;5;34.88
8845;4526;14;1;5;183.76
8846;4526;38;1;0;55.68
8847;4526;66;1;0;58.63
8848;4526;60;3;15;242.12
8849;4527;82;2;0;37.62
8850;4527;103;2;0;59.78
8851;4528;74;1;0;47.75
8852;4528;109;1;0;15.0
8853;4529;90;1;0;48.64
8854;4529;101;2;0;42.2
8855;4530;41;1;15;19.15
8856;4531;65;2;0;98.14
8857;4531;3;1;0;80.78
8858;4531;6;1;5;62.58
8859;4532;36;2;5;92.24
8860;4532;60;2;5;180.41
8861;4533;58;1;10;126.73
8862;4534;97;1;0;15.0
8863;4534;47;2;0;33.34
8864;4534;20;1;0;58.07
8865;4535;103;1;15;25.41
8866;4535;81;3;20;43.54
8867;4536;97;2;0;30.0
8868;4537;105;1;0;63.54
8869;4538;2;1;5;18.07
8870;4538;54;1;5;28.86
8871;4538;17;1;0;30.02
8872;4539;1;3;0;63.96
8873;4539;82;1;0;18.81
8874;4539;70;1;0;222.92
8875;4540;49;1;0;93.55
8876;4540;31;2;5;128.52
8877;4540;33;1;5;39.16
8878;4541;59;1;5;18.9
8879;4541;23;1;5;54.29
8880;4541;35;1;15;29.32
8881;4542;8;1;10;13.5
8882;4543;43;1;5;104.68
8883;4544;78;3;20;139.3
8884;4544;71;1;0;22.26
8885;4545;25;2;0;67.18
8886;4546;62;2;0;71.82
8887;4547;11;2;0;213.42
8888;4548;54;3;0;91.14
8889;4548;102;1;0;23.54
8890;4549;66;1;0;58.63
8891;4550;42;1;10;16.45
8892;4551;30;1;0;15.0
8893;4552;100;1;5;86.35
8894;4552;87;2;0;53.36
8895;4552;62;1;10;32.32
8896;4553;9;1;0;20.64
8897;4553;88;1;0;45.63
8898;4553;106;1;20;27.65
8899;4554;49;1;0;93.55
8900;4554;27;1;0;77.95
8901;4554;77;2;0;30.0
8902;4554;20;2;0;116.14
8903;4555;99;3;15;69.23
8904;4556;4;1;0;32.8
8905;4556;94;2;5;184.79
8906;4557;73;1;15;12.75
8907;4558;112;1;0;15.0
8908;4559;22;1;0;18.71
8909;4559;91;2;15;44.56
8910;4559;38;1;15;47.33
8911;4559;74;1;15;40.59
8912;4560;80;1;5;39.96
8913;4560;22;1;0;18.71
8914;4560;35;1;5;32.77
8915;4560;47;1;5;15.84
8916;4560;15;1;0;24.29
8917;4561;73;1;0;15.0
8918;4561;16;1;15;31.74
8919;4562;93;1;0;15.0
8920;4562;18;2;0;88.76
8921;4562;92;1;15;124.58
8922;4563;86;2;0;30.0
8923;4563;64;1;5;14.25
8924;4563;12;1;0;47.45
8925;4564;13;1;5;31.39
8926;4564;52;1;0;25.88
8927;4564;25;2;0;67.18
8928;4565;92;1;15;124.58
8929;4566;112;1;0;15.0
8930;4566;72;1;0;134.56
8931;4567;63;1;0;91.09
8932;4567;105;1;0;63.54
8933;4568;35;1;0;34.49
8934;4569;97;1;0;15.0
8935;4570;97;1;0;15.0
8936;4570;30;1;5;14.25
8937;4571;62;2;0;71.82
8938;4571;41;1;0;22.53
8939;4572;23;1;5;54.29
8940;4573;85;2;0;83.0
8941;4574;37;1;20;19.99
8942;4574;67;1;0;23.19
8943;4575;55;1;5;14.25
8944;4576;61;1;10;55.11
8945;4577;106;1;0;34.56
8946;4578;26;1;0;38.24
8947;4578;82;1;0;18.81
8948;4578;45;1;10;140.65
8949;4579;12;1;10;42.71
8950;4580;109;1;20;12.0
8951;4580;47;1;0;16.67
8952;4580;108;1;0;54.95
8953;4581;5;1;10;34.32
8954;4582;5;1;10;34.32
8955;4582;2;1;0;19.02
8956;4583;65;1;20;39.26
8957;4584;70;1;0;222.92
8958;4584;42;2;0;36.56
8959;4585;74;1;5;45.36
8960;4586;57;1;20;29.22
8961;4587;63;1;5;86.54
8962;4587;32;1;10;45.59
8963;4588;36;1;0;48.55
8964;4589;57;2;0;73.06
8965;4589;70;1;0;222.92
8966;4590;73;2;5;28.5
8967;4590;89;2;5;39.44
8968;4590;98;2;10;129.76
8969;4591;7;1;0;35.02
8970;4591;6;2;5;125.15
8971;4592;29;2;5;28.5
8972;4593;97;1;20;12.0
8973;4593;81;3;5;51.7
8974;4593;12;1;0;47.45
8975;4593;48;2;20;52.37
8976;4594;9;1;0;20.64
8977;4595;65;2;5;93.23
8978;4595;80;1;15;35.75
8979;4596;61;1;0;61.23
8980;4597;101;1;0;21.1
8981;4598;15;2;0;48.58
8982;4599;21;1;10;32.12
8983;4600;78;1;0;58.04
8984;4600;81;1;0;18.14
8985;4601;37;2;0;49.98
8986;4602;78;1;0;58.04
8987;4603;68;1;15;136.75
8988;4604;12;1;0;47.45
8989;4604;78;3;20;139.3
8990;4605;103;1;0;29.89
8991;4606;44;1;5;80.22
8992;4607;58;1;5;133.77
8993;4608;42;2;0;36.56
8994;4608;78;1;0;58.04
8995;4608;21;1;5;33.91
8996;4609;68;1;10;144.79
8997;4610;118;1;0;42.91
8998;4611;61;1;10;55.11
8999;4612;23;1;0;57.15
9000;4612;8;1;0;15.0
9001;4613;92;1;0;146.56
9002;4614;84;1;0;25.67
9003;4614;15;1;0;24.29
9004;4614;22;1;0;18.71
9005;4615;101;2;0;42.2
9006;4615;90;1;5;46.21
9007;4616;12;1;0;47.45
9008;4617;103;1;0;29.89
9009;4617;46;1;10;146.92
9010;4618;89;2;20;33.22
9011;4619;84;1;0;25.67
9012;4620;59;3;5;56.71
9013;4620;105;2;20;101.66
9014;4620;100;2;5;172.69
9015;4621;20;2;5;110.33
9016;4622;76;1;0;36.72
9017;4623;36;1;5;46.12
9018;4623;48;1;0;32.73
9019;4623;97;1;5;14.25
9020;4623;8;1;0;15.0
9021;4623;102;1;0;23.54
9022;4624;110;2;5;157.99
9023;4625;58;2;0;281.62
9024;4625;23;1;10;51.44
9025;4626;18;2;15;75.45
9026;4626;106;1;20;27.65
9027;4626;58;3;5;401.31
9028;4627;8;1;10;13.5
9029;4627;7;1;0;35.02
9030;4628;13;2;5;62.78
9031;4628;70;1;0;222.92
9032;4628;119;2;0;189.34
9033;4629;108;3;5;156.61
9034;4630;120;3;0;126.45
9035;4631;112;1;0;15.0
9036;4631;120;1;10;37.94
9037;4631;76;1;0;36.72
9038;4632;98;3;5;205.46
9039;4633;11;2;15;181.41
9040;4633;107;1;0;77.52
9041;4633;90;3;10;131.33
9042;4634;14;1;0;193.43
9043;4635;74;1;5;45.36
9044;4636;115;2;10;38.54
9045;4636;56;1;0;23.85
9046;4636;95;1;10;44.02
9047;4636;50;1;0;48.76
9048;4637;89;1;0;20.76
9049;4637;35;2;5;65.53
9050;4637;16;3;0;112.02
9051;4637;81;1;15;15.42
9052;4637;57;1;20;29.22
9053;4638;28;1;0;35.73
9054;4639;80;1;0;42.06
9055;4639;58;1;0;140.81
9056;4640;102;3;15;60.03
9057;4641;17;1;5;28.52
9058;4641;7;2;5;66.54
9059;4642;6;1;0;65.87
9060;4643;83;2;0;383.22
9061;4644;45;1;0;156.28
9062;4645;59;2;10;35.82
9063;4646;44;2;0;168.88
9064;4647;53;2;5;134.84
9065;4647;77;1;0;15.0
9066;4648;22;1;0;18.71
9067;4648;71;1;0;22.26
9068;4649;75;1;15;33.06
9069;4649;91;1;0;26.21
9070;4650;16;1;0;37.34
9071;4650;72;1;0;134.56
9072;4651;86;1;0;15.0
9073;4651;102;2;0;47.08
9074;4651;39;1;15;31.14
9075;4652;48;1;5;31.09
9076;4653;29;2;0;30.0
9077;4653;26;1;0;38.24
9078;4654;28;1;0;35.73
9079;4654;94;1;20;77.81
9080;4654;77;2;15;25.5
9081;4655;2;2;0;38.04
9082;4655;106;2;0;69.12
9083;4655;53;3;20;170.33
9084;4656;33;1;0;41.22
9085;4656;52;1;0;25.88
9086;4657;85;2;5;78.85
9087;4658;66;1;15;49.84
9088;4658;108;1;0;54.95
9089;4658;93;1;0;15.0
9090;4659;16;1;5;35.47
9091;4660;82;1;0;18.81
9092;4661;113;1;0;63.36
9093;4661;92;1;0;146.56
9094;4662;45;2;0;312.56
9095;4662;11;1;0;106.71
9096;4662;91;1;0;26.21
9097;4663;43;2;0;220.38
9098;4664;67;3;0;69.57
9099;4664;83;1;0;191.61
9100;4665;67;1;0;23.19
9101;4665;80;1;0;42.06
9102;4666;40;1;0;15.0
9103;4666;113;2;0;126.72
9104;4666;9;2;15;35.09
9105;4666;104;1;15;12.75
9106;4667;58;1;15;119.69
9107;4667;38;1;5;52.9
9108;4668;75;1;5;36.95
9109;4668;85;1;5;39.42
9110;4668;53;1;0;70.97
9111;4669;29;1;20;12.0
9112;4670;55;1;15;12.75
9113;4670;61;1;0;61.23
9114;4671;94;1;10;87.53
9115;4672;48;1;0;32.73
9116;4672;41;3;5;64.21
9117;4672;30;1;10;13.5
9118;4673;50;2;5;92.64
9119;4674;51;1;0;153.28
9120;4675;75;1;5;36.95
9121;4676;65;1;0;49.07
9122;4676;75;1;0;38.89
9123;4676;68;2;15;273.5
9124;4677;41;1;0;22.53
9125;4678;56;3;0;71.55
9126;4678;107;1;0;77.52
9127;4678;101;1;15;17.94
9128;4679;82;1;5;17.87
9129;4679;110;2;0;166.3
9130;4679;45;3;5;445.4
9131;4679;7;3;5;99.81
9132;4680;66;3;10;158.3
9133;4680;48;1;0;32.73
9134;4680;75;1;15;33.06
9135;4680;13;1;10;29.74
9136;4681;14;1;5;183.76
9137;4682;109;1;15;12.75
9138;4682;101;1;10;18.99
9139;4682;10;1;0;65.67
9140;4683;51;1;5;145.62
9141;4683;71;1;0;22.26
9142;4684;120;1;10;37.94
9143;4684;75;1;0;38.89
9144;4685;114;1;15;43.97
9145;4685;65;3;0;147.21
9146;4685;39;2;0;73.26
9147;4686;49;2;0;187.1
9148;4687;31;1;5;64.26
9149;4688;104;1;15;12.75
9150;4689;71;1;0;22.26
9151;4690;11;1;5;101.37
9152;4691;74;1;0;47.75
9153;4691;86;1;5;14.25
9154;4691;99;1;0;27.15
9155;4692;41;1;5;21.4
9156;4693;100;1;0;90.89
9157;4694;110;2;5;157.99
9158;4695;67;1;0;23.19
9159;4696;23;1;5;54.29
9160;4697;106;1;0;34.56
9161;4697;102;1;5;22.36
9162;4698;20;2;10;104.53
9163;4698;17;1;5;28.52
9164;4699;89;1;10;18.68
9165;4700;112;1;15;12.75
9166;4700;114;1;0;51.73
9167;4700;6;1;20;52.7
9168;4700;71;1;10;20.03
9169;4701;20;1;0;58.07
9170;4701;58;1;20;112.65
9171;4701;67;1;0;23.19
9172;4701;26;2;0;76.48
9173;4702;37;1;0;24.99
9174;4703;3;1;0;80.78
9175;4703;108;2;0;109.9
9176;4703;98;1;0;72.09
9177;4703;56;3;0;71.55
9178;4704;62;1;5;34.11
9179;4705;19;1;20;49.7
9180;4706;102;3;10;63.56
9181;4707;19;1;0;62.12
9182;4708;120;1;0;42.15
9183;4708;83;1;5;182.03
9184;4709;25;1;0;33.59
9185;4710;75;1;0;38.89
9186;4711;118;2;0;85.82
9187;4712;11;1;0;106.71
9188;4712;100;1;0;90.89
9189;4712;34;1;0;21.33
9190;4713;82;1;0;18.81
9191;4713;80;2;5;79.91
9192;4713;64;1;10;13.5
9193;4713;103;1;0;29.89
9194;4714;57;2;0;73.06
9195;4714;108;1;15;46.71
9196;4714;35;3;0;103.47
9197;4715;59;1;0;19.9
9198;4715;63;1;0;91.09
9199;4716;12;1;10;42.71
9200;4716;94;1;0;97.26
9201;4716;117;1;0;69.98
9202;4716;95;2;5;92.93
9203;4717;118;1;0;42.91
9204;4717;38;1;0;55.68
9205;4717;101;2;0;42.2
9206;4718;16;2;0;74.68
9207;4718;20;1;0;58.07
9208;4718;96;1;15;137.05
9209;4718;87;2;0;53.36
9210;4719;112;1;0;15.0
9211;4720;107;1;0;77.52
9212;4720;3;1;0;80.78
9213;4721;6;2;0;131.74
9214;4722;66;3;10;158.3
9215;4722;73;1;0;15.0
9216;4723;66;1;0;58.63
9217;4723;7;1;10;31.52
9218;4723;31;2;0;135.28
9219;4724;39;1;0;36.63
9220;4725;3;1;0;80.78
9221;4725;104;2;0;30.0
9222;4725;26;3;15;97.51
9223;4726;57;1;5;34.7
9224;4726;95;1;5;46.46
9225;4726;29;2;0;30.0
9226;4726;14;2;5;367.52
9227;4727;47;2;5;31.67
9228;4727;73;1;5;14.25
9229;4728;76;1;0;36.72
9230;4729;112;1;5;14.25
9231;4730;54;1;0;30.38
9232;4730;117;1;0;69.98
9233;4731;62;1;0;35.91
9234;4731;6;1;0;65.87
9235;4732;70;1;0;222.92
9236;4733;43;2;0;220.38
9237;4734;65;1;10;44.16
9238;4735;103;2;0;59.78
9239;4735;24;1;10;197.62
9240;4735;63;1;10;81.98
9241;4735;89;1;15;17.65
9242;4735;117;1;0;69.98
9243;4736;50;1;0;48.76
9244;4736;111;1;10;38.79
9245;4737;74;1;0;47.75
9246;4738;94;1;15;82.67
9247;4739;89;1;20;16.61
9248;4740;97;2;5;28.5
9249;4740;52;1;10;23.29
9250;4741;106;1;15;29.38
9251;4742;109;1;0;15.0
9252;4743;94;1;5;92.4
9253;4743;53;1;5;67.42
9254;4743;27;1;0;77.95
9255;4743;62;1;5;34.11
9256;4743;82;1;0;18.81
9257;4744;38;2;0;111.36
9258;4745;57;1;10;32.88
9259;4745;67;1;10;20.87
9260;4745;117;2;5;132.96
9261;4745;64;1;10;13.5
9262;4746;73;2;5;28.5
9263;4747;55;1;0;15.0
9264;4748;93;1;15;12.75
9265;4749;73;1;0;15.0
9266;4749;4;1;15;27.88
9267;4749;77;3;15;38.25
9268;4750;23;3;0;171.45
9269;4751;25;1;10;30.23
9270;4751;41;2;10;40.55
9271;4752;117;1;0;69.98
9272;4753;34;1;0;21.33
9273;4754;38;1;5;52.9
9274;4755;4;3;0;98.4
9275;4755;25;1;0;33.59
9276;4756;63;1;15;77.43
9277;4757;92;1;0;146.56
9278;4757;77;1;20;12.0
9279;4758;66;1;0;58.63
9280;4759;117;1;0;69.98
9281;4760;117;2;5;132.96
9282;4760;75;1;15;33.06
9283;4761;105;1;0;63.54
9284;4761;78;2;15;98.67
9285;4762;44;1;0;84.44
9286;4762;79;1;10;109.22
9287;4762;32;3;0;151.98
9288;4762;115;1;0;21.41
9289;4763;2;1;0;19.02
9290;4764;31;1;0;67.64
9291;4765;11;1;0;106.71
9292;4766;2;2;20;30.43
9293;4766;78;1;0;58.04
9294;4766;89;1;5;19.72
9295;4766;75;1;0;38.89
9296;4767;99;1;0;27.15
9297;4767;46;1;5;155.08
9298;4768;42;1;5;17.37
9299;4768;96;1;5;153.17
9300;4769;5;1;10;34.32
9301;4769;91;1;0;26.21
9302;4770;66;1;0;58.63
9303;4770;82;1;0;18.81
9304;4770;52;1;0;25.88
9305;4770;25;1;0;33.59
9306;4771;48;1;0;32.73
9307;4772;34;1;15;18.13
9308;4772;42;1;15;15.54
9309;4773;43;1;0;110.19
9310;4774;25;1;5;31.91
9311;4774;114;3;15;131.91
9312;4774;61;2;0;122.46
9313;4775;74;1;10;42.98
9314;4776;102;1;5;22.36
9315;4776;24;3;10;592.87
9316;4777;3;1;10;72.7
9317;4777;51;2;5;291.23
9318;4778;111;2;5;81.89
9319;4778;54;2;10;54.68
9320;4778;37;1;0;24.99
9321;4779;61;1;15;52.05
9322;4780;52;2;5;49.17
9323;4781;104;1;0;15.0
9324;4781;76;1;0;36.72
9325;4782;119;3;0;284.01
9326;4782;53;1;10;63.87
9327;4782;6;2;0;131.74
9328;4782;52;1;5;24.59
9329;4783;84;1;5;24.39
9330;4784;88;3;5;130.05
9331;4784;22;1;15;15.9
9332;4784;65;2;0;98.14
9333;4784;103;1;0;29.89
9334;4785;20;2;15;98.72
9335;4786;53;2;0;141.94
9336;4787;80;2;5;79.91
9337;4788;45;2;5;296.93
9338;4788;1;1;10;19.19
9339;4788;19;1;10;55.91
9340;4789;59;1;5;18.9
9341;4790;96;1;0;161.23
9342;4790;51;1;10;137.95
9343;4790;117;1;0;69.98
9344;4791;6;2;15;111.98
9345;4791;15;1;0;24.29
9346;4791;57;1;20;29.22
9347;4791;60;2;0;189.9
9348;4792;26;1;0;38.24
9349;4792;13;1;0;33.04
9350;4792;119;1;0;94.67
9351;4793;4;2;20;52.48
9352;4794;94;1;5;92.4
9353;4795;92;1;15;124.58
9354;4796;104;1;5;14.25
9355;4797;84;1;5;24.39
9356;4797;86;1;5;14.25
9357;4797;3;1;15;68.66
9358;4797;9;1;5;19.61
9359;4798;1;1;5;20.25
9360;4799;80;3;0;126.18
9361;4799;111;1;5;40.95
9362;4799;38;1;0;55.68
9363;4800;70;1;0;222.92
9364;4801;37;3;0;74.97
9365;4802;70;1;0;222.92
9366;4803;41;1;5;21.4
9367;4803;39;1;0;36.63
9368;4804;96;1;0;161.23
9369;4804;83;2;0;383.22
9370;4805;28;1;10;32.16
9371;4806;49;1;0;93.55
9372;4807;100;1;5;86.35
9373;4807;98;2;5;136.97
9374;4807;94;1;0;97.26
9375;4808;3;1;0;80.78
9376;4808;6;1;15;55.99
9377;4809;28;1;0;35.73
9378;4810;98;2;0;144.18
9379;4810;103;1;10;26.9
9380;4810;21;1;0;35.69
9381;4811;1;1;15;18.12
9382;4812;32;1;0;50.66
9383;4812;68;1;15;136.75
9384;4812;8;1;5;14.25
9385;4812;102;1;5;22.36
9386;4813;36;1;0;48.55
9387;4813;97;1;0;15.0
9388;4813;35;2;5;65.53
9389;4813;28;2;10;64.31
9390;4814;68;2;15;273.5
9391;4815;86;1;0;15.0
9392;4816;47;1;10;15.0
9393;4816;89;1;20;16.61
9394;4817;19;1;5;59.01
9395;4817;103;2;0;59.78
9396;4818;8;1;15;12.75
9397;4819;58;1;0;140.81
9398;4819;10;1;15;55.82
9399;4820;16;1;0;37.34
9400;4820;23;1;0;57.15
9401;4821;63;1;0;91.09
9402;4822;60;1;0;94.95
9403;4822;84;2;20;41.07
9404;4823;56;2;10;42.93
9405;4823;46;2;15;277.51
9406;4823;39;1;0;36.63
9407;4823;119;1;15;80.47
9408;4824;97;2;20;24.0
9409;4824;66;3;15;149.51
9410;4825;17;1;5;28.52
9411;4825;73;1;0;15.0
9412;4826;13;2;0;66.08
9413;4827;104;1;0;15.0
9414;4827;77;2;5;28.5
9415;4827;81;1;0;18.14
9416;4827;70;1;0;222.92
9417;4828;76;1;0;36.72
9418;4828;59;1;0;19.9
9419;4828;116;1;0;98.05
9420;4829;7;1;15;29.77
9421;4830;79;1;0;121.36
9422;4830;2;2;10;34.24
9423;4831;114;1;0;51.73
9424;4831;39;1;5;34.8
9425;4832;90;1;20;38.91
9426;4832;61;1;10;55.11
9427;4832;101;1;0;21.1
9428;4832;32;2;10;91.19
9429;4833;8;1;20;12.0
9430;4833;42;1;20;14.62
9431;4833;53;1;0;70.97
9432;4834;27;1;5;74.05
9433;4834;99;2;5;51.58
9434;4834;105;2;5;120.73
9435;4834;9;1;0;20.64
9436;4834;102;3;0;70.62
9437;4835;14;1;20;154.74
9438;4835;71;1;0;22.26
9439;4836;31;2;0;135.28
9440;4836;46;1;5;155.08
9441;4836;84;1;10;23.1
9442;4837;89;1;0;20.76
9443;4837;17;1;5;28.52
9444;4838;97;1;10;13.5
9445;4838;79;2;10;218.45
9446;4838;37;2;0;49.98
9447;4838;71;1;0;22.26
9448;4839;7;1;0;35.02
9449;4839;23;1;0;57.15
9450;4840;112;1;0;15.0
9451;4840;63;1;5;86.54
9452;4840;17;2;0;60.04
9453;4841;63;1;0;91.09
9454;4842;54;1;0;30.38
9455;4843;22;1;5;17.77
9456;4843;43;1;0;110.19
9457;4844;73;1;20;12.0
9458;4844;110;3;0;249.45
9459;4845;116;1;0;98.05
9460;4845;25;2;10;60.46
9461;4845;22;1;0;18.71
9462;4846;75;1;0;38.89
9463;4847;68;2;15;273.5
9464;4848;88;2;5;86.7
9465;4849;28;3;0;107.19
9466;4849;85;2;0;83.0
9467;4850;118;2;0;85.82
9468;4851;31;1;0;67.64
9469;4851;70;1;5;211.77
9470;4852;79;1;5;115.29
9471;4852;10;1;5;62.39
9472;4852;78;2;5;110.28
9473;4852;74;2;0;95.5
9474;4853;64;1;10;13.5
9475;4854;68;1;0;160.88
9476;4854;85;1;0;41.5
9477;4855;13;1;0;33.04
9478;4855;44;1;0;84.44
9479;4856;86;1;5;14.25
9480;4856;74;2;15;81.17
9481;4856;15;1;5;23.08
9482;4856;10;3;0;197.01
9483;4856;119;1;0;94.67
9484;4857;77;1;0;15.0
9485;4857;115;1;0;21.41
9486;4858;28;1;0;35.73
9487;4858;29;2;0;30.0
9488;4858;39;1;0;36.63
9489;4859;63;1;0;91.09
9490;4859;52;1;0;25.88
9491;4859;5;2;0;76.26
9492;4859;44;1;15;71.77
9493;4859;73;1;0;15.0
9494;4860;108;1;10;49.46
9495;4860;50;1;0;48.76
9496;4860;75;1;10;35.0
9497;4861;28;1;5;33.94
9498;4861;97;1;0;15.0
9499;4862;85;1;0;41.5
9500;4863;107;1;0;77.52
9501;4863;68;1;20;128.7
9502;4863;118;1;0;42.91
9503;4863;58;2;5;267.54
9504;4863;26;3;0;114.72
9505;4864;8;1;0;15.0
9506;4864;92;1;5;139.23
9507;4865;75;2;5;73.89
9508;4865;104;1;15;12.75
9509;4866;118;1;0;42.91
9510;4866;62;1;15;30.52
9511;4866;37;1;0;24.99
9512;4867;108;2;0;109.9
9513;4868;96;1;0;161.23
9514;4869;40;1;5;14.25
9515;4870;20;1;5;55.17
9516;4870;70;1;10;200.63
9517;4870;81;1;15;15.42
9518;4870;46;1;15;138.75
9519;4871;56;2;0;47.7
9520;4871;57;1;0;36.53
9521;4872;36;1;10;43.7
9522;4873;47;1;0;16.67
9523;4874;11;1;0;106.71
9524;4874;69;3;20;50.9
9525;4875;37;1;0;24.99
9526;4876;19;1;0;62.12
9527;4876;60;1;5;90.2
9528;4877;67;1;5;22.03
9529;4877;102;1;15;20.01
9530;4877;114;1;10;46.56
9531;4877;69;1;0;21.21
9532;4878;7;1;0;35.02
9533;4878;73;1;5;14.25
9534;4878;56;1;20;19.08
9535;4879;104;1;0;15.0
9536;4880;43;1;0;110.19
9537;4880;30;1;0;15.0
9538;4881;112;1;0;15.0
9539;4881;79;1;10;109.22
9540;4881;74;2;5;90.72
9541;4881;73;1;0;15.0
9542;4882;17;2;10;54.04
9543;4883;87;1;0;26.68
9544;4883;28;1;0;35.73
9545;4884;89;1;0;20.76
9546;4884;19;1;0;62.12
9547;4884;6;1;0;65.87
9548;4885;97;1;5;14.25
9549;4885;15;2;10;43.72
9550;4886;24;1;20;175.66
9551;4886;13;1;10;29.74
9552;4886;8;2;0;30.0
9553;4886;30;1;5;14.25
9554;4886;63;1;0;91.09
9555;4887;107;2;5;147.29
9556;4887;90;1;5;46.21
9557;4887;73;1;0;15.0
9558;4888;17;1;0;30.02
9559;4888;80;1;0;42.06
9560;4889;85;2;0;83.0
9561;4889;71;1;0;22.26
9562;4890;78;2;0;116.08
9563;4890;20;1;0;58.07
9564;4890;69;1;10;19.09
9565;4890;18;2;5;84.32
9566;4890;26;1;0;38.24
9567;4891;31;2;5;128.52
9568;4892;8;1;5;14.25
9569;4893;116;1;0;98.05
9570;4894;79;1;15;103.16
9571;4894;78;2;15;98.67
9572;4895;96;1;15;137.05
9573;4895;65;1;5;46.62
9574;4896;102;1;5;22.36
9575;4897;30;1;0;15.0
9576;4897;19;2;10;111.82
9577;4898;103;1;15;25.41
9578;4898;5;1;0;38.13
9579;4899;20;1;0;58.07
9580;4900;43;1;5;104.68
9581;4900;71;1;0;22.26
9582;4901;48;2;5;62.19
9583;4901;57;1;0;36.53
9584;4902;119;2;0;189.34
9585;4902;31;1;0;67.64
9586;4902;40;2;0;30.0
9587;4903;49;2;0;187.1
9588;4904;101;2;10;37.98
9589;4904;60;2;5;180.41
9590;4905;24;1;0;219.58
9591;4906;102;1;0;23.54
9592;4906;91;3;5;74.7
9593;4907;20;2;5;110.33
9594;4907;45;1;0;156.28
9595;4908;115;2;15;36.4
9596;4908;16;2;0;74.68
9597;4908;41;3;0;67.59
9598;4909;48;1;0;32.73
9599;4909;108;1;5;52.2
9600;4910;17;1;0;30.02
9601;4910;104;1;0;15.0
9602;4910;7;1;0;35.02
9603;4910;98;1;15;61.28
9604;4911;38;1;0;55.68
9605;4911;15;1;0;24.29
9606;4911;30;1;15;12.75
9607;4912;106;1;0;34.56
9608;4913;95;2;0;97.82
9609;4913;104;2;15;25.5
9610;4914;5;1;0;38.13
9611;4915;75;1;10;35.0
9612;4915;117;1;5;66.48
9613;4916;54;1;5;28.86
9614;4917;113;1;5;60.19
9615;4918;85;1;0;41.5
9616;4919;69;1;10;19.09
9617;4919;85;1;0;41.5
9618;4919;5;1;10;34.32
9619;4919;94;1;0;97.26
9620;4920;79;1;10;109.22
9621;4920;112;1;0;15.0
9622;4920;27;1;10;70.16
9623;4920;90;1;0;48.64
9624;4920;68;1;5;152.84
9625;4921;105;1;15;54.01
9626;4921;87;1;5;25.35
9627;4922;10;1;5;62.39
9628;4923;6;1;0;65.87
9629;4923;15;1;15;20.65
9630;4924;10;2;5;124.77
9631;4925;29;2;0;30.0
9632;4925;100;1;10;81.8
9633;4925;15;1;0;24.29
9634;4926;79;2;10;218.45
9635;4927;120;1;10;37.94
9636;4927;106;3;0;103.68
9637;4927;70;3;15;568.45
9638;4928;108;1;10;49.46
9639;4929;72;1;5;127.83
9640;4930;63;2;15;154.85
9641;4930;91;1;5;24.9
9642;4930;67;3;0;69.57
9643;4930;93;2;10;27.0
9644;4930;34;1;0;21.33
9645;4931;50;1;15;41.45
9646;4932;63;1;10;81.98
9647;4932;83;1;0;191.61
9648;4932;80;1;10;37.85
9649;4932;54;1;0;30.38
9650;4933;105;1;5;60.36
9651;4933;46;1;0;163.24
9652;4933;112;1;0;15.0
9653;4934;50;1;0;48.76
9654;4935;34;1;0;21.33
9655;4936;88;2;0;91.26
9656;4937;74;1;10;42.98
9657;4938;95;3;0;146.73
9658;4939;116;2;0;196.1
9659;4939;62;1;15;30.52
9660;4939;44;1;0;84.44
9661;4940;84;1;0;25.67
9662;4940;11;2;0;213.42
9663;4940;75;1;10;35.0
9664;4940;114;1;0;51.73
9665;4941;56;1;0;23.85
9666;4941;105;2;5;120.73
9667;4942;22;2;10;33.68
9668;4942;26;1;0;38.24
9669;4942;68;1;15;136.75
9670;4942;29;1;20;12.0
9671;4943;24;1;5;208.6
9672;4944;13;1;5;31.39
9673;4945;33;1;5;39.16
9674;4945;31;1;0;67.64
9675;4945;85;2;0;83.0
9676;4946;12;2;15;80.67
9677;4946;69;2;15;36.06
9678;4947;53;1;0;70.97
9679;4947;20;1;0;58.07
9680;4947;114;1;0;51.73
9681;4948;42;2;5;34.73
9682;4948;45;1;5;148.47
9683;4948;97;1;0;15.0
9684;4949;72;1;15;114.38
9685;4949;8;1;0;15.0
9686;4950;69;1;5;20.15
9687;4951;24;1;5;208.6
9688;4951;99;1;0;27.15
9689;4951;58;2;5;267.54
9690;4952;25;3;0;100.77
9691;4953;97;3;0;45.0
9692;4954;111;1;20;34.48
9693;4955;119;1;0;94.67
9694;4955;114;1;0;51.73
9695;4955;51;1;20;122.62
9696;4955;28;1;0;35.73
9697;4956;19;1;0;62.12
9698;4957;104;2;5;28.5
9699;4957;36;2;5;92.24
9700;4958;104;2;15;25.5
9701;4959;21;1;0;35.69
9702;4959;103;1;0;29.89
9703;4959;14;2;0;386.86
9704;4960;120;1;0;42.15
9705;4960;53;1;0;70.97
9706;4960;95;1;0;48.91
9707;4960;62;2;0;71.82
9708;4961;76;1;0;36.72
9709;4961;36;1;10;43.7
9710;4961;104;1;15;12.75
9711;4961;9;3;0;61.92
9712;4961;39;2;5;69.6
9713;4962;20;2;0;116.14
9714;4962;102;1;15;20.01
9715;4963;23;1;5;54.29
9716;4963;27;2;5;148.1
9717;4964;47;1;5;15.84
9718;4964;111;1;0;43.1
9719;4965;111;1;0;43.1
9720;4965;74;1;5;45.36
9721;4966;60;1;10;85.45
9722;4966;28;1;0;35.73
9723;4967;59;1;15;16.91
9724;4967;97;1;0;15.0
9725;4968;117;3;15;178.45
9726;4968;94;1;5;92.4
9727;4968;90;2;5;92.42
9728;4969;96;1;10;145.11
9729;4970;31;1;0;67.64
9730;4971;36;1;20;38.84
9731;4971;15;1;0;24.29
9732;4972;83;2;15;325.74
9733;4972;17;1;0;30.02
9734;4972;1;1;10;19.19
9735;4973;16;1;0;37.34
9736;4973;118;1;0;42.91
9737;4974;72;2;0;269.12
9738;4974;4;1;10;29.52
9739;4974;19;1;20;49.7
9740;4974;22;1;0;18.71
9741;4975;109;1;15;12.75
9742;4975;52;1;0;25.88
9743;4975;46;1;5;155.08
9744;4975;64;1;20;12.0
9745;4975;105;1;0;63.54
9746;4976;10;1;5;62.39
9747;4976;59;1;20;15.92
9748;4976;52;1;0;25.88
9749;4976;99;2;5;51.58
9750;4977;4;2;0;65.6
9751;4977;93;1;10;13.5
9752;4977;105;1;0;63.54
9753;4978;59;1;0;19.9
9754;4978;92;1;10;131.9
9755;4978;77;1;0;15.0
9756;4978;106;1;0;34.56
9757;4979;118;1;0;42.91
9758;4979;58;1;0;140.81
9759;4979;73;1;0;15.0
9760;4979;61;2;5;116.34
9761;4980;41;1;0;22.53
9762;4981;52;1;0;25.88
9763;4981;24;1;15;186.64
9764;4982;33;1;15;35.04
9765;4983;41;1;10;20.28
9766;4984;42;1;15;15.54
9767;4984;4;1;0;32.8
9768;4984;107;1;0;77.52
9769;4985;25;2;0;67.18
9770;4985;92;1;0;146.56
9771;4986;68;1;5;152.84
9772;4986;74;1;20;38.2
9773;4986;80;1;5;39.96
9774;4986;38;1;0;55.68
9775;4987;39;1;0;36.63
9776;4988;79;2;0;242.72
9777;4988;7;1;0;35.02
9778;4989;83;2;10;344.9
9779;4990;64;1;5;14.25
9780;4990;43;1;5;104.68
9781;4991;83;1;5;182.03
9782;4991;7;1;10;31.52
9783;4992;116;1;5;93.15
9784;4993;94;1;5;92.4
9785;4993;88;1;0;45.63
9786;4994;120;2;5;80.08
9787;4994;2;1;20;15.22
9788;4994;5;1;0;38.13
9789;4995;68;1;0;160.88
9790;4995;9;1;0;20.64
9791;4996;115;1;0;21.41
9792;4997;9;2;0;41.28
9793;4997;59;1;0;19.9
9794;4997;119;1;5;89.94
9795;4997;25;1;20;26.87
9796;4998;30;1;5;14.25
9797;4999;35;2;0;68.98
9798;4999;16;1;0;37.34
9799;5000;100;1;0;90.89
9800;5001;119;3;15;241.41
9801;5001;8;2;0;30.0
9802;5001;117;1;0;69.98
9803;5002;4;1;5;31.16
9804;5002;33;1;20;32.98
9805;5002;86;1;0;15.0
9806;5003;25;1;0;33.59
9807;5003;99;1;10;24.43
9808;5004;43;1;5;104.68
9809;5004;70;1;15;189.48
9810;5004;50;1;15;41.45
9811;5005;119;1;0;94.67
9812;5006;108;1;20;43.96
9813;5007;16;1;5;35.47
9814;5008;49;2;0;187.1
9815;5009;10;1;15;55.82
9816;5010;2;1;0;19.02
9817;5010;35;1;0;34.49
9818;5011;38;2;0;111.36
9819;5011;46;1;0;163.24
9820;5011;6;1;0;65.87
9821;5012;7;1;5;33.27
9822;5013;37;1;0;24.99
9823;5013;80;2;10;75.71
9824;5014;120;1;0;42.15
9825;5014;5;1;0;38.13
9826;5015;24;1;10;197.62
9827;5015;118;1;0;42.91
9828;5016;75;1;0;38.89
9829;5017;75;1;0;38.89
9830;5017;18;1;10;39.94
9831;5018;19;2;0;124.24
9832;5018;48;1;10;29.46
9833;5018;29;1;0;15.0
9834;5019;63;1;0;91.09
9835;5020;42;1;5;17.37
9836;5020;39;1;0;36.63
9837;5020;84;1;0;25.67
9838;5021;69;1;0;21.21
9839;5022;30;1;0;15.0
9840;5022;2;1;0;19.02
9841;5022;80;3;0;126.18
9842;5023;23;3;10;154.31
9843;5024;72;1;0;134.56
9844;5025;40;1;0;15.0
9845;5025;26;1;0;38.24
9846;5026;56;1;0;23.85
9847;5027;104;1;5;14.25
9848;5027;105;1;0;63.54
9849;5028;65;2;0;98.14
9850;5029;105;1;0;63.54
9851;5029;5;1;0;38.13
9852;5030;106;2;0;69.12
9853;5030;30;2;0;30.0
9854;5031;21;1;0;35.69
9855;5032;80;2;0;84.12
9856;5032;53;1;0;70.97
9857;5033;32;2;5;96.25
9858;5033;63;1;5;86.54
9859;5033;21;1;0;35.69
9860;5033;33;1;15;35.04
9861;5034;52;1;5;24.59
9862;5034;3;2;15;137.33
9863;5035;80;1;0;42.06
9864;5035;46;1;10;146.92
9865;5036;98;1;10;64.88
9866;5037;51;1;5;145.62
9867;5038;19;1;0;62.12
9868;5039;51;1;0;153.28
9869;5040;115;3;0;64.23
9870;5040;50;1;0;48.76
9871;5040;89;1;5;19.72
9872;5040;2;2;0;38.04
9873;5041;64;1;10;13.5
9874;5041;61;1;5;58.17
9875;5041;94;2;0;194.52
9876;5042;82;2;20;30.1
9877;5042;53;1;10;63.87
9878;5043;75;2;0;77.78
9879;5043;79;1;5;115.29
9880;5043;111;1;20;34.48
9881;5044;91;1;0;26.21
9882;5045;5;1;0;38.13
9883;5046;35;1;0;34.49
9884;5047;118;1;0;42.91
9885;5048;41;1;0;22.53
9886;5049;62;1;15;30.52
9887;5050;18;1;5;42.16
9888;5050;118;1;0;42.91
9889;5051;10;2;0;131.34
9890;5051;27;1;0;77.95
9891;5052;120;1;5;40.04
9892;5053;91;1;10;23.59
9893;5054;6;1;10;59.28
9894;5055;2;1;5;18.07
9895;5055;48;1;5;31.09
9896;5055;72;1;5;127.83
9897;5056;21;3;10;96.36
9898;5056;20;1;0;58.07
9899;5057;105;1;5;60.36
9900;5058;78;2;15;98.67
9901;5058;51;2;5;291.23
9902;5059;118;2;5;81.53
9903;5059;47;3;10;45.01
9904;5059;34;1;0;21.33
9905;5059;87;1;0;26.68
9906;5060;76;1;0;36.72
9907;5061;60;1;10;85.45
9908;5062;99;1;0;27.15
9909;5063;50;1;0;48.76
9910;5063;40;1;10;13.5
9911;5064;80;2;10;75.71
9912;5064;49;1;5;88.87
9913;5065;59;1;5;18.9
9914;5066;79;1;10;109.22
9915;5066;55;1;10;13.5
9916;5067;51;1;5;145.62
9917;5068;38;2;10;100.22
9918;5069;106;1;0;34.56
9919;5070;102;1;10;21.19
9920;5070;59;1;0;19.9
9921;5071;45;1;0;156.28
9922;5071;120;1;20;33.72
9923;5072;77;2;0;30.0
9924;5073;99;2;0;54.3
9925;5074;38;1;10;50.11
9926;5074;110;1;0;83.15
9927;5074;64;3;0;45.0
9928;5074;14;1;0;193.43
9929;5075;15;1;0;24.29
9930;5075;12;1;10;42.71
9931;5075;103;2;0;59.78
9932;5076;101;2;0;42.2
9933;5077;101;2;20;33.76
9934;5077;65;1;10;44.16
9935;5077;90;1;15;41.34
9936;5078;39;1;0;36.63
9937;5078;25;1;0;33.59
9938;5079;55;1;20;12.0
9939;5080;104;1;5;14.25
9940;5080;2;3;0;57.06
9941;5081;11;2;0;213.42
9942;5082;82;1;0;18.81
9943;5083;42;1;5;17.37
9944;5084;20;1;5;55.17
9945;5084;111;1;10;38.79
9946;5085;58;1;0;140.81
9947;5085;40;1;0;15.0
9948;5086;92;1;5;139.23
9949;5087;93;1;0;15.0
9950;5088;72;1;0;134.56
9951;5088;16;1;0;37.34
9952;5088;103;1;0;29.89
9953;5088;63;1;5;86.54
9954;5089;96;1;0;161.23
9955;5089;87;1;0;26.68
9956;5090;21;1;20;28.55
9957;5091;18;1;0;44.38
9958;5091;13;1;0;33.04
9959;5092;71;1;0;22.26
9960;5093;97;1;5;14.25
9961;5093;72;1;20;107.65
9962;5094;37;2;5;47.48
9963;5095;77;1;0;15.0
9964;5096;15;2;20;38.86
9965;5097;14;1;10;174.09
9966;5098;61;1;15;52.05
9967;5099;69;1;5;20.15
9968;5099;28;1;5;33.94
9969;5099;120;1;5;40.04
9970;5100;2;3;0;57.06
9971;5100;35;1;5;32.77
9972;5100;17;2;0;60.04
9973;5100;100;1;0;90.89
9974;5101;24;1;15;186.64
9975;5101;36;1;5;46.12
9976;5101;14;3;0;580.29
9977;5101;21;1;0;35.69
9978;5102;92;1;0;146.56
9979;5102;24;1;15;186.64
9980;5103;116;2;10;176.49
9981;5104;63;1;0;91.09
9982;5104;106;1;0;34.56
9983;5104;50;1;15;41.45
9984;5105;104;1;0;15.0
9985;5106;10;1;5;62.39
9986;5106;66;1;0;58.63
9987;5106;23;3;15;145.73
9988;5107;67;1;0;23.19
9989;5108;46;1;0;163.24
9990;5108;60;2;5;180.41
9991;5108;8;1;0;15.0
9992;5108;96;1;10;145.11
9993;5109;34;1;5;20.26
9994;5110;115;1;0;21.41
9995;5110;114;1;20;41.38
9996;5110;107;1;0;77.52
9997;5110;9;1;0;20.64
9998;5111;7;1;0;35.02
9999;5111;20;2;0;116.14
10000;5111;19;1;0;62.12
10001;5112;118;1;0;42.91
10002;5112;75;1;5;36.95
10003;5112;12;1;10;42.71
10004;5113;12;1;5;45.08
10005;5114;30;1;0;15.0
10006;5115;10;1;0;65.67
10007;5115;27;1;0;77.95
10008;5115;118;1;15;36.47
10009;5115;96;1;0;161.23
10010;5116;37;1;15;21.24
10011;5116;21;1;5;33.91
10012;5117;76;1;10;33.05
10013;5117;80;3;0;126.18
10014;5117;9;2;0;41.28
10015;5117;25;1;0;33.59
10016;5117;118;1;0;42.91
10017;5118;29;1;0;15.0
10018;5119;118;1;5;40.76
10019;5119;9;1;0;20.64
10020;5119;2;1;0;19.02
10021;5120;78;2;10;104.47
10022;5121;2;1;0;19.02
10023;5122;43;1;0;110.19
10024;5122;31;1;0;67.64
10025;5122;66;1;0;58.63
10026;5122;98;1;10;64.88
10027;5122;71;1;0;22.26
10028;5123;67;1;20;18.55
10029;5123;73;1;10;13.5
10030;5123;112;1;0;15.0
10031;5123;102;1;10;21.19
10032;5123;62;2;10;64.64
10033;5124;79;1;0;121.36
10034;5125;107;1;0;77.52
10035;5126;79;1;0;121.36
10036;5126;2;1;20;15.22
10037;5126;15;3;0;72.87
10038;5127;16;1;15;31.74
10039;5127;77;1;0;15.0
10040;5127;28;3;15;91.11
10041;5127;8;1;0;15.0
10042;5128;27;1;20;62.36
10043;5128;21;1;5;33.91
10044;5129;25;1;15;28.55
10045;5130;24;1;5;208.6
10046;5131;25;2;10;60.46
10047;5131;85;1;10;37.35
10048;5132;16;1;5;35.47
10049;5132;65;1;10;44.16
10050;5133;47;1;20;13.34
10051;5133;94;1;0;97.26
10052;5133;28;1;0;35.73
10053;5133;102;1;5;22.36
10054;5134;54;1;20;24.3
10055;5135;51;1;10;137.95
10056;5135;75;3;0;116.67
10057;5136;25;1;5;31.91
10058;5137;55;1;0;15.0
10059;5138;53;1;0;70.97
10060;5138;94;1;5;92.4
10061;5139;97;1;0;15.0
10062;5139;109;1;0;15.0
10063;5139;56;1;10;21.47
10064;5139;87;1;15;22.68
10065;5140;31;1;10;60.88
10066;5140;46;1;0;163.24
10067;5140;5;1;0;38.13
10068;5140;104;1;20;12.0
10069;5141;30;2;15;25.5
10070;5141;55;1;10;13.5
10071;5141;53;1;0;70.97
10072;5142;114;1;10;46.56
10073;5143;42;1;0;18.28
10074;5143;10;1;15;55.82
10075;5143;3;1;0;80.78
10076;5144;49;1;15;79.52
10077;5144;18;1;0;44.38
10078;5145;44;1;0;84.44
10079;5145;93;1;10;13.5
10080;5146;108;1;10;49.46
10081;5147;1;1;0;21.32
10082;5148;32;1;10;45.59
10083;5149;76;2;0;73.44
10084;5149;37;1;0;24.99
10085;5149;2;1;5;18.07
10086;5150;50;1;10;43.88
10087;5151;89;1;5;19.72
10088;5152;31;2;0;135.28
10089;5153;39;1;0;36.63
10090;5153;59;1;0;19.9
10091;5153;98;2;10;129.76
10092;5153;119;1;15;80.47
10093;5154;72;1;0;134.56
10094;5155;40;3;20;36.0
10095;5156;48;1;0;32.73
10096;5157;60;1;15;80.71
10097;5157;47;1;0;16.67
10098;5157;48;1;20;26.18
10099;5158;4;1;0;32.8
10100;5158;81;1;10;16.33
10101;5158;12;1;0;47.45
10102;5158;46;1;0;163.24
10103;5159;4;1;0;32.8
10104;5160;59;1;0;19.9
10105;5161;6;1;0;65.87
10106;5162;57;1;5;34.7
10107;5163;47;1;0;16.67
10108;5163;117;2;10;125.96
10109;5163;120;1;5;40.04
10110;5164;54;2;0;60.76
10111;5165;66;1;0;58.63
10112;5165;38;1;0;55.68
10113;5165;72;3;0;403.68
10114;5165;97;1;5;14.25
10115;5165;52;2;0;51.76
10116;5166;90;1;0;48.64
10117;5166;63;1;0;91.09
10118;5167;67;1;0;23.19
10119;5167;37;1;15;21.24
10120;5168;62;1;10;32.32
10121;5169;46;1;0;163.24
10122;5169;111;1;0;43.1
10123;5170;47;1;5;15.84
10124;5171;44;1;5;80.22
10125;5171;3;1;0;80.78
10126;5171;31;1;15;57.49
10127;5171;81;1;0;18.14
10128;5172;100;1;0;90.89
10129;5172;81;1;0;18.14
10130;5172;37;1;0;24.99
10131;5173;54;2;0;60.76
10132;5173;49;1;0;93.55
10133;5174;25;3;10;90.69
10134;5174;54;1;5;28.86
10135;5175;6;1;0;65.87
10136;5176;94;3;15;248.01
10137;5177;72;2;0;269.12
10138;5177;77;1;0;15.0
10139;5177;101;2;0;42.2
10140;5178;65;3;10;132.49
10141;5178;39;3;0;109.89
10142;5179;24;1;10;197.62
10143;5180;40;1;5;14.25
10144;5181;32;2;0;101.32
10145;5181;66;1;0;58.63
10146;5182;44;1;0;84.44
10147;5182;99;1;0;27.15
10148;5182;30;2;0;30.0
10149;5183;78;1;15;49.33
10150;5183;18;1;10;39.94
10151;5183;49;1;0;93.55
10152;5183;85;1;0;41.5
10153;5184;120;2;15;71.66
10154;5184;116;3;0;294.15
10155;5184;60;1;10;85.45
10156;5185;1;1;5;20.25
10157;5185;106;1;0;34.56
10158;5185;33;1;15;35.04
10159;5186;42;1;0;18.28
10160;5187;48;1;0;32.73
10161;5188;47;2;0;33.34
10162;5189;26;3;0;114.72
10163;5190;107;2;0;155.04
10164;5191;17;1;0;30.02
10165;5192;48;1;0;32.73
10166;5192;98;1;0;72.09
10167;5193;95;3;0;146.73
10168;5193;23;2;20;91.44
10169;5194;37;1;5;23.74
10170;5194;111;3;0;129.3
10171;5194;61;1;0;61.23
10172;5195;109;1;15;12.75
10173;5195;65;1;0;49.07
10174;5196;113;1;0;63.36
10175;5197;28;1;15;30.37
10176;5197;26;1;0;38.24
10177;5197;115;2;0;42.82
10178;5198;64;1;5;14.25
10179;5198;8;1;0;15.0
10180;5198;38;1;10;50.11
10181;5199;56;2;5;45.31
10182;5200;108;1;0;54.95
10183;5201;70;1;0;222.92
10184;5201;69;2;5;40.3
10185;5202;30;1;5;14.25
10186;5202;19;1;0;62.12
10187;5202;31;1;0;67.64
10188;5202;48;1;0;32.73
10189;5202;13;1;0;33.04
10190;5203;12;1;0;47.45
10191;5203;97;1;10;13.5
10192;5203;84;1;0;25.67
10193;5204;36;1;5;46.12
10194;5205;98;1;0;72.09
10195;5205;30;1;20;12.0
10196;5205;97;2;0;30.0
10197;5205;83;1;0;191.61
10198;5206;115;2;0;42.82
10199;5207;33;1;0;41.22
10200;5207;20;1;0;58.07
10201;5208;23;2;0;114.3
10202;5209;73;1;0;15.0
10203;5209;52;2;15;44.0
10204;5209;91;1;5;24.9
10205;5209;104;2;0;30.0
10206;5210;103;1;0;29.89
10207;5210;2;1;10;17.12
10208;5210;86;2;10;27.0
10209;5211;79;1;5;115.29
10210;5211;60;1;5;90.2
10211;5211;76;1;0;36.72
10212;5212;59;1;15;16.91
10213;5212;67;1;15;19.71
10214;5212;95;1;10;44.02
10215;5212;10;1;15;55.82
10216;5213;64;2;0;30.0
10217;5214;120;1;0;42.15
10218;5214;107;1;0;77.52
10219;5214;48;2;0;65.46
10220;5214;19;2;15;105.6
10221;5214;84;1;0;25.67
10222;5215;70;1;0;222.92
10223;5216;66;3;5;167.1
10224;5217;58;1;5;133.77
10225;5217;48;1;0;32.73
10226;5217;59;1;0;19.9
10227;5218;50;1;5;46.32
10228;5219;29;2;5;28.5
10229;5220;38;1;5;52.9
10230;5221;67;2;10;41.74
10231;5222;116;1;0;98.05
10232;5222;38;2;0;111.36
10233;5223;116;1;0;98.05
10234;5224;55;1;10;13.5
10235;5225;17;2;10;54.04
10236;5225;57;1;0;36.53
10237;5226;74;1;20;38.2
10238;5227;101;2;15;35.87
10239;5228;106;1;0;34.56
10240;5229;89;1;0;20.76
10241;5229;54;1;10;27.34
10242;5229;63;2;15;154.85
10243;5229;20;1;15;49.36
10244;5230;5;1;0;38.13
10245;5230;35;1;0;34.49
10246;5230;97;1;5;14.25
10247;5230;117;3;5;199.44
10248;5231;61;1;5;58.17
10249;5231;5;2;0;76.26
10250;5231;111;1;0;43.1
10251;5232;104;1;15;12.75
10252;5232;19;3;0;186.36
10253;5233;106;1;0;34.56
10254;5233;100;1;5;86.35
10255;5233;86;1;5;14.25
10256;5234;25;1;0;33.59
10257;5234;4;1;5;31.16
10258;5234;118;1;0;42.91
10259;5235;17;1;5;28.52
10260;5235;119;1;10;85.2
10261;5235;64;1;0;15.0
10262;5236;90;1;5;46.21
10263;5236;102;1;15;20.01
10264;5237;22;1;20;14.97
10265;5237;105;1;5;60.36
10266;5237;43;2;5;209.36
10267;5237;2;1;0;19.02
10268;5237;39;1;10;32.97
10269;5238;102;1;0;23.54
10270;5239;21;1;10;32.12
10271;5239;103;1;5;28.4
10272;5239;82;1;0;18.81
10273;5240;52;1;0;25.88
10274;5240;79;1;0;121.36
10275;5240;84;1;0;25.67
10276;5240;117;1;0;69.98
10277;5241;36;1;5;46.12
10278;5241;33;1;20;32.98
10279;5242;37;3;10;67.47
10280;5242;19;1;5;59.01
10281;5243;18;1;0;44.38
10282;5243;103;1;0;29.89
10283;5243;63;1;0;91.09
10284;5243;87;1;0;26.68
10285;5244;74;1;0;47.75
10286;5244;80;1;0;42.06
10287;5245;36;1;5;46.12
10288;5246;77;1;0;15.0
10289;5246;17;1;10;27.02
10290;5246;106;2;0;69.12
10291;5247;54;2;5;57.72
10292;5247;86;1;0;15.0
10293;5248;93;2;0;30.0
10294;5249;21;1;0;35.69
10295;5250;118;1;5;40.76
10296;5251;6;1;15;55.99
10297;5251;50;1;5;46.32
10298;5251;27;1;0;77.95
10299;5252;36;1;0;48.55
10300;5253;29;1;0;15.0
10301;5253;39;2;10;65.93
10302;5254;19;1;0;62.12
10303;5255;93;1;0;15.0
10304;5255;37;1;0;24.99
10305;5256;108;1;0;54.95
10306;5256;7;2;20;56.03
10307;5257;42;1;0;18.28
10308;5257;77;1;0;15.0
10309;5258;69;1;0;21.21
10310;5259;43;3;20;264.46
10311;5259;8;1;20;12.0
10312;5259;85;1;15;35.27
10313;5259;120;3;0;126.45
10314;5260;89;1;5;19.72
10315;5260;105;1;0;63.54
10316;5261;47;1;5;15.84
10317;5261;44;2;5;160.44
10318;5261;117;1;0;69.98
10319;5262;42;2;0;36.56
10320;5263;1;1;0;21.32
10321;5263;27;1;5;74.05
10322;5264;106;1;5;32.83
10323;5265;40;2;20;24.0
10324;5266;53;1;20;56.78
10325;5267;48;1;10;29.46
10326;5268;75;1;15;33.06
10327;5269;111;2;0;86.2
10328;5270;49;1;10;84.19
10329;5270;90;1;0;48.64
10330;5271;36;3;0;145.65
10331;5272;15;1;0;24.29
10332;5273;58;1;5;133.77
10333;5274;26;2;0;76.48
10334;5275;9;1;0;20.64
10335;5275;112;1;0;15.0
10336;5276;34;1;5;20.26
10337;5276;66;3;15;149.51
10338;5276;95;2;0;97.82
10339;5276;31;1;20;54.11
10340;5277;62;2;0;71.82
10341;5278;88;1;0;45.63
10342;5279;117;2;10;125.96
10343;5280;74;1;0;47.75
10344;5281;91;1;10;23.59
10345;5282;22;2;15;31.81
10346;5282;66;1;0;58.63
10347;5282;106;2;15;58.75
10348;5282;96;1;5;153.17
10349;5283;37;1;15;21.24
10350;5283;40;1;0;15.0
10351;5284;109;1;0;15.0
10352;5285;6;1;0;65.87
10353;5286;105;2;0;127.08
10354;5286;120;1;0;42.15
10355;5287;18;1;0;44.38
10356;5288;33;2;0;82.44
10357;5289;108;1;0;54.95
10358;5289;119;2;0;189.34
10359;5290;15;1;0;24.29
10360;5290;105;1;15;54.01
10361;5290;81;1;20;14.51
10362;5290;23;1;0;57.15
10363;5291;96;1;0;161.23
10364;5292;75;1;0;38.89
10365;5292;13;1;0;33.04
10366;5293;72;3;0;403.68
10367;5293;23;1;0;57.15
10368;5294;85;1;5;39.42
10369;5295;65;1;0;49.07
10370;5295;109;1;0;15.0
10371;5296;21;1;10;32.12
10372;5297;57;2;20;58.45
10373;5298;101;1;0;21.1
10374;5298;100;1;0;90.89
10375;5299;101;1;0;21.1
10376;5300;48;2;20;52.37
10377;5300;66;2;5;111.4
10378;5300;16;1;20;29.87
10379;5301;56;1;0;23.85
10380;5301;82;1;0;18.81
10381;5301;24;1;0;219.58
10382;5301;90;2;0;97.28
10383;5302;41;1;10;20.28
10384;5302;100;1;5;86.35
10385;5302;120;1;0;42.15
10386;5303;41;1;0;22.53
10387;5303;117;1;0;69.98
10388;5304;101;2;5;40.09
10389;5305;58;1;0;140.81
10390;5305;31;2;0;135.28
10391;5306;1;1;0;21.32
10392;5307;102;1;15;20.01
10393;5307;56;1;0;23.85
10394;5307;25;2;0;67.18
10395;5308;102;1;0;23.54
10396;5308;72;1;0;134.56
10397;5309;67;1;0;23.19
10398;5309;55;1;10;13.5
10399;5309;86;1;0;15.0
10400;5309;91;1;15;22.28
10401;5310;53;1;0;70.97
10402;5310;43;1;5;104.68
10403;5311;8;1;0;15.0
10404;5311;2;1;5;18.07
10405;5311;32;2;0;101.32
10406;5311;113;1;0;63.36
10407;5312;96;1;0;161.23
10408;5313;85;3;0;124.5
10409;5314;42;1;0;18.28
10410;5315;24;2;5;417.2
10411;5315;107;2;15;131.78
10412;5316;9;1;15;17.54
10413;5317;10;2;5;124.77
10414;5318;19;3;0;186.36
10415;5318;114;1;10;46.56
10416;5318;97;2;5;28.5
10417;5319;95;2;0;97.82
10418;5320;72;1;10;121.1
10419;5320;113;1;15;53.86
10420;5321;12;1;0;47.45
10421;5322;93;1;5;14.25
10422;5322;36;1;15;41.27
10423;5323;19;2;0;124.24
10424;5324;11;1;0;106.71
10425;5324;9;1;5;19.61
10426;5325;106;1;0;34.56
10427;5326;93;1;5;14.25
10428;5327;117;2;0;139.96
10429;5327;79;2;0;242.72
10430;5327;35;3;10;93.12
10431;5327;42;2;5;34.73
10432;5328;81;1;5;17.23
10433;5329;1;1;5;20.25
10434;5329;60;1;10;85.45
10435;5330;22;1;0;18.71
10436;5330;104;2;0;30.0
10437;5330;97;3;0;45.0
10438;5331;120;2;20;67.44
10439;5331;20;1;0;58.07
10440;5331;72;2;20;215.3
10441;5331;55;1;0;15.0
10442;5331;2;2;0;38.04
10443;5332;8;1;0;15.0
10444;5332;15;1;5;23.08
10445;5333;30;1;0;15.0
10446;5333;100;1;0;90.89
10447;5333;108;2;5;104.41
10448;5334;35;1;5;32.77
10449;5335;17;1;0;30.02
10450;5335;10;1;0;65.67
10451;5336;70;1;0;222.92
10452;5336;96;1;0;161.23
10453;5336;67;1;15;19.71
10454;5336;84;1;0;25.67
10455;5336;118;1;15;36.47
10456;5337;97;1;0;15.0
10457;5338;26;2;15;65.01
10458;5338;19;2;5;118.03
10459;5338;60;3;5;270.61
10460;5338;54;1;20;24.3
10461;5339;41;1;0;22.53
10462;5339;89;1;10;18.68
10463;5339;104;1;0;15.0
10464;5340;81;1;0;18.14
10465;5340;38;1;0;55.68
10466;5341;105;2;0;127.08
10467;5341;107;1;0;77.52
10468;5341;120;1;0;42.15
10469;5342;5;3;5;108.67
10470;5342;42;1;0;18.28
10471;5342;86;1;5;14.25
10472;5343;117;1;5;66.48
10473;5343;60;1;5;90.2
10474;5344;116;2;0;196.1
10475;5345;64;1;0;15.0
10476;5345;108;1;20;43.96
10477;5345;17;1;10;27.02
10478;5346;67;1;0;23.19
10479;5346;81;1;5;17.23
10480;5346;99;1;10;24.43
10481;5346;89;1;0;20.76
10482;5347;81;3;0;54.42
10483;5347;92;1;5;139.23
10484;5348;10;1;0;65.67
10485;5348;80;1;0;42.06
10486;5348;86;1;0;15.0
10487;5348;106;1;0;34.56
10488;5348;105;3;0;190.62
10489;5349;54;1;0;30.38
10490;5350;116;1;15;83.34
10491;5351;37;1;0;24.99
10492;5351;108;1;0;54.95
10493;5351;13;1;20;26.43
10494;5352;6;2;0;131.74
10495;5352;55;1;5;14.25
10496;5352;103;1;5;28.4
10497;5353;93;1;5;14.25
10498;5353;72;1;15;114.38
10499;5353;86;1;0;15.0
10500;5354;97;1;5;14.25
10501;5355;118;1;0;42.91
10502;5356;56;1;0;23.85
10503;5356;8;1;5;14.25
10504;5356;12;2;5;90.16
10505;5356;95;1;5;46.46
10506;5356;42;1;0;18.28
10507;5357;93;1;10;13.5
10508;5358;86;1;0;15.0
10509;5358;75;1;5;36.95
10510;5359;84;2;15;43.64
10511;5360;90;1;0;48.64
10512;5360;75;1;0;38.89
10513;5361;50;2;20;78.02
10514;5362;96;1;5;153.17
10515;5363;69;1;0;21.21
10516;5364;108;1;0;54.95
10517;5365;9;1;0;20.64
10518;5365;102;1;0;23.54
10519;5366;100;1;5;86.35
10520;5366;15;1;5;23.08
10521;5366;39;2;20;58.61
10522;5366;46;2;0;326.48
10523;5366;3;1;0;80.78
10524;5367;106;1;0;34.56
10525;5367;92;3;0;439.68
10526;5368;21;1;5;33.91
10527;5368;9;1;0;20.64
10528;5368;20;2;0;116.14
10529;5369;21;2;10;64.24
10530;5370;30;1;5;14.25
10531;5370;60;1;5;90.2
10532;5370;96;1;0;161.23
10533;5370;48;1;10;29.46
10534;5371;35;1;0;34.49
10535;5372;3;2;0;161.56
10536;5372;120;1;0;42.15
10537;5372;76;2;10;66.1
10538;5372;66;1;20;46.9
10539;5372;111;1;0;43.1
10540;5373;12;2;10;85.41
10541;5374;110;1;0;83.15
10542;5374;14;1;0;193.43
10543;5374;31;1;10;60.88
10544;5375;32;1;0;50.66
10545;5375;64;3;10;40.5
10546;5376;16;2;5;70.95
10547;5376;28;1;15;30.37
10548;5376;95;1;0;48.91
10549;5377;94;1;0;97.26
10550;5378;25;1;0;33.59
10551;5378;67;1;5;22.03
10552;5378;104;3;0;45.0
10553;5379;20;1;5;55.17
10554;5379;72;1;0;134.56
10555;5379;73;1;0;15.0
10556;5379;53;2;15;120.65
10557;5380;48;1;5;31.09
10558;5381;105;1;0;63.54
10559;5381;76;1;0;36.72
10560;5382;26;1;15;32.5
10561;5383;89;1;10;18.68
10562;5384;63;2;0;182.18
10563;5385;71;1;0;22.26
10564;5385;5;1;5;36.22
10565;5386;97;1;5;14.25
10566;5386;14;1;0;193.43
10567;5387;32;2;0;101.32
10568;5388;73;2;10;27.0
10569;5389;88;1;0;45.63
10570;5390;53;1;5;67.42
10571;5390;104;1;0;15.0
10572;5391;78;2;0;116.08
10573;5391;103;1;0;29.89
10574;5392;85;1;5;39.42
10575;5393;43;2;0;220.38
10576;5394;86;1;0;15.0
10577;5395;85;1;5;39.42
10578;5396;96;1;0;161.23
10579;5397;87;1;15;22.68
10580;5397;2;1;0;19.02
10581;5398;79;1;10;109.22
10582;5399;25;1;0;33.59
10583;5400;15;2;0;48.58
10584;5400;89;2;15;35.29
10585;5400;87;1;15;22.68
10586;5401;88;1;0;45.63
10587;5402;31;1;10;60.88
10588;5402;96;1;0;161.23
10589;5403;112;1;0;15.0
10590;5404;109;2;0;30.0
10591;5404;91;1;0;26.21
10592;5404;81;1;20;14.51
10593;5405;67;1;15;19.71
10594;5406;100;1;0;90.89
10595;5407;106;1;0;34.56
10596;5407;65;1;15;41.71
10597;5407;89;1;0;20.76
10598;5407;111;1;0;43.1
10599;5408;54;1;0;30.38
10600;5409;69;2;0;42.42
10601;5409;103;1;0;29.89
10602;5409;89;3;0;62.28
10603;5410;89;3;0;62.28
10604;5411;113;1;10;57.02
10605;5412;66;1;0;58.63
10606;5413;29;1;5;14.25
10607;5414;14;1;5;183.76
10608;5415;35;1;0;34.49
10609;5416;58;2;15;239.38
10610;5416;42;1;0;18.28
10611;5417;101;1;5;20.05
10612;5418;9;1;5;19.61
10613;5418;87;2;20;42.69
10614;5419;64;1;0;15.0
10615;5419;119;1;0;94.67
10616;5419;69;2;10;38.18
10617;5420;95;3;15;124.72
10618;5420;88;1;10;41.07
10619;5421;32;1;10;45.59
10620;5421;67;1;0;23.19
10621;5421;10;1;5;62.39
10622;5421;113;1;0;63.36
10623;5421;2;1;5;18.07
10624;5422;119;1;0;94.67
10625;5422;42;1;0;18.28
10626;5422;53;3;15;180.97
10627;5423;111;1;0;43.1
10628;5423;67;1;10;20.87
10629;5423;107;1;10;69.77
10630;5424;17;1;5;28.52
10631;5425;13;2;10;59.47
10632;5425;38;1;5;52.9
10633;5426;111;1;0;43.1
10634;5426;118;1;5;40.76
10635;5427;99;1;0;27.15
10636;5428;14;1;0;193.43
10637;5428;23;1;10;51.44
10638;5428;120;2;5;80.08
10639;5429;20;1;0;58.07
10640;5429;35;2;5;65.53
10641;5429;64;1;10;13.5
10642;5429;84;2;0;51.34
10643;5430;88;1;20;36.5
10644;5431;6;1;5;62.58
10645;5432;85;2;0;83.0
10646;5432;17;1;5;28.52
10647;5433;48;1;10;29.46
10648;5434;97;2;0;30.0
10649;5435;22;1;0;18.71
10650;5436;4;1;0;32.8
10651;5437;73;1;5;14.25
10652;5438;16;3;0;112.02
10653;5438;37;1;0;24.99
10654;5439;109;1;5;14.25
10655;5440;1;1;20;17.06
10656;5440;43;2;10;198.34
10657;5440;79;2;5;230.58
10658;5440;62;1;0;35.91
10659;5440;65;1;0;49.07
10660;5441;91;1;10;23.59
10661;5442;31;1;5;64.26
10662;5442;3;1;10;72.7
10663;5443;15;2;5;46.15
10664;5444;119;2;0;189.34
10665;5444;39;2;0;73.26
10666;5444;87;1;0;26.68
10667;5444;116;1;5;93.15
10668;5445;25;2;0;67.18
10669;5445;56;1;5;22.66
10670;5446;17;1;5;28.52
10671;5446;7;1;0;35.02
10672;5447;108;1;20;43.96
10673;5448;30;1;20;12.0
10674;5449;40;1;10;13.5
10675;5449;99;1;0;27.15
10676;5449;81;1;0;18.14
10677;5450;74;2;5;90.72
10678;5450;24;3;0;658.74
10679;5450;120;1;0;42.15
10680;5451;55;2;0;30.0
10681;5451;111;1;5;40.95
10682;5451;50;1;10;43.88
10683;5452;15;1;0;24.29
10684;5453;91;1;0;26.21
10685;5453;57;1;0;36.53
10686;5454;108;1;0;54.95
10687;5454;62;1;0;35.91
10688;5455;25;1;10;30.23
10689;5456;84;1;0;25.67
10690;5456;26;1;15;32.5
10691;5457;52;1;0;25.88
10692;5457;34;3;0;63.99
10693;5458;105;1;0;63.54
10694;5458;47;1;0;16.67
10695;5458;11;1;0;106.71
10696;5459;39;2;20;58.61
10697;5459;111;1;15;36.63
10698;5460;35;3;0;103.47
10699;5461;90;2;15;82.69
10700;5461;74;1;15;40.59
10701;5462;74;1;15;40.59
10702;5462;43;3;0;330.57
10703;5463;110;1;10;74.84
10704;5464;57;1;5;34.7
10705;5464;69;1;0;21.21
10706;5464;84;1;10;23.1
10707;5465;108;1;0;54.95
10708;5466;113;1;0;63.36
10709;5466;37;1;0;24.99
10710;5467;29;2;0;30.0
10711;5468;25;1;10;30.23
10712;5468;26;1;0;38.24
10713;5469;97;1;0;15.0
10714;5470;57;1;20;29.22
10715;5470;27;1;0;77.95
10716;5471;112;1;5;14.25
10717;5471;59;1;10;17.91
10718;5471;34;1;10;19.2
10719;5472;2;1;0;19.02
10720;5473;55;1;0;15.0
10721;5474;115;1;0;21.41
10722;5475;65;1;0;49.07
10723;5475;117;1;20;55.98
10724;5475;41;1;0;22.53
10725;5475;11;1;0;106.71
10726;5476;8;3;15;38.25
10727;5476;15;3;0;72.87
10728;5476;7;2;0;70.04
10729;5477;89;3;0;62.28
10730;5477;100;1;5;86.35
10731;5478;82;1;0;18.81
10732;5478;8;1;0;15.0
10733;5479;48;1;0;32.73
10734;5479;110;1;10;74.84
10735;5480;37;1;10;22.49
10736;5481;19;1;15;52.8
10737;5481;12;3;0;142.35
10738;5481;59;1;5;18.9
10739;5481;29;1;5;14.25
10740;5481;53;2;15;120.65
10741;5482;86;1;0;15.0
10742;5482;25;3;0;100.77
10743;5482;53;1;0;70.97
10744;5482;48;2;20;52.37
10745;5483;51;1;5;145.62
10746;5484;91;1;0;26.21
10747;5484;33;1;0;41.22
10748;5484;105;3;0;190.62
10749;5484;119;1;5;89.94
10750;5485;75;1;15;33.06
10751;5486;27;1;0;77.95
10752;5486;67;3;0;69.57
10753;5487;2;1;10;17.12
10754;5487;44;1;10;76.0
10755;5487;25;1;0;33.59
10756;5487;106;1;0;34.56
10757;5487;32;1;0;50.66
10758;5488;74;1;0;47.75
10759;5489;68;1;5;152.84
10760;5489;50;1;0;48.76
10761;5489;28;2;10;64.31
10762;5490;87;1;0;26.68
10763;5490;13;1;0;33.04
10764;5491;101;1;10;18.99
10765;5491;108;2;0;109.9
10766;5491;120;2;0;84.3
10767;5492;92;1;5;139.23
10768;5492;63;1;5;86.54
10769;5493;106;1;5;32.83
10770;5493;28;1;5;33.94
10771;5494;35;1;15;29.32
10772;5495;104;1;0;15.0
10773;5496;90;1;5;46.21
10774;5496;46;1;0;163.24
10775;5496;102;1;0;23.54
10776;5497;11;1;0;106.71
10777;5497;53;1;0;70.97
10778;5498;112;1;0;15.0
10779;5499;6;1;5;62.58
10780;5500;35;1;10;31.04
10781;5500;27;1;0;77.95
10782;5501;25;1;20;26.87
10783;5502;79;2;0;242.72
10784;5502;17;1;0;30.02
10785;5503;85;1;20;33.2
10786;5503;66;1;0;58.63
10787;5503;58;1;15;119.69
10788;5504;75;1;0;38.89
10789;5505;60;1;5;90.2
10790;5505;40;1;10;13.5
10791;5506;10;1;0;65.67
10792;5506;53;2;15;120.65
10793;5507;11;1;5;101.37
10794;5508;3;1;0;80.78
10795;5509;70;1;0;222.92
10796;5509;12;1;0;47.45
10797;5509;53;1;0;70.97
10798;5509;77;1;5;14.25
10799;5509;6;1;5;62.58
10800;5510;117;1;0;69.98
10801;5510;13;1;5;31.39
10802;5510;81;1;0;18.14
10803;5511;45;1;0;156.28
10804;5511;68;2;5;305.67
10805;5512;95;1;0;48.91
10806;5513;116;1;0;98.05
10807;5514;44;1;10;76.0
10808;5514;3;1;0;80.78
10809;5515;48;1;20;26.18
10810;5515;82;1;0;18.81
10811;5516;37;1;0;24.99
10812;5517;30;2;0;30.0
10813;5517;1;2;10;38.38
10814;5518;29;1;5;14.25
10815;5518;74;1;0;47.75
10816;5518;30;1;10;13.5
10817;5519;24;1;0;219.58
10818;5519;62;1;0;35.91
10819;5520;75;1;0;38.89
10820;5520;114;2;10;93.11
10821;5520;119;1;20;75.74
10822;5521;57;2;5;69.41
10823;5522;105;2;20;101.66
10824;5523;40;2;5;28.5
10825;5523;33;1;0;41.22
10826;5523;45;1;0;156.28
10827;5524;84;1;0;25.67
10828;5525;67;1;5;22.03
10829;5526;50;1;0;48.76
10830;5526;42;1;15;15.54
10831;5526;94;1;10;87.53
10832;5527;25;2;0;67.18
10833;5528;99;1;10;24.43
10834;5529;43;1;0;110.19
10835;5529;62;2;0;71.82
10836;5529;71;2;0;44.52
10837;5530;42;1;0;18.28
10838;5531;39;1;0;36.63
10839;5531;116;1;0;98.05
10840;5531;34;1;0;21.33
10841;5532;118;1;5;40.76
10842;5532;112;1;15;12.75
10843;5532;107;1;0;77.52
10844;5533;66;1;5;55.7
10845;5533;3;1;15;68.66
10846;5534;63;1;5;86.54
10847;5534;119;1;0;94.67
10848;5534;41;1;15;19.15
10849;5534;70;1;5;211.77
10850;5535;117;3;0;209.94
10851;5536;26;1;10;34.42
10852;5536;68;1;5;152.84
10853;5537;74;1;5;45.36
10854;5537;9;1;0;20.64
10855;5538;83;1;0;191.61
10856;5539;96;1;5;153.17
10857;5539;73;1;0;15.0
10858;5539;60;2;15;161.41
10859;5540;1;1;10;19.19
10860;5541;86;1;10;13.5
10861;5541;44;1;5;80.22
10862;5541;56;1;20;19.08
10863;5541;58;3;0;422.43
10864;5542;102;1;10;21.19
10865;5542;26;3;5;108.98
10866;5542;96;2;0;322.46
10867;5542;114;1;0;51.73
10868;5542;63;1;5;86.54
10869;5543;30;1;5;14.25
10870;5543;46;1;0;163.24
10871;5543;79;3;0;364.08
10872;5544;21;1;0;35.69
10873;5544;73;2;0;30.0
10874;5544;56;1;0;23.85
10875;5545;55;3;5;42.75
10876;5545;97;2;15;25.5
10877;5545;48;1;0;32.73
10878;5545;20;1;0;58.07
10879;5545;116;2;10;176.49
10880;5546;118;1;5;40.76
10881;5547;57;2;20;58.45
10882;5547;7;2;20;56.03
10883;5547;9;2;0;41.28
10884;5547;106;3;0;103.68
10885;5547;73;1;0;15.0
10886;5548;27;1;20;62.36
10887;5549;45;1;5;148.47
10888;5549;110;1;5;78.99
10889;5549;120;1;10;37.94
10890;5549;90;1;5;46.21
10891;5550;16;1;0;37.34
10892;5550;68;1;0;160.88
10893;5551;62;1;0;35.91
10894;5551;11;2;0;213.42
10895;5552;101;2;10;37.98
10896;5552;9;1;5;19.61
10897;5553;25;2;15;57.1
10898;5553;116;3;20;235.32
10899;5553;57;2;15;62.1
10900;5554;59;1;0;19.9
10901;5554;82;3;0;56.43
10902;5554;38;3;0;167.04
10903;5555;12;1;0;47.45
10904;5555;19;1;0;62.12
10905;5556;21;2;0;71.38
10906;5557;14;1;0;193.43
10907;5558;17;1;5;28.52
10908;5558;65;1;5;46.62
10909;5559;95;1;0;48.91
10910;5560;68;2;10;289.58
10911;5561;78;1;0;58.04
10912;5561;67;1;10;20.87
10913;5561;64;1;10;13.5
10914;5561;69;1;0;21.21
10915;5562;40;2;15;25.5
10916;5562;12;1;0;47.45
10917;5563;63;1;0;91.09
10918;5563;42;3;15;46.61
10919;5564;21;1;5;33.91
10920;5564;93;1;5;14.25
10921;5564;83;1;0;191.61
10922;5565;46;1;0;163.24
10923;5565;95;1;0;48.91
10924;5566;37;1;0;24.99
10925;5566;18;1;0;44.38
10926;5567;26;1;0;38.24
10927;5567;58;3;5;401.31
10928;5567;19;1;15;52.8
10929;5568;82;1;5;17.87
10930;5568;115;2;0;42.82
10931;5569;31;1;15;57.49
10932;5569;111;1;0;43.1
10933;5570;78;3;5;165.41
10934;5570;61;1;0;61.23
10935;5570;3;2;0;161.56
10936;5571;116;1;0;98.05
10937;5571;63;1;0;91.09
10938;5571;49;2;5;177.74
10939;5572;100;1;20;72.71
10940;5572;63;1;10;81.98
10941;5573;2;1;0;19.02
10942;5574;2;1;0;19.02
10943;5574;115;1;0;21.41
10944;5575;81;1;15;15.42
10945;5575;47;1;20;13.34
10946;5575;32;1;5;48.13
10947;5575;57;1;0;36.53
10948;5576;16;1;0;37.34
10949;5576;47;3;5;47.51
10950;5577;17;1;0;30.02
10951;5577;67;2;0;46.38
10952;5578;71;1;5;21.15
10953;5578;54;2;20;48.61
10954;5578;101;1;0;21.1
10955;5579;24;2;0;439.16
10956;5579;82;1;0;18.81
10957;5580;49;2;0;187.1
10958;5580;41;1;0;22.53
10959;5581;38;1;0;55.68
10960;5582;100;1;5;86.35
10961;5583;119;1;0;94.67
10962;5583;23;2;5;108.58
10963;5584;107;1;0;77.52
10964;5584;113;1;5;60.19
10965;5584;99;1;5;25.79
10966;5585;75;1;0;38.89
10967;5585;83;1;0;191.61
10968;5586;29;1;0;15.0
10969;5587;114;2;0;103.46
10970;5587;24;1;0;219.58
10971;5588;19;1;0;62.12
10972;5589;106;1;10;31.1
10973;5589;13;1;0;33.04
10974;5589;8;2;5;28.5
10975;5589;10;1;0;65.67
10976;5590;42;1;10;16.45
10977;5590;65;1;0;49.07
10978;5591;106;1;10;31.1
10979;5592;100;3;0;272.67
10980;5592;98;1;0;72.09
10981;5593;2;1;5;18.07
10982;5594;12;1;0;47.45
10983;5595;16;1;0;37.34
10984;5595;101;1;0;21.1
10985;5595;64;1;20;12.0
10986;5596;60;1;0;94.95
10987;5596;43;1;15;93.66
10988;5596;113;1;20;50.69
10989;5597;94;1;0;97.26
10990;5598;46;1;15;138.75
10991;5598;94;1;10;87.53
10992;5599;43;1;0;110.19
10993;5599;65;1;0;49.07
10994;5600;115;2;20;34.26
10995;5600;56;1;0;23.85
10996;5601;98;1;0;72.09
10997;5602;19;2;0;124.24
10998;5603;111;2;0;86.2
10999;5603;84;1;15;21.82
11000;5604;60;1;0;94.95
11001;5605;98;1;0;72.09
11002;5606;77;1;20;12.0
11003;5606;115;1;5;20.34
11004;5606;45;1;15;132.84
11005;5607;11;2;15;181.41
11006;5607;41;1;10;20.28
11007;5608;25;1;5;31.91
11008;5608;48;2;0;65.46
11009;5609;32;2;20;81.06
11010;5610;70;1;0;222.92
11011;5610;61;1;5;58.17
11012;5610;85;1;5;39.42
11013;5611;19;1;10;55.91
11014;5611;105;1;5;60.36
11015;5611;41;2;15;38.3
11016;5611;71;1;0;22.26
11017;5612;43;2;10;198.34
11018;5613;47;1;5;15.84
11019;5614;82;1;0;18.81
11020;5615;35;2;0;68.98
11021;5616;64;1;0;15.0
11022;5617;108;1;0;54.95
11023;5618;55;1;0;15.0
11024;5618;37;1;10;22.49
11025;5619;97;1;0;15.0
11026;5619;99;2;15;46.15
11027;5619;94;1;0;97.26
11028;5619;38;1;0;55.68
11029;5619;91;1;15;22.28
11030;5620;56;1;0;23.85
11031;5620;69;1;0;21.21
11032;5621;110;1;0;83.15
11033;5622;64;1;0;15.0
11034;5622;41;2;0;45.06
11035;5623;109;1;0;15.0
11036;5624;34;1;10;19.2
11037;5624;76;1;0;36.72
11038;5625;11;1;0;106.71
11039;5625;104;3;0;45.0
11040;5626;53;1;0;70.97
11041;5626;55;1;0;15.0
11042;5627;103;1;0;29.89
11043;5627;60;1;5;90.2
11044;5627;107;1;20;62.02
11045;5628;26;1;10;34.42
11046;5629;8;2;20;24.0
11047;5630;114;1;0;51.73
11048;5631;59;1;0;19.9
11049;5632;1;1;5;20.25
11050;5632;108;1;0;54.95
11051;5633;71;1;15;18.92
11052;5633;94;1;0;97.26
11053;5633;88;1;20;36.5
11054;5634;18;1;0;44.38
11055;5634;34;1;5;20.26
11056;5635;49;1;0;93.55
11057;5635;6;1;0;65.87
11058;5636;41;2;0;45.06
11059;5637;89;1;0;20.76
11060;5637;2;1;10;17.12
11061;5638;82;1;15;15.99
11062;5639;58;1;0;140.81
11063;5639;25;1;0;33.59
11064;5640;58;1;0;140.81
11065;5640;56;1;0;23.85
11066;5641;9;1;20;16.51
11067;5641;90;1;0;48.64
11068;5641;80;1;5;39.96
11069;5641;11;1;10;96.04
11070;5642;100;1;10;81.8
11071;5643;83;1;0;191.61
11072;5644;64;1;0;15.0
11073;5644;72;1;0;134.56
11074;5645;117;1;10;62.98
11075;5645;43;1;0;110.19
11076;5645;110;1;0;83.15
11077;5645;47;1;0;16.67
11078;5646;63;1;5;86.54
11079;5646;12;3;10;128.12
11080;5647;28;1;0;35.73
11081;5647;107;2;0;155.04
11082;5648;93;3;0;45.0
11083;5648;91;1;0;26.21
11084;5648;35;3;0;103.47
11085;5648;61;1;0;61.23
11086;5649;61;1;5;58.17
11087;5649;82;3;0;56.43
11088;5650;62;1;0;35.91
11089;5651;98;1;5;68.49
11090;5652;99;1;0;27.15
11091;5652;15;1;0;24.29
11092;5652;9;1;5;19.61
11093;5652;112;1;10;13.5
11094;5653;4;1;0;32.8
11095;5653;98;2;15;122.55
11096;5654;51;1;0;153.28
11097;5655;79;1;0;121.36
11098;5655;3;1;5;76.74
11099;5655;97;1;0;15.0
11100;5655;15;1;0;24.29
11101;5655;61;1;0;61.23
11102;5656;4;1;0;32.8
11103;5656;10;3;0;197.01
11104;5656;108;1;0;54.95
11105;5656;102;1;10;21.19
11106;5657;16;2;5;70.95
11107;5657;94;3;0;291.78
11108;5658;19;1;0;62.12
11109;5659;50;3;5;138.97
11110;5659;6;1;0;65.87
11111;5660;62;1;0;35.91
11112;5661;83;1;0;191.61
11113;5661;32;1;0;50.66
11114;5661;29;2;5;28.5
11115;5662;64;1;15;12.75
11116;5663;10;1;0;65.67
11117;5663;105;2;0;127.08
11118;5664;96;1;20;128.98
11119;5665;77;1;5;14.25
11120;5665;56;1;0;23.85
11121;5665;29;1;0;15.0
11122;5666;71;1;0;22.26
11123;5667;48;2;0;65.46
11124;5668;94;1;10;87.53
11125;5669;72;1;10;121.1
11126;5670;48;1;5;31.09
11127;5670;89;2;0;41.52
11128;5671;10;1;0;65.67
11129;5671;14;2;0;386.86
11130;5671;111;1;0;43.1
11131;5671;117;1;0;69.98
11132;5671;50;2;10;87.77
11133;5672;80;1;5;39.96
11134;5673;22;2;5;35.55
11135;5674;15;2;5;46.15
11136;5674;98;1;0;72.09
11137;5675;120;1;5;40.04
11138;5676;70;1;20;178.34
11139;5676;23;3;0;171.45
11140;5676;109;1;20;12.0
11141;5676;17;3;5;85.56
11142;5676;81;1;0;18.14
11143;5677;37;1;0;24.99
11144;5678;55;3;5;42.75
11145;5678;72;1;10;121.1
11146;5679;68;1;0;160.88
11147;5679;40;2;0;30.0
11148;5680;80;1;5;39.96
11149;5681;90;2;10;87.55
11150;5682;26;1;20;30.59
11151;5682;22;2;20;29.94
11152;5682;31;1;0;67.64
11153;5683;10;1;20;52.54
11154;5684;103;1;5;28.4
11155;5684;43;2;15;187.32
11156;5684;78;1;5;55.14
11157;5684;112;1;0;15.0
11158;5685;54;1;0;30.38
11159;5686;73;1;5;14.25
11160;5687;47;1;5;15.84
11161;5687;28;1;0;35.73
11162;5687;72;1;5;127.83
11163;5688;31;1;0;67.64
11164;5688;95;1;5;46.46
11165;5688;54;1;0;30.38
11166;5689;22;1;5;17.77
11167;5689;9;1;0;20.64
11168;5690;96;1;10;145.11
11169;5691;20;1;0;58.07
11170;5691;90;2;0;97.28
11171;5692;7;1;5;33.27
11172;5692;78;2;5;110.28
11173;5692;40;1;0;15.0
11174;5692;43;1;0;110.19
11175;5692;26;2;0;76.48
11176;5693;2;3;10;51.35
11177;5693;62;1;10;32.32
11178;5694;35;1;15;29.32
11179;5694;117;1;0;69.98
11180;5695;28;2;0;71.46
11181;5695;54;1;5;28.86
11182;5695;2;1;5;18.07
11183;5696;60;1;15;80.71
11184;5696;21;1;0;35.69
11185;5697;5;1;0;38.13
11186;5698;106;1;0;34.56
11187;5698;57;3;0;109.59
11188;5699;44;1;20;67.55
11189;5699;68;1;0;160.88
11190;5699;55;2;15;25.5
11191;5699;18;1;0;44.38
11192;5700;25;1;10;30.23
11193;5700;115;2;10;38.54
11194;5700;1;1;0;21.32
11195;5701;63;1;0;91.09
11196;5701;34;1;5;20.26
11197;5701;31;2;15;114.99
11198;5701;39;2;5;69.6
11199;5701;23;1;0;57.15
11200;5702;2;2;5;36.14
11201;5702;99;1;0;27.15
11202;5702;20;1;0;58.07
11203;5702;106;1;0;34.56
11204;5703;15;1;20;19.43
11205;5703;19;2;0;124.24
11206;5704;55;2;5;28.5
11207;5704;39;2;0;73.26
11208;5705;61;1;5;58.17
11209;5705;108;2;20;87.92
11210;5705;59;1;0;19.9
11211;5705;90;1;0;48.64
11212;5706;22;1;0;18.71
11213;5706;6;1;0;65.87
11214;5707;31;1;0;67.64
11215;5707;63;2;0;182.18
11216;5708;84;1;0;25.67
11217;5709;71;2;10;40.07
11218;5709;25;1;5;31.91
11219;5710;63;1;0;91.09
11220;5710;60;1;15;80.71
11221;5710;73;2;15;25.5
11222;5710;108;1;0;54.95
11223;5711;103;1;0;29.89
11224;5712;47;1;0;16.67
11225;5712;37;1;0;24.99
11226;5713;102;3;5;67.09
11227;5713;88;3;5;130.05
11228;5714;112;2;15;25.5
11229;5715;101;1;0;21.1
11230;5715;39;1;0;36.63
11231;5716;73;1;0;15.0
11232;5717;61;1;5;58.17
11233;5718;39;3;15;93.41
11234;5719;1;1;20;17.06
11235;5720;32;1;15;43.06
11236;5721;83;1;5;182.03
11237;5721;57;1;15;31.05
11238;5721;56;1;0;23.85
11239;5722;36;3;20;116.52
11240;5722;74;1;5;45.36
11241;5723;102;1;5;22.36
11242;5724;44;2;15;143.55
11243;5724;118;1;15;36.47
11244;5724;43;1;20;88.15
11245;5724;58;3;0;422.43
11246;5725;30;1;5;14.25
11247;5726;28;1;15;30.37
11248;5727;23;1;0;57.15
11249;5727;69;1;10;19.09
11250;5727;4;1;0;32.8
11251;5728;54;2;5;57.72
11252;5728;117;1;0;69.98
11253;5728;13;3;5;94.16
11254;5728;102;1;0;23.54
11255;5728;43;1;0;110.19
11256;5729;114;3;0;155.19
11257;5729;79;1;5;115.29
11258;5730;4;1;5;31.16
11259;5731;57;1;0;36.53
11260;5731;9;1;0;20.64
11261;5731;40;1;20;12.0
11262;5731;61;2;10;110.21
11263;5732;80;2;5;79.91
11264;5732;58;1;5;133.77
11265;5732;118;1;0;42.91
11266;5733;19;1;0;62.12
11267;5734;55;2;10;27.0
11268;5735;103;2;0;59.78
11269;5736;50;1;0;48.76
11270;5736;76;1;0;36.72
11271;5737;36;1;0;48.55
11272;5738;82;1;15;15.99
11273;5739;14;1;20;154.74
11274;5740;9;3;20;49.54
11275;5740;75;1;5;36.95
11276;5741;29;3;0;45.0
11277;5742;80;3;15;107.25
11278;5742;44;1;5;80.22
11279;5743;16;1;0;37.34
11280;5743;9;1;0;20.64
11281;5744;81;2;0;36.28
11282;5744;94;2;5;184.79
11283;5745;11;1;0;106.71
11284;5745;102;1;10;21.19
11285;5745;111;1;15;36.63
11286;5745;91;1;10;23.59
11287;5745;120;1;0;42.15
11288;5746;98;1;0;72.09
11289;5746;73;1;0;15.0
11290;5747;68;1;10;144.79
11291;5748;107;2;0;155.04
11292;5749;96;1;10;145.11
11293;5749;81;1;0;18.14
11294;5749;70;1;0;222.92
11295;5750;120;1;0;42.15
11296;5750;113;1;10;57.02
11297;5750;60;1;0;94.95
11298;5751;107;1;0;77.52
11299;5751;72;1;15;114.38
11300;5752;36;3;15;123.8
11301;5753;9;1;10;18.58
11302;5754;34;1;5;20.26
11303;5754;113;1;0;63.36
11304;5754;27;1;0;77.95
11305;5754;87;1;15;22.68
11306;5755;24;1;0;219.58
11307;5756;116;1;0;98.05
11308;5757;53;2;0;141.94
11309;5758;74;1;15;40.59
11310;5759;42;1;15;15.54
11311;5760;22;1;0;18.71
11312;5761;50;3;20;117.02
11313;5762;30;1;10;13.5
11314;5762;84;1;10;23.1
11315;5763;29;1;0;15.0
11316;5763;16;1;5;35.47
11317;5764;111;1;0;43.1
11318;5765;88;1;0;45.63
11319;5766;8;1;0;15.0
11320;5766;115;3;0;64.23
11321;5767;78;2;0;116.08
11322;5767;117;1;0;69.98
11323;5768;54;1;10;27.34
11324;5769;51;1;10;137.95
11325;5770;9;1;5;19.61
11326;5771;113;1;10;57.02
11327;5771;70;1;0;222.92
11328;5772;47;2;0;33.34
11329;5772;58;2;15;239.38
11330;5772;45;3;10;421.96
11331;5773;61;1;0;61.23
11332;5773;41;3;0;67.59
11333;5773;57;1;0;36.53
11334;5773;120;1;0;42.15
11335;5774;33;1;5;39.16
11336;5775;68;2;10;289.58
11337;5775;111;1;0;43.1
11338;5775;110;1;10;74.84
11339;5775;37;1;0;24.99
11340;5776;5;3;5;108.67
11341;5777;37;1;20;19.99
11342;5777;25;3;20;80.62
11343;5777;79;1;0;121.36
11344;5778;87;1;0;26.68
11345;5778;89;1;0;20.76
11346;5779;13;1;0;33.04
11347;5779;73;1;5;14.25
11348;5780;108;1;0;54.95
11349;5780;91;1;0;26.21
11350;5780;58;2;5;267.54
11351;5780;4;1;10;29.52
11352;5781;78;3;0;174.12
11353;5782;60;1;10;85.45
11354;5782;19;2;10;111.82
11355;5783;78;2;5;110.28
11356;5784;23;1;15;48.58
11357;5785;47;2;0;33.34
11358;5785;66;1;0;58.63
11359;5786;61;1;10;55.11
11360;5786;36;2;0;97.1
11361;5787;48;1;0;32.73
11362;5787;120;1;15;35.83
11363;5787;50;3;5;138.97
11364;5788;67;3;0;69.57
11365;5789;105;2;15;108.02
11366;5790;14;3;15;493.25
11367;5790;101;2;0;42.2
11368;5791;58;1;0;140.81
11369;5792;94;3;0;291.78
11370;5792;27;2;10;140.31
11371;5793;32;2;10;91.19
11372;5794;92;3;10;395.71
11373;5794;95;1;5;46.46
11374;5795;54;1;10;27.34
11375;5795;50;1;0;48.76
11376;5796;77;1;0;15.0
11377;5797;102;1;0;23.54
11378;5798;21;3;15;91.01
11379;5799;11;2;10;192.08
11380;5799;104;2;20;24.0
11381;5799;46;1;0;163.24
11382;5799;16;1;0;37.34
11383;5800;20;2;0;116.14
11384;5800;71;1;0;22.26
11385;5801;70;1;20;178.34
11386;5802;105;1;0;63.54
11387;5803;65;1;0;49.07
11388;5803;59;1;20;15.92
11389;5803;62;1;0;35.91
11390;5803;13;3;20;79.3
11391;5803;117;1;10;62.98
11392;5804;92;3;5;417.7
11393;5805;65;1;10;44.16
11394;5806;104;1;20;12.0
11395;5807;63;1;5;86.54
11396;5808;63;1;5;86.54
11397;5809;21;1;0;35.69
11398;5810;26;1;0;38.24
11399;5811;59;1;0;19.9
11400;5811;10;1;0;65.67
11401;5811;90;1;0;48.64
11402;5811;95;2;0;97.82
11403;5811;116;1;5;93.15
11404;5812;51;2;0;306.56
11405;5813;16;1;5;35.47
11406;5814;102;1;5;22.36
11407;5814;67;1;0;23.19
11408;5815;27;1;10;70.16
11409;5816;3;3;10;218.11
11410;5816;43;1;0;110.19
11411;5817;115;3;15;54.6
11412;5817;50;1;0;48.76
11413;5818;96;3;5;459.51
11414;5819;61;1;5;58.17
11415;5819;82;1;0;18.81
11416;5819;102;1;0;23.54
11417;5820;17;1;0;30.02
11418;5821;84;1;15;21.82
11419;5821;108;1;0;54.95
11420;5821;83;1;0;191.61
11421;5822;72;2;5;255.66
11422;5823;26;1;0;38.24
11423;5824;7;1;0;35.02
11424;5824;82;1;20;15.05
11425;5824;23;2;0;114.3
11426;5825;110;1;5;78.99
11427;5826;39;1;5;34.8
11428;5827;119;1;0;94.67
11429;5827;72;1;5;127.83
11430;5828;88;1;0;45.63
11431;5829;66;1;0;58.63
11432;5830;50;1;5;46.32
11433;5831;118;1;5;40.76
11434;5832;13;1;0;33.04
11435;5832;37;1;0;24.99
11436;5833;84;1;0;25.67
11437;5834;22;2;0;37.42
11438;5835;53;2;15;120.65
11439;5836;102;1;10;21.19
11440;5836;39;1;5;34.8
11441;5837;111;1;10;38.79
11442;5837;110;1;0;83.15
11443;5837;43;2;0;220.38
11444;5838;46;1;0;163.24
11445;5839;104;1;5;14.25
11446;5839;111;1;5;40.95
11447;5840;95;1;20;39.13
11448;5841;19;2;5;118.03
11449;5842;52;1;0;25.88
11450;5842;30;1;0;15.0
11451;5843;113;3;5;180.58
11452;5843;96;1;0;161.23
11453;5844;63;1;0;91.09
11454;5844;5;1;0;38.13
11455;5844;106;2;0;69.12
11456;5845;70;1;10;200.63
11457;5845;12;3;0;142.35
11458;5845;91;1;5;24.9
11459;5845;55;1;10;13.5
11460;5846;14;1;10;174.09
11461;5847;16;1;0;37.34
11462;5847;103;1;5;28.4
11463;5848;109;1;15;12.75
11464;5848;88;1;10;41.07
11465;5849;64;1;0;15.0
11466;5849;54;3;5;86.58
11467;5850;90;3;5;138.62
11468;5850;112;1;0;15.0
11469;5851;8;1;0;15.0
11470;5851;46;1;10;146.92
11471;5851;49;2;10;168.39
11472;5852;47;2;0;33.34
11473;5853;36;1;5;46.12
11474;5853;53;1;5;67.42
11475;5853;62;1;10;32.32
11476;5853;119;1;0;94.67
11477;5854;9;1;0;20.64
11478;5854;1;1;5;20.25
11479;5855;15;1;5;23.08
11480;5856;12;2;5;90.16
11481;5856;57;1;5;34.7
11482;5856;104;3;10;40.5
11483;5857;120;2;10;75.87
11484;5857;83;3;0;574.83
11485;5858;72;3;0;403.68
11486;5859;49;1;5;88.87
11487;5859;120;2;0;84.3
11488;5860;102;1;0;23.54
11489;5861;107;1;0;77.52
11490;5861;4;1;5;31.16
11491;5862;23;1;10;51.44
11492;5862;59;3;0;59.7
11493;5862;19;1;0;62.12
11494;5863;100;1;0;90.89
11495;5864;15;1;0;24.29
11496;5864;91;1;0;26.21
11497;5865;81;2;5;34.47
11498;5865;21;2;0;71.38
11499;5866;48;1;0;32.73
11500;5866;47;2;5;31.67
11501;5867;25;1;0;33.59
11502;5867;43;1;10;99.17
11503;5867;77;2;0;30.0
11504;5868;78;1;0;58.04
11505;5868;51;1;0;153.28
11506;5869;9;2;20;33.02
11507;5870;43;2;0;220.38
11508;5871;20;1;5;55.17
11509;5872;2;1;0;19.02
11510;5872;61;1;0;61.23
11511;5872;39;2;5;69.6
11512;5872;36;1;0;48.55
11513;5872;11;1;0;106.71
11514;5873;95;1;0;48.91
11515;5873;16;1;0;37.34
11516;5873;116;1;5;93.15
11517;5874;95;1;0;48.91
11518;5874;55;1;20;12.0
11519;5874;70;1;0;222.92
11520;5874;94;1;10;87.53
11521;5875;8;1;0;15.0
11522;5875;41;1;20;18.02
11523;5875;33;1;0;41.22
11524;5876;22;1;0;18.71
11525;5877;65;1;0;49.07
11526;5877;74;1;5;45.36
11527;5877;115;1;5;20.34
11528;5877;27;1;10;70.16
11529;5878;82;1;0;18.81
11530;5879;46;2;5;310.16
11531;5880;47;1;0;16.67
11532;5880;115;1;5;20.34
11533;5881;120;1;0;42.15
11534;5882;72;1;10;121.1
11535;5882;43;2;0;220.38
11536;5882;28;2;10;64.31
11537;5883;108;2;15;93.42
11538;5884;83;1;0;191.61
11539;5884;115;1;10;19.27
11540;5884;58;1;10;126.73
11541;5885;82;1;20;15.05
11542;5885;105;1;0;63.54
11543;5886;57;1;10;32.88
11544;5887;116;1;0;98.05
11545;5887;2;1;10;17.12
11546;5888;53;1;10;63.87
11547;5888;43;1;20;88.15
11548;5888;67;1;0;23.19
11549;5888;84;2;10;46.21
11550;5889;35;1;0;34.49
11551;5889;73;1;15;12.75
11552;5890;47;1;0;16.67
11553;5890;7;1;5;33.27
11554;5891;116;1;0;98.05
11555;5891;62;1;15;30.52
11556;5891;22;1;5;17.77
11557;5892;102;1;0;23.54
11558;5893;47;3;0;50.01
11559;5894;76;1;0;36.72
11560;5894;79;1;0;121.36
11561;5895;45;1;0;156.28
11562;5896;25;2;15;57.1
11563;5897;19;2;0;124.24
11564;5897;72;1;0;134.56
11565;5898;106;1;20;27.65
11566;5898;5;1;0;38.13
11567;5898;12;1;5;45.08
11568;5899;29;1;0;15.0
11569;5899;40;1;0;15.0
11570;5899;7;1;0;35.02
11571;5899;56;1;0;23.85
11572;5900;16;1;0;37.34
11573;5900;65;2;0;98.14
11574;5901;8;2;0;30.0
11575;5901;76;1;0;36.72
11576;5902;106;2;10;62.21
11577;5902;46;1;20;130.59
11578;5902;17;1;10;27.02
11579;5903;98;1;5;68.49
11580;5903;112;1;0;15.0
11581;5903;25;1;10;30.23
11582;5903;7;1;0;35.02
11583;5904;18;1;5;42.16
11584;5904;114;2;0;103.46
11585;5904;102;1;0;23.54
11586;5905;68;1;20;128.7
11587;5905;95;1;5;46.46
11588;5905;111;1;0;43.1
11589;5906;88;3;0;136.89
11590;5906;84;2;0;51.34
11591;5906;15;3;0;72.87
11592;5907;67;1;5;22.03
11593;5907;2;1;0;19.02
11594;5907;87;2;0;53.36
11595;5908;100;2;0;181.78
11596;5908;2;1;0;19.02
11597;5908;58;3;0;422.43
11598;5908;33;2;0;82.44
11599;5908;51;3;0;459.84
11600;5909;80;1;0;42.06
11601;5909;16;2;20;59.74
11602;5910;53;1;0;70.97
11603;5910;92;1;0;146.56
11604;5911;17;1;15;25.52
11605;5912;7;1;0;35.02
11606;5913;85;1;0;41.5
11607;5914;42;1;5;17.37
11608;5914;47;1;0;16.67
11609;5915;83;2;0;383.22
11610;5915;111;1;10;38.79
11611;5915;112;1;0;15.0
11612;5915;5;1;15;32.41
11613;5916;9;1;10;18.58
11614;5916;108;1;5;52.2
11615;5917;104;1;15;12.75
11616;5918;106;1;0;34.56
11617;5919;87;1;0;26.68
11618;5919;97;2;0;30.0
11619;5920;7;3;10;94.55
11620;5921;115;1;15;18.2
11621;5922;29;1;0;15.0
11622;5923;96;1;0;161.23
11623;5923;62;2;0;71.82
11624;5924;56;1;10;21.47
11625;5925;28;2;0;71.46
11626;5926;16;1;0;37.34
11627;5927;44;3;0;253.32
11628;5928;35;1;0;34.49
11629;5929;60;1;0;94.95
11630;5930;103;1;10;26.9
11631;5930;24;2;5;417.2
11632;5930;81;3;0;54.42
11633;5931;19;2;0;124.24
11634;5931;46;1;10;146.92
11635;5931;89;1;0;20.76
11636;5932;45;1;5;148.47
11637;5932;18;2;15;75.45
11638;5932;34;1;0;21.33
11639;5933;4;2;10;59.04
11640;5933;40;1;5;14.25
11641;5934;86;1;0;15.0
11642;5935;117;1;15;59.48
11643;5935;50;2;5;92.64
11644;5936;56;2;5;45.31
11645;5937;57;1;0;36.53
11646;5938;14;1;0;193.43
11647;5938;41;1;0;22.53
11648;5939;30;2;15;25.5
11649;5939;14;1;15;164.42
11650;5940;83;1;0;191.61
11651;5940;81;1;5;17.23
11652;5941;15;2;0;48.58
11653;5942;105;3;0;190.62
11654;5942;79;1;5;115.29
11655;5943;111;1;20;34.48
11656;5944;79;1;0;121.36
11657;5944;8;1;0;15.0
11658;5944;25;1;15;28.55
11659;5945;59;1;10;17.91
11660;5946;46;1;0;163.24
11661;5946;81;1;20;14.51
11662;5947;88;2;0;91.26
11663;5947;71;1;0;22.26
11664;5948;85;1;0;41.5
11665;5949;104;1;10;13.5
11666;5949;21;1;0;35.69
11667;5950;71;1;0;22.26
11668;5950;74;2;10;85.95
11669;5951;53;1;0;70.97
11670;5951;58;2;0;281.62
11671;5952;81;1;5;17.23
11672;5953;50;1;0;48.76
11673;5954;34;1;15;18.13
11674;5954;114;2;5;98.29
11675;5955;56;1;0;23.85
11676;5955;19;2;0;124.24
11677;5956;44;1;15;71.77
11678;5956;120;1;0;42.15
11679;5957;88;3;0;136.89
11680;5957;41;1;0;22.53
11681;5957;45;2;0;312.56
11682;5958;58;1;0;140.81
11683;5958;110;1;0;83.15
11684;5958;2;1;10;17.12
11685;5958;61;1;0;61.23
11686;5959;70;1;5;211.77
11687;5959;76;1;0;36.72
11688;5960;67;1;0;23.19
11689;5960;104;1;5;14.25
11690;5961;99;1;0;27.15
11691;5961;64;2;0;30.0
11692;5962;113;1;10;57.02
11693;5963;104;1;0;15.0
11694;5963;15;1;5;23.08
11695;5964;18;1;0;44.38
11696;5965;98;1;5;68.49
11697;5965;96;3;5;459.51
11698;5966;67;1;5;22.03
11699;5967;79;2;5;230.58
11700;5967;81;1;5;17.23
11701;5968;42;1;0;18.28
11702;5968;79;1;0;121.36
11703;5969;51;1;0;153.28
11704;5970;81;3;15;46.26
11705;5970;6;1;20;52.7
11706;5971;55;1;5;14.25
11707;5972;33;2;10;74.2
11708;5973;118;1;15;36.47
11709;5973;35;1;5;32.77
11710;5973;76;1;10;33.05
11711;5974;94;1;0;97.26
11712;5974;23;1;0;57.15
11713;5975;10;1;0;65.67
11714;5975;73;1;0;15.0
11715;5976;9;2;15;35.09
11716;5976;72;1;10;121.1
11717;5976;52;1;10;23.29
11718;5976;56;1;20;19.08
11719;5977;65;3;5;139.85
11720;5978;85;1;20;33.2
11721;5978;10;1;5;62.39
11722;5979;24;2;5;417.2
11723;5980;61;1;10;55.11
11724;5980;93;1;0;15.0
11725;5980;80;1;10;37.85
11726;5981;59;2;10;35.82
11727;5982;94;1;5;92.4
11728;5983;62;2;0;71.82
11729;5983;13;1;10;29.74
11730;5983;41;1;0;22.53
11731;5983;24;1;15;186.64
11732;5984;72;1;10;121.1
11733;5985;13;2;0;66.08
11734;5985;4;1;0;32.8
11735;5986;23;1;0;57.15
11736;5987;61;2;0;122.46
11737;5987;80;3;0;126.18
11738;5988;29;2;0;30.0
11739;5988;11;1;20;85.37
11740;5989;120;1;0;42.15
11741;5990;55;1;0;15.0
11742;5991;3;1;0;80.78
11743;5992;38;1;0;55.68
11744;5993;72;1;0;134.56
11745;5994;88;2;0;91.26
11746;5994;106;1;5;32.83
11747;5995;13;1;5;31.39
11748;5996;118;1;0;42.91
11749;5996;67;1;5;22.03
11750;5997;67;1;0;23.19
11751;5998;73;1;0;15.0
11752;5999;8;1;0;15.0
11753;6000;114;2;0;103.46
11754;6000;81;1;0;18.14
11755;6000;104;1;0;15.0
11756;6000;89;3;5;59.17
11757;6000;109;1;0;15.0
11758;6001;16;1;5;35.47
11759;6001;90;1;0;48.64
11760;6002;5;1;5;36.22
11761;6003;103;1;0;29.89
11762;6004;17;1;0;30.02
11763;6005;64;1;0;15.0
11764;6005;30;1;0;15.0
11765;6005;110;1;10;74.84
11766;6006;109;1;0;15.0
11767;6006;65;2;0;98.14
11768;6007;102;1;0;23.54
11769;6007;83;1;0;191.61
11770;6008;89;1;5;19.72
11771;6008;120;1;15;35.83
11772;6008;33;1;0;41.22
11773;6008;10;1;0;65.67
11774;6009;18;2;0;88.76
11775;6009;120;1;15;35.83
11776;6009;24;1;0;219.58
11777;6009;16;1;5;35.47
11778;6010;8;1;5;14.25
11779;6010;87;1;0;26.68
11780;6011;108;1;0;54.95
11781;6012;61;1;0;61.23
11782;6012;88;2;0;91.26
11783;6013;94;1;0;97.26
11784;6013;38;3;10;150.34
11785;6013;19;1;10;55.91
11786;6013;15;1;5;23.08
11787;6014;57;1;10;32.88
11788;6014;95;1;5;46.46
11789;6015;11;1;5;101.37
11790;6016;58;2;5;267.54
11791;6017;5;1;0;38.13
11792;6018;51;2;0;306.56
11793;6019;93;1;0;15.0
11794;6020;56;1;0;23.85
11795;6020;92;1;0;146.56
11796;6020;42;1;0;18.28
11797;6021;46;1;0;163.24
11798;6022;29;2;0;30.0
11799;6023;113;2;10;114.05
11800;6024;31;2;0;135.28
11801;6025;119;2;5;179.87
11802;6026;78;2;5;110.28
11803;6026;32;2;10;91.19
11804;6026;16;1;5;35.47
11805;6027;119;1;0;94.67
11806;6027;50;1;0;48.76
11807;6028;107;3;0;232.56
11808;6029;29;2;0;30.0
11809;6030;48;3;0;98.19
11810;6031;82;1;15;15.99
11811;6031;59;1;20;15.92
11812;6032;63;1;0;91.09
11813;6033;66;1;20;46.9
11814;6034;26;1;15;32.5
11815;6035;46;3;5;465.23
11816;6036;30;2;5;28.5
11817;6037;51;1;5;145.62
11818;6038;24;3;0;658.74
11819;6039;62;1;10;32.32
11820;6039;109;1;5;14.25
11821;6039;93;2;0;30.0
11822;6040;78;3;15;148.0
11823;6041;23;1;5;54.29
11824;6041;79;1;0;121.36
11825;6041;111;1;5;40.95
11826;6042;29;1;0;15.0
11827;6042;116;1;0;98.05
11828;6042;26;3;5;108.98
11829;6042;72;3;20;322.94
11830;6043;117;1;0;69.98
11831;6044;109;1;10;13.5
11832;6044;41;1;10;20.28
11833;6045;112;1;0;15.0
11834;6045;54;1;15;25.82
11835;6046;43;1;5;104.68
11836;6047;39;1;0;36.63
11837;6047;2;2;0;38.04
11838;6048;93;1;0;15.0
11839;6048;53;2;5;134.84
11840;6049;59;1;0;19.9
11841;6049;30;1;5;14.25
11842;6050;57;1;5;34.7
11843;6051;12;2;0;94.9
11844;6051;22;2;0;37.42
11845;6051;62;1;0;35.91
11846;6051;102;1;5;22.36
11847;6052;1;3;0;63.96
11848;6053;112;1;0;15.0
11849;6054;17;3;0;90.06
11850;6054;101;1;0;21.1
11851;6054;96;3;0;483.69
11852;6054;67;1;0;23.19
11853;6054;3;1;0;80.78
11854;6055;82;1;5;17.87
11855;6055;18;1;5;42.16
11856;6055;111;1;0;43.1
11857;6055;101;1;0;21.1
11858;6056;18;2;10;79.88
11859;6056;112;1;0;15.0
11860;6056;70;1;0;222.92
11861;6056;40;1;5;14.25
11862;6057;42;1;5;17.37
11863;6058;49;1;0;93.55
11864;6059;13;1;5;31.39
11865;6060;53;1;10;63.87
11866;6060;66;1;5;55.7
11867;6061;50;1;0;48.76
11868;6061;69;3;0;63.63
11869;6062;120;1;15;35.83
11870;6063;105;1;20;50.83
11871;6063;49;2;0;187.1
11872;6064;103;1;5;28.4
11873;6064;119;1;0;94.67
11874;6065;31;1;10;60.88
11875;6066;29;1;10;13.5
11876;6066;45;1;0;156.28
11877;6067;106;1;5;32.83
11878;6068;11;1;5;101.37
11879;6068;112;2;20;24.0
11880;6068;86;1;20;12.0
11881;6068;61;1;15;52.05
11882;6069;83;1;0;191.61
11883;6069;74;1;0;47.75
11884;6069;79;1;15;103.16
11885;6070;11;1;0;106.71
11886;6070;97;2;0;30.0
11887;6070;73;1;15;12.75
11888;6070;94;1;0;97.26
11889;6070;62;1;0;35.91
11890;6071;71;1;0;22.26
11891;6071;73;3;15;38.25
11892;6071;17;1;5;28.52
11893;6072;101;1;10;18.99
11894;6073;112;1;15;12.75
11895;6073;96;1;0;161.23
11896;6074;27;1;5;74.05
11897;6075;106;1;0;34.56
11898;6076;114;1;0;51.73
11899;6076;100;1;5;86.35
11900;6077;26;1;5;36.33
11901;6077;71;1;5;21.15
11902;6078;101;1;0;21.1
11903;6079;45;1;10;140.65
11904;6080;88;2;0;91.26
11905;6081;40;2;0;30.0
11906;6082;30;1;0;15.0
11907;6082;29;1;20;12.0
11908;6083;79;1;0;121.36
11909;6084;82;1;5;17.87
11910;6084;50;2;0;97.52
11911;6085;101;1;15;17.94
11912;6085;74;1;5;45.36
11913;6085;76;1;5;34.88
11914;6085;9;1;0;20.64
11915;6086;18;3;0;133.14
11916;6087;57;2;0;73.06
11917;6087;64;3;0;45.0
11918;6087;20;1;0;58.07
11919;6087;62;1;5;34.11
11920;6088;14;2;5;367.52
11921;6088;69;2;0;42.42
11922;6088;116;2;5;186.29
11923;6088;3;1;15;68.66
11924;6088;94;2;5;184.79
11925;6089;18;1;0;44.38
11926;6089;88;1;0;45.63
11927;6090;58;1;0;140.81
11928;6091;70;1;0;222.92
11929;6091;120;3;0;126.45
11930;6092;56;3;15;60.82
11931;6093;73;1;0;15.0
11932;6094;54;1;0;30.38
11933;6095;32;2;20;81.06
11934;6096;94;1;0;97.26
11935;6096;21;1;0;35.69
11936;6096;31;1;5;64.26
11937;6097;114;2;10;93.11
11938;6098;106;1;0;34.56
11939;6099;85;1;15;35.27
11940;6099;71;1;20;17.81
11941;6100;17;1;0;30.02
11942;6100;56;1;0;23.85
11943;6100;98;2;0;144.18
11944;6100;29;1;0;15.0
11945;6101;85;1;0;41.5
11946;6101;20;1;10;52.26
11947;6102;86;1;5;14.25
11948;6103;49;1;0;93.55
11949;6104;5;2;0;76.26
11950;6105;68;1;10;144.79
11951;6105;69;1;5;20.15
11952;6106;79;2;0;242.72
11953;6106;66;2;15;99.67
11954;6106;61;2;15;104.09
11955;6106;35;1;10;31.04
11956;6107;98;1;5;68.49
11957;6107;41;2;0;45.06
11958;6108;33;1;5;39.16
11959;6108;83;1;15;162.87
11960;6109;83;2;0;383.22
11961;6109;115;2;0;42.82
11962;6110;49;2;10;168.39
11963;6111;2;1;0;19.02
11964;6111;8;1;0;15.0
11965;6111;119;1;0;94.67
11966;6112;108;1;0;54.95
11967;6113;37;2;0;49.98
11968;6113;38;1;0;55.68
11969;6113;45;3;5;445.4
11970;6113;14;2;15;328.83
11971;6113;93;1;0;15.0
11972;6114;61;1;5;58.17
11973;6114;21;2;0;71.38
11974;6114;86;1;0;15.0
11975;6115;27;1;0;77.95
11976;6115;118;1;10;38.62
11977;6115;64;1;20;12.0
11978;6115;46;1;0;163.24
11979;6115;75;1;0;38.89
11980;6116;79;2;5;230.58
11981;6116;86;1;5;14.25
11982;6116;97;1;0;15.0
11983;6116;18;1;0;44.38
11984;6117;42;1;0;18.28
11985;6118;56;2;0;47.7
11986;6119;24;1;0;219.58
11987;6119;101;1;0;21.1
11988;6120;14;1;0;193.43
11989;6121;112;1;10;13.5
11990;6121;27;3;20;187.08
11991;6121;79;1;0;121.36
11992;6122;85;1;0;41.5
11993;6122;106;1;0;34.56
11994;6123;79;2;0;242.72
11995;6124;19;1;0;62.12
11996;6124;118;2;0;85.82
11997;6124;49;1;20;74.84
11998;6125;63;1;0;91.09
11999;6125;25;2;0;67.18
12000;6126;17;1;10;27.02
12001;6126;85;1;0;41.5
12002;6127;45;1;0;156.28
12003;6127;83;3;10;517.35
12004;6128;7;2;15;59.53
12005;6128;8;2;5;28.5
12006;6128;91;1;0;26.21
12007;6129;4;1;0;32.8
12008;6129;105;1;15;54.01
12009;6130;70;2;0;445.84
12010;6131;97;2;0;30.0
12011;6132;48;1;5;31.09
12012;6132;39;1;10;32.97
12013;6132;6;1;10;59.28
12014;6132;57;1;15;31.05
12015;6133;108;1;0;54.95
12016;6134;87;2;10;48.02
12017;6134;113;1;0;63.36
12018;6135;21;1;0;35.69
12019;6135;35;2;0;68.98
12020;6136;106;2;5;65.66
12021;6136;93;1;0;15.0
12022;6137;102;1;15;20.01
12023;6138;28;1;0;35.73
12024;6138;24;1;0;219.58
12025;6139;82;1;10;16.93
12026;6139;117;3;0;209.94
12027;6140;33;1;0;41.22
12028;6141;50;1;0;48.76
12029;6142;87;1;5;25.35
12030;6142;70;1;0;222.92
12031;6143;91;1;5;24.9
12032;6144;41;1;5;21.4
12033;6145;86;2;0;30.0
12034;6145;116;1;0;98.05
12035;6146;61;1;0;61.23
12036;6146;64;1;0;15.0
12037;6147;5;1;0;38.13
12038;6147;82;1;5;17.87
12039;6147;18;1;0;44.38
12040;6148;120;1;0;42.15
12041;6149;12;1;0;47.45
12042;6149;94;1;0;97.26
12043;6149;23;1;0;57.15
12044;6150;105;1;15;54.01
12045;6150;74;1;5;45.36
12046;6150;20;1;0;58.07
12047;6151;28;1;5;33.94
12048;6152;73;1;0;15.0
12049;6152;120;2;0;84.3
12050;6153;42;1;10;16.45
12051;6153;94;1;5;92.4
12052;6153;93;1;0;15.0
12053;6154;71;2;0;44.52
12054;6154;40;1;0;15.0
12055;6155;42;1;0;18.28
12056;6156;47;1;0;16.67
12057;6156;88;2;0;91.26
12058;6156;21;2;5;67.81
12059;6156;13;1;5;31.39
12060;6156;58;1;0;140.81
12061;6157;18;1;0;44.38
12062;6158;58;1;5;133.77
12063;6158;109;3;0;45.0
12064;6159;117;1;10;62.98
12065;6159;50;1;0;48.76
12066;6160;117;3;5;199.44
12067;6160;109;1;5;14.25
12068;6160;7;2;10;63.04
12069;6160;71;1;0;22.26
12070;6161;101;2;10;37.98
12071;6161;67;1;0;23.19
12072;6161;68;1;15;136.75
12073;6161;106;1;0;34.56
12074;6161;10;1;0;65.67
12075;6162;8;1;5;14.25
12076;6162;59;1;10;17.91
12077;6163;57;2;10;65.75
12078;6164;52;1;20;20.7
12079;6164;26;2;0;76.48
12080;6165;117;3;15;178.45
12081;6166;44;2;15;143.55
12082;6167;107;1;5;73.64
12083;6167;71;2;0;44.52
12084;6168;87;1;0;26.68
12085;6168;31;2;0;135.28
12086;6168;66;2;0;117.26
12087;6169;53;1;0;70.97
12088;6169;113;1;0;63.36
12089;6169;98;1;5;68.49
12090;6170;115;1;0;21.41
12091;6171;1;1;10;19.19
12092;6171;101;1;5;20.05
12093;6171;107;1;5;73.64
12094;6172;45;1;0;156.28
12095;6173;80;2;15;71.5
12096;6174;70;1;20;178.34
12097;6175;81;1;0;18.14
12098;6175;25;3;20;80.62
12099;6176;15;1;20;19.43
12100;6176;45;1;5;148.47
12101;6177;95;2;0;97.82
12102;6178;58;1;0;140.81
12103;6178;35;2;15;58.63
12104;6178;45;1;10;140.65
12105;6178;48;1;0;32.73
12106;6179;91;1;0;26.21
12107;6179;67;1;15;19.71
12108;6179;118;1;0;42.91
12109;6180;20;1;0;58.07
12110;6180;33;2;5;78.32
12111;6180;84;1;0;25.67
12112;6180;49;3;15;238.55
12113;6180;60;1;0;94.95
12114;6181;54;2;0;60.76
12115;6181;41;1;10;20.28
12116;6181;7;3;0;105.06
12117;6181;68;1;0;160.88
12118;6182;103;1;0;29.89
12119;6183;18;1;10;39.94
12120;6183;36;1;0;48.55
12121;6184;96;1;0;161.23
12122;6184;18;2;0;88.76
12123;6185;107;1;5;73.64
12124;6185;102;1;5;22.36
12125;6186;4;1;15;27.88
12126;6187;11;1;15;90.7
12127;6188;87;1;0;26.68
12128;6188;8;1;0;15.0
12129;6188;88;1;5;43.35
12130;6189;56;1;0;23.85
12131;6190;55;1;0;15.0
12132;6190;32;1;10;45.59
12133;6190;93;2;0;30.0
12134;6190;78;1;0;58.04
12135;6191;22;2;5;35.55
12136;6191;107;2;0;155.04
12137;6192;12;1;0;47.45
12138;6193;114;1;0;51.73
12139;6194;116;1;0;98.05
12140;6194;24;1;5;208.6
12141;6194;2;1;15;16.17
12142;6194;7;1;0;35.02
12143;6195;24;1;10;197.62
12144;6196;26;1;5;36.33
12145;6196;83;1;5;182.03
12146;6196;33;1;0;41.22
12147;6197;26;1;0;38.24
12148;6197;32;1;0;50.66
12149;6198;33;2;5;78.32
12150;6199;30;1;5;14.25
12151;6199;2;1;10;17.12
12152;6200;94;2;0;194.52
12153;6201;26;1;0;38.24
12154;6201;38;2;0;111.36
12155;6201;82;1;0;18.81
12156;6201;84;1;0;25.67
12157;6201;25;2;5;63.82
12158;6202;91;3;0;78.63
12159;6203;13;1;0;33.04
12160;6203;115;3;5;61.02
12161;6203;101;1;10;18.99
12162;6203;102;2;20;37.66
12163;6204;22;2;0;37.42
12164;6204;45;1;5;148.47
12165;6204;114;2;10;93.11
12166;6205;114;1;0;51.73
12167;6206;78;1;0;58.04
12168;6207;100;1;0;90.89
12169;6208;74;1;10;42.98
12170;6208;53;1;15;60.32
12171;6208;46;1;0;163.24
12172;6209;98;1;0;72.09
12173;6209;107;2;0;155.04
12174;6210;22;1;0;18.71
12175;6211;30;2;5;28.5
12176;6211;98;1;15;61.28
12177;6211;5;1;0;38.13
12178;6212;112;1;0;15.0
12179;6212;65;1;10;44.16
12180;6213;51;1;0;153.28
12181;6214;101;1;0;21.1
12182;6214;15;1;0;24.29
12183;6214;35;1;0;34.49
12184;6215;2;1;5;18.07
12185;6216;42;1;0;18.28
12186;6216;18;1;0;44.38
12187;6217;13;1;20;26.43
12188;6217;36;1;0;48.55
12189;6217;19;3;0;186.36
12190;6217;112;1;0;15.0
12191;6218;72;1;5;127.83
12192;6218;40;1;10;13.5
12193;6219;97;1;15;12.75
12194;6220;114;1;0;51.73
12195;6220;65;1;5;46.62
12196;6220;47;2;0;33.34
12197;6221;35;3;15;87.95
12198;6222;110;1;0;83.15
12199;6223;67;1;5;22.03
12200;6223;60;1;0;94.95
12201;6223;2;2;0;38.04
12202;6223;31;1;10;60.88
12203;6224;9;1;0;20.64
12204;6224;53;1;0;70.97
12205;6224;74;1;0;47.75
12206;6225;56;1;0;23.85
12207;6225;99;1;0;27.15
12208;6226;44;1;0;84.44
12209;6226;85;1;20;33.2
12210;6226;45;1;0;156.28
12211;6226;109;1;0;15.0
12212;6227;36;1;0;48.55
12213;6227;49;1;0;93.55
12214;6227;13;1;15;28.08
12215;6228;1;1;5;20.25
12216;6228;78;1;0;58.04
12217;6229;97;1;0;15.0
12218;6229;9;1;10;18.58
12219;6229;14;2;0;386.86
12220;6229;4;1;10;29.52
12221;6230;8;3;20;36.0
12222;6230;100;1;0;90.89
12223;6230;70;1;0;222.92
12224;6230;69;1;10;19.09
12225;6231;19;1;20;49.7
12226;6231;77;1;5;14.25
12227;6232;21;2;0;71.38
12228;6232;95;1;0;48.91
12229;6233;85;1;0;41.5
12230;6233;75;1;5;36.95
12231;6233;53;1;5;67.42
12232;6234;68;1;5;152.84
12233;6234;45;2;15;265.68
12234;6235;92;1;0;146.56
12235;6236;69;1;20;16.97
12236;6236;108;1;0;54.95
12237;6237;30;1;20;12.0
12238;6237;54;1;0;30.38
12239;6238;81;1;5;17.23
12240;6238;106;1;10;31.1
12241;6239;91;1;0;26.21
12242;6239;79;1;15;103.16
12243;6239;53;1;0;70.97
12244;6239;24;2;0;439.16
12245;6240;35;1;0;34.49
12246;6240;22;1;10;16.84
12247;6241;29;1;0;15.0
12248;6242;87;1;10;24.01
12249;6243;100;1;5;86.35
12250;6244;70;1;5;211.77
12251;6245;18;1;0;44.38
12252;6245;57;1;0;36.53
12253;6245;8;1;0;15.0
12254;6245;54;1;0;30.38
12255;6246;100;2;0;181.78
12256;6247;76;3;0;110.16
12257;6247;92;1;0;146.56
12258;6248;111;1;0;43.1
12259;6249;108;1;0;54.95
12260;6249;5;2;0;76.26
12261;6250;45;2;10;281.3
12262;6250;22;1;0;18.71
12263;6250;15;1;0;24.29
12264;6250;12;1;0;47.45
12265;6250;97;2;20;24.0
12266;6251;52;3;0;77.64
12267;6251;35;1;5;32.77
12268;6252;54;1;0;30.38
12269;6252;120;3;10;113.8
12270;6252;21;1;0;35.69
12271;6253;61;2;0;122.46
12272;6253;10;1;15;55.82
12273;6254;32;3;0;151.98
12274;6255;41;2;0;45.06
12275;6255;40;2;15;25.5
12276;6255;62;1;5;34.11
12277;6256;3;1;0;80.78
12278;6256;31;2;5;128.52
12279;6257;79;1;0;121.36
12280;6258;4;1;0;32.8
12281;6259;95;1;0;48.91
12282;6260;36;2;0;97.1
12283;6260;5;1;0;38.13
12284;6260;105;1;0;63.54
12285;6260;72;3;0;403.68
12286;6260;65;1;0;49.07
12287;6261;19;1;0;62.12
12288;6262;62;1;0;35.91
12289;6263;51;1;0;153.28
12290;6264;101;1;0;21.1
12291;6265;56;1;10;21.47
12292;6265;77;3;0;45.0
12293;6265;8;1;0;15.0
12294;6266;93;1;0;15.0
12295;6267;66;1;5;55.7
12296;6267;108;2;0;109.9
12297;6267;78;1;20;46.43
12298;6267;36;2;5;92.24
12299;6267;60;1;0;94.95
12300;6268;94;1;10;87.53
12301;6269;48;1;0;32.73
12302;6270;97;1;5;14.25
12303;6270;82;3;10;50.79
12304;6271;47;2;10;30.01
12305;6271;111;1;0;43.1
12306;6272;25;1;5;31.91
12307;6272;110;2;0;166.3
12308;6273;28;1;0;35.73
12309;6273;17;1;20;24.02
12310;6274;32;2;5;96.25
12311;6274;52;1;0;25.88
12312;6274;60;1;5;90.2
12313;6275;113;1;0;63.36
12314;6275;39;1;0;36.63
12315;6275;83;1;0;191.61
12316;6276;48;1;5;31.09
12317;6276;86;1;15;12.75
12318;6277;118;2;20;68.66
12319;6278;58;1;0;140.81
12320;6278;50;3;0;146.28
12321;6278;4;1;5;31.16
12322;6279;86;2;5;28.5
12323;6280;25;1;0;33.59
12324;6280;97;1;0;15.0
12325;6280;88;3;0;136.89
12326;6281;31;1;0;67.64
12327;6281;118;2;5;81.53
12328;6282;105;3;15;162.03
12329;6283;41;1;0;22.53
12330;6283;76;3;5;104.65
12331;6284;95;1;15;41.57
12332;6285;71;1;0;22.26
12333;6285;102;1;5;22.36
12334;6286;82;2;0;37.62
12335;6286;46;2;0;326.48
12336;6286;109;2;10;27.0
12337;6287;24;1;5;208.6
12338;6287;113;2;10;114.05
12339;6287;44;2;0;168.88
12340;6287;79;2;5;230.58
12341;6287;42;1;5;17.37
12342;6288;51;2;5;291.23
12343;6288;21;1;10;32.12
12344;6288;98;3;10;194.64
12345;6288;107;2;0;155.04
12346;6288;48;2;10;58.91
12347;6289;21;1;0;35.69
12348;6289;2;1;5;18.07
12349;6290;29;2;0;30.0
12350;6291;60;2;0;189.9
12351;6291;37;1;0;24.99
12352;6291;92;1;10;131.9
12353;6291;70;1;5;211.77
12354;6291;102;1;0;23.54
12355;6292;42;2;0;36.56
12356;6293;23;1;10;51.44
12357;6294;39;2;0;73.26
12358;6294;6;1;5;62.58
12359;6295;102;2;5;44.73
12360;6296;5;1;5;36.22
12361;6297;41;1;5;21.4
12362;6297;10;1;20;52.54
12363;6298;73;1;20;12.0
12364;6298;104;1;15;12.75
12365;6298;99;2;0;54.3
12366;6298;86;3;0;45.0
12367;6299;78;2;5;110.28
12368;6300;5;2;0;76.26
12369;6300;2;1;10;17.12
12370;6301;10;1;0;65.67
12371;6302;109;1;10;13.5
12372;6303;60;2;0;189.9
12373;6303;93;1;5;14.25
12374;6304;109;2;10;27.0
12375;6305;76;1;15;31.21
12376;6305;65;1;5;46.62
12377;6305;111;1;10;38.79
12378;6306;10;1;15;55.82
12379;6307;86;1;0;15.0
12380;6307;37;1;5;23.74
12381;6307;78;2;0;116.08
12382;6308;78;1;0;58.04
12383;6309;36;2;0;97.1
12384;6310;64;1;5;14.25
12385;6310;79;1;0;121.36
12386;6310;43;1;10;99.17
12387;6311;101;1;10;18.99
12388;6311;3;2;0;161.56
12389;6312;44;1;0;84.44
12390;6312;102;1;0;23.54
12391;6313;117;1;0;69.98
12392;6313;29;1;0;15.0
12393;6313;19;1;0;62.12
12394;6314;102;2;0;47.08
12395;6315;23;1;0;57.15
12396;6316;3;1;0;80.78
12397;6316;61;1;0;61.23
12398;6316;28;1;15;30.37
12399;6317;46;1;10;146.92
12400;6317;98;2;0;144.18
12401;6318;56;1;10;21.47
12402;6318;42;1;10;16.45
12403;6319;103;1;15;25.41
12404;6319;55;1;10;13.5
12405;6320;79;2;5;230.58
12406;6321;5;2;0;76.26
12407;6322;113;1;0;63.36
12408;6323;100;1;15;77.26
12409;6324;74;2;5;90.72
12410;6324;13;1;5;31.39
12411;6324;103;1;0;29.89
12412;6324;41;3;15;57.45
12413;6325;64;1;0;15.0
12414;6325;96;1;10;145.11
12415;6326;14;1;0;193.43
12416;6327;18;1;10;39.94
12417;6327;82;1;0;18.81
12418;6327;116;1;0;98.05
12419;6328;53;1;0;70.97
12420;6328;56;1;0;23.85
12421;6329;13;1;0;33.04
12422;6330;94;1;0;97.26
12423;6330;98;1;0;72.09
12424;6331;120;1;0;42.15
12425;6331;31;1;0;67.64
12426;6332;25;3;5;95.73
12427;6332;5;1;10;34.32
12428;6333;1;2;0;42.64
12429;6333;94;1;10;87.53
12430;6333;46;1;5;155.08
12431;6333;38;1;15;47.33
12432;6334;21;1;20;28.55
12433;6334;65;2;5;93.23
12434;6334;113;1;0;63.36
12435;6334;81;1;5;17.23
12436;6335;15;1;0;24.29
12437;6335;59;1;0;19.9
12438;6335;76;1;0;36.72
12439;6335;44;1;0;84.44
12440;6335;52;1;5;24.59
12441;6336;58;1;15;119.69
12442;6337;77;1;0;15.0
12443;6337;68;1;15;136.75
12444;6337;24;1;0;219.58
12445;6337;38;1;0;55.68
12446;6337;69;1;0;21.21
12447;6338;50;1;10;43.88
12448;6339;14;1;0;193.43
12449;6340;46;1;0;163.24
12450;6340;56;1;5;22.66
12451;6341;20;2;0;116.14
12452;6342;5;2;20;61.01
12453;6343;111;2;0;86.2
12454;6343;105;2;10;114.37
12455;6344;45;1;15;132.84
12456;6344;90;2;0;97.28
12457;6344;11;1;0;106.71
12458;6345;90;2;0;97.28
12459;6346;80;1;10;37.85
12460;6346;57;1;10;32.88
12461;6346;110;1;0;83.15
12462;6346;16;1;5;35.47
12463;6347;72;1;0;134.56
12464;6347;60;1;10;85.45
12465;6348;33;1;0;41.22
12466;6348;84;1;0;25.67
12467;6348;111;1;15;36.63
12468;6348;97;2;5;28.5
12469;6349;37;1;0;24.99
12470;6349;21;1;0;35.69
12471;6350;116;1;0;98.05
12472;6351;85;1;0;41.5
12473;6351;103;1;0;29.89
12474;6352;118;1;10;38.62
12475;6353;16;1;5;35.47
12476;6354;15;1;15;20.65
12477;6354;75;1;10;35.0
12478;6355;52;1;0;25.88
12479;6355;35;1;5;32.77
12480;6355;71;1;5;21.15
12481;6356;116;1;5;93.15
12482;6357;72;1;0;134.56
12483;6357;96;1;15;137.05
12484;6358;31;1;10;60.88
12485;6358;14;1;0;193.43
12486;6358;44;1;0;84.44
12487;6358;48;1;0;32.73
12488;6359;4;3;0;98.4
12489;6359;109;1;20;12.0
12490;6360;9;1;0;20.64
12491;6360;1;3;5;60.76
12492;6360;37;1;0;24.99
12493;6360;48;1;0;32.73
12494;6361;67;1;15;19.71
12495;6361;82;1;0;18.81
12496;6362;42;1;0;18.28
12497;6362;69;1;5;20.15
12498;6362;112;1;0;15.0
12499;6363;81;2;0;36.28
12500;6364;48;1;0;32.73
12501;6365;111;1;5;40.95
12502;6366;86;1;0;15.0
12503;6366;103;2;0;59.78
12504;6367;41;2;5;42.81
12505;6368;86;1;0;15.0
12506;6369;79;1;0;121.36
12507;6369;67;1;0;23.19
12508;6369;109;1;10;13.5
12509;6370;15;1;0;24.29
12510;6370;110;1;20;66.52
12511;6370;82;1;0;18.81
12512;6370;1;3;5;60.76
12513;6371;101;1;0;21.1
12514;6372;95;2;5;92.93
12515;6373;4;1;0;32.8
12516;6374;88;2;0;91.26
12517;6374;37;1;0;24.99
12518;6374;102;3;0;70.62
12519;6374;49;1;20;74.84
12520;6375;21;1;0;35.69
12521;6375;117;1;20;55.98
12522;6375;15;1;5;23.08
12523;6375;50;1;0;48.76
12524;6376;84;1;5;24.39
12525;6376;41;2;5;42.81
12526;6377;32;1;15;43.06
12527;6377;25;1;5;31.91
12528;6377;72;1;0;134.56
12529;6378;114;1;0;51.73
12530;6378;49;2;15;159.03
12531;6379;49;1;5;88.87
12532;6379;30;1;10;13.5
12533;6380;116;1;0;98.05
12534;6380;120;1;0;42.15
12535;6381;76;1;5;34.88
12536;6382;115;1;0;21.41
12537;6382;36;2;0;97.1
12538;6382;2;1;10;17.12
12539;6383;96;1;0;161.23
12540;6384;67;1;0;23.19
12541;6384;45;2;5;296.93
12542;6384;98;1;0;72.09
12543;6385;41;1;0;22.53
12544;6386;36;1;0;48.55
12545;6387;44;1;5;80.22
12546;6387;73;1;10;13.5
12547;6387;54;1;15;25.82
12548;6387;18;1;10;39.94
12549;6388;61;1;0;61.23
12550;6388;3;1;5;76.74
12551;6389;49;1;0;93.55
12552;6389;83;1;5;182.03
12553;6390;12;1;0;47.45
12554;6390;49;2;0;187.1
12555;6390;28;2;0;71.46
12556;6390;80;1;10;37.85
12557;6391;40;1;0;15.0
12558;6392;68;1;0;160.88
12559;6392;43;2;0;220.38
12560;6393;8;1;0;15.0
12561;6394;1;2;0;42.64
12562;6394;52;3;15;65.99
12563;6394;13;1;0;33.04
12564;6395;58;1;5;133.77
12565;6396;1;1;0;21.32
12566;6397;42;1;0;18.28
12567;6397;98;1;0;72.09
12568;6398;1;1;0;21.32
12569;6398;39;2;0;73.26
12570;6399;115;1;15;18.2
12571;6400;120;1;0;42.15
12572;6400;11;1;0;106.71
12573;6400;114;1;0;51.73
12574;6401;53;1;0;70.97
12575;6401;63;2;0;182.18
12576;6401;16;3;15;95.22
12577;6402;12;1;0;47.45
12578;6402;37;1;0;24.99
12579;6403;28;1;20;28.58
12580;6404;62;1;0;35.91
12581;6404;73;1;0;15.0
12582;6404;17;1;5;28.52
12583;6404;64;1;5;14.25
12584;6405;117;1;0;69.98
12585;6405;3;1;20;64.62
12586;6405;72;3;0;403.68
12587;6405;64;1;0;15.0
12588;6405;65;2;0;98.14
12589;6406;85;2;0;83.0
12590;6406;43;1;0;110.19
12591;6407;16;3;0;112.02
12592;6407;107;1;15;65.89
12593;6407;105;2;10;114.37
12594;6407;34;1;20;17.06
12595;6408;37;2;5;47.48
12596;6408;74;1;0;47.75
12597;6408;18;1;0;44.38
12598;6408;28;1;0;35.73
12599;6409;118;2;20;68.66
12600;6409;43;2;0;220.38
12601;6409;108;1;10;49.46
12602;6409;90;2;0;97.28
12603;6410;97;1;0;15.0
12604;6410;85;1;5;39.42
12605;6411;11;1;0;106.71
12606;6411;14;1;15;164.42
12607;6412;120;2;0;84.3
12608;6412;37;2;10;44.98
12609;6412;9;1;20;16.51
12610;6412;68;1;10;144.79
12611;6412;41;1;5;21.4
12612;6413;30;1;0;15.0
12613;6414;30;1;15;12.75
12614;6415;109;1;15;12.75
12615;6415;52;1;20;20.7
12616;6416;115;1;5;20.34
12617;6417;115;2;0;42.82
12618;6418;33;2;0;82.44
12619;6419;46;3;0;489.72
12620;6419;106;1;0;34.56
12621;6420;55;1;5;14.25
12622;6420;47;2;0;33.34
12623;6420;9;1;5;19.61
12624;6420;63;3;0;273.27
12625;6421;26;1;0;38.24
12626;6422;2;1;5;18.07
12627;6423;35;3;0;103.47
12628;6424;49;1;0;93.55
12629;6424;55;3;0;45.0
12630;6425;39;2;0;73.26
12631;6425;40;1;0;15.0
12632;6425;53;1;5;67.42
12633;6426;102;1;20;18.83
12634;6427;113;1;0;63.36
12635;6428;70;1;5;211.77
12636;6429;9;1;20;16.51
12637;6430;93;1;0;15.0
12638;6431;107;2;5;147.29
12639;6431;15;2;0;48.58
12640;6432;59;1;10;17.91
12641;6432;105;1;15;54.01
12642;6433;115;1;5;20.34
12643;6434;76;1;0;36.72
12644;6434;37;3;0;74.97
12645;6434;71;1;0;22.26
12646;6434;9;1;0;20.64
12647;6434;41;1;0;22.53
12648;6435;5;1;10;34.32
12649;6435;91;2;0;52.42
12650;6436;67;2;10;41.74
12651;6437;20;1;10;52.26
12652;6438;106;1;0;34.56
12653;6439;5;1;15;32.41
12654;6440;100;1;15;77.26
12655;6440;27;1;10;70.16
12656;6441;80;1;10;37.85
12657;6442;90;1;0;48.64
12658;6443;27;2;5;148.1
12659;6443;85;1;0;41.5
12660;6443;96;1;0;161.23
12661;6443;76;1;5;34.88
12662;6444;15;1;10;21.86
12663;6445;56;1;10;21.47
12664;6445;76;1;0;36.72
12665;6445;37;1;20;19.99
12666;6445;82;2;10;33.86
12667;6445;111;1;0;43.1
12668;6446;13;1;15;28.08
12669;6447;47;1;0;16.67
12670;6448;71;1;0;22.26
12671;6448;45;2;15;265.68
12672;6449;93;1;0;15.0
12673;6449;47;1;15;14.17
12674;6450;54;1;20;24.3
12675;6451;73;1;10;13.5
12676;6451;63;1;0;91.09
12677;6451;104;2;10;27.0
12678;6452;97;1;0;15.0
12679;6453;32;1;0;50.66
12680;6453;46;1;5;155.08
12681;6454;5;2;0;76.26
12682;6455;66;1;0;58.63
12683;6456;82;1;0;18.81
12684;6456;63;1;5;86.54
12685;6456;19;1;5;59.01
12686;6456;36;1;15;41.27
12687;6457;11;1;0;106.71
12688;6457;1;1;5;20.25
12689;6458;97;2;0;30.0
12690;6459;85;1;0;41.5
12691;6460;72;1;0;134.56
12692;6460;30;1;0;15.0
12693;6461;92;1;10;131.9
12694;6461;94;1;0;97.26
12695;6461;88;1;20;36.5
12696;6461;69;1;5;20.15
12697;6461;2;2;5;36.14
12698;6462;52;1;10;23.29
12699;6462;89;3;15;52.94
12700;6463;2;1;5;18.07
12701;6464;58;1;20;112.65
12702;6465;23;1;0;57.15
12703;6465;108;1;0;54.95
12704;6465;70;1;0;222.92
12705;6466;57;1;0;36.53
12706;6467;55;1;0;15.0
12707;6467;3;1;0;80.78
12708;6468;38;1;0;55.68
12709;6468;86;3;0;45.0
12710;6468;2;1;0;19.02
12711;6469;108;1;0;54.95
12712;6469;80;1;0;42.06
12713;6470;103;1;5;28.4
12714;6470;52;1;0;25.88
12715;6470;93;1;0;15.0
12716;6471;39;1;0;36.63
12717;6472;83;1;10;172.45
12718;6472;45;2;0;312.56
12719;6472;97;1;0;15.0
12720;6472;6;1;5;62.58
12721;6473;114;1;15;43.97
12722;6473;67;1;5;22.03
12723;6473;108;1;0;54.95
12724;6473;38;1;0;55.68
12725;6474;36;3;0;145.65
12726;6474;40;1;15;12.75
12727;6475;76;1;0;36.72
12728;6475;24;3;0;658.74
12729;6475;102;1;10;21.19
12730;6476;95;1;0;48.91
12731;6476;9;1;0;20.64
12732;6476;18;1;5;42.16
12733;6477;75;2;0;77.78
12734;6477;4;1;10;29.52
12735;6478;69;2;0;42.42
12736;6478;44;1;0;84.44
12737;6479;104;1;15;12.75
12738;6480;83;1;20;153.29
12739;6480;35;1;5;32.77
12740;6480;87;2;0;53.36
12741;6480;81;2;10;32.65
12742;6481;42;2;0;36.56
12743;6482;51;2;5;291.23
12744;6482;49;3;20;224.52
12745;6482;33;2;10;74.2
12746;6483;65;1;0;49.07
12747;6483;46;2;0;326.48
12748;6483;92;1;0;146.56
12749;6484;112;2;0;30.0
12750;6485;53;1;0;70.97
12751;6486;69;1;20;16.97
12752;6487;22;2;10;33.68
12753;6487;20;1;5;55.17
12754;6488;45;1;5;148.47
12755;6488;5;1;5;36.22
12756;6489;5;1;0;38.13
12757;6489;84;1;0;25.67
12758;6490;52;1;0;25.88
12759;6490;25;1;10;30.23
12760;6490;38;1;0;55.68
12761;6491;33;1;0;41.22
12762;6491;46;1;0;163.24
12763;6492;39;1;0;36.63
12764;6493;17;1;0;30.02
12765;6494;57;2;5;69.41
12766;6494;80;1;5;39.96
12767;6495;52;1;0;25.88
12768;6496;72;1;0;134.56
12769;6496;51;1;5;145.62
12770;6496;22;2;5;35.55
12771;6496;111;1;0;43.1
12772;6496;114;1;0;51.73
12773;6497;10;2;10;118.21
12774;6498;27;2;5;148.1
12775;6499;82;1;0;18.81
12776;6500;24;3;15;559.93
12777;6501;7;1;0;35.02
12778;6501;49;1;10;84.19
12779;6502;91;1;0;26.21
12780;6503;36;1;0;48.55
12781;6503;109;1;15;12.75
12782;6503;62;1;5;34.11
12783;6504;112;1;0;15.0
12784;6505;75;1;5;36.95
12785;6505;84;1;0;25.67
12786;6506;63;1;0;91.09
12787;6506;37;1;0;24.99
12788;6507;3;1;0;80.78
12789;6508;98;1;0;72.09
12790;6509;56;1;15;20.27
12791;6510;59;1;0;19.9
12792;6510;82;1;10;16.93
12793;6510;25;1;0;33.59
12794;6511;38;2;0;111.36
12795;6511;31;1;0;67.64
12796;6512;39;1;20;29.3
12797;6513;81;1;5;17.23
12798;6513;112;1;0;15.0
12799;6513;94;1;5;92.4
12800;6513;57;3;0;109.59
12801;6514;65;2;15;83.42
12802;6514;17;2;10;54.04
12803;6515;20;1;0;58.07
12804;6515;3;2;0;161.56
12805;6515;41;1;20;18.02
12806;6516;9;1;0;20.64
12807;6516;78;1;5;55.14
12808;6516;44;2;15;143.55
12809;6517;107;2;0;155.04
12810;6518;47;1;0;16.67
12811;6519;99;2;10;48.87
12812;6519;42;1;0;18.28
12813;6520;100;3;0;272.67
12814;6520;66;1;5;55.7
12815;6520;113;1;5;60.19
12816;6520;50;1;0;48.76
12817;6521;11;1;5;101.37
12818;6521;62;1;0;35.91
12819;6522;75;1;0;38.89
12820;6523;75;1;15;33.06
12821;6523;88;1;5;43.35
12822;6523;6;1;0;65.87
12823;6524;28;1;0;35.73
12824;6525;69;3;0;63.63
12825;6526;87;1;15;22.68
12826;6527;33;2;5;78.32
12827;6528;116;1;0;98.05
12828;6528;98;1;0;72.09
12829;6529;14;1;0;193.43
12830;6529;36;2;0;97.1
12831;6530;28;1;20;28.58
12832;6530;71;1;0;22.26
12833;6530;100;1;20;72.71
12834;6531;53;1;0;70.97
12835;6532;46;1;20;130.59
12836;6533;38;1;10;50.11
12837;6533;112;1;0;15.0
12838;6534;105;1;5;60.36
12839;6534;119;1;10;85.2
12840;6535;77;1;0;15.0
12841;6536;39;2;0;73.26
12842;6537;91;3;0;78.63
12843;6538;34;2;10;38.39
12844;6539;14;1;15;164.42
12845;6540;65;2;5;93.23
12846;6540;100;1;5;86.35
12847;6540;42;1;5;17.37
12848;6540;79;1;10;109.22
12849;6541;30;1;20;12.0
12850;6541;69;1;0;21.21
12851;6541;112;1;10;13.5
12852;6541;31;1;0;67.64
12853;6542;31;1;0;67.64
12854;6543;52;3;0;77.64
12855;6543;9;3;0;61.92
12856;6544;60;1;20;75.96
12857;6544;3;1;0;80.78
12858;6544;5;1;0;38.13
12859;6544;65;1;5;46.62
12860;6545;73;1;5;14.25
12861;6546;30;1;0;15.0
12862;6547;17;1;0;30.02
12863;6547;47;1;0;16.67
12864;6548;59;2;0;39.8
12865;6548;41;1;5;21.4
12866;6549;109;1;5;14.25
12867;6550;66;1;5;55.7
12868;6550;118;1;0;42.91
12869;6550;116;2;0;196.1
12870;6550;85;1;0;41.5
12871;6551;82;1;5;17.87
12872;6552;47;1;10;15.0
12873;6553;87;1;20;21.34
12874;6554;19;3;0;186.36
12875;6555;67;1;10;20.87
12876;6556;88;1;0;45.63
12877;6557;24;1;5;208.6
12878;6558;69;2;5;40.3
12879;6558;68;1;0;160.88
12880;6558;96;2;0;322.46
12881;6559;42;1;0;18.28
12882;6560;91;1;5;24.9
12883;6561;4;1;15;27.88
12884;6562;94;1;0;97.26
12885;6562;95;1;0;48.91
12886;6563;75;1;0;38.89
12887;6564;28;1;0;35.73
12888;6565;1;1;0;21.32
12889;6565;114;1;0;51.73
12890;6565;79;2;5;230.58
12891;6565;39;1;0;36.63
12892;6566;51;1;0;153.28
12893;6567;74;1;0;47.75
12894;6567;22;2;0;37.42
12895;6568;60;1;15;80.71
12896;6569;58;2;5;267.54
12897;6570;101;1;0;21.1
12898;6571;30;1;0;15.0
12899;6572;79;1;20;97.09
12900;6572;31;1;15;57.49
12901;6572;36;3;0;145.65
12902;6573;71;1;10;20.03
12903;6574;103;1;10;26.9
12904;6575;8;1;5;14.25
12905;6576;71;1;10;20.03
12906;6576;51;1;0;153.28
12907;6576;2;1;0;19.02
12908;6576;52;1;5;24.59
12909;6576;69;1;0;21.21
12910;6577;57;2;5;69.41
12911;6577;52;1;0;25.88
12912;6578;60;1;0;94.95
12913;6578;4;1;5;31.16
12914;6579;82;3;15;47.97
12915;6580;4;1;0;32.8
12916;6581;88;3;10;123.2
12917;6581;120;1;0;42.15
12918;6581;9;1;5;19.61
12919;6581;72;3;0;403.68
12920;6582;116;1;15;83.34
12921;6583;80;1;15;35.75
12922;6583;68;1;5;152.84
12923;6583;48;1;5;31.09
12924;6584;60;2;0;189.9
12925;6585;77;1;10;13.5
12926;6586;92;1;0;146.56
12927;6587;17;1;0;30.02
12928;6588;108;1;5;52.2
12929;6588;54;1;5;28.86
12930;6589;72;2;5;255.66
12931;6590;82;1;10;16.93
12932;6590;49;1;0;93.55
12933;6591;30;1;0;15.0
12934;6592;88;1;10;41.07
12935;6592;78;1;5;55.14
12936;6593;72;1;10;121.1
12937;6593;120;1;0;42.15
12938;6594;57;1;10;32.88
12939;6594;19;1;0;62.12
12940;6595;56;1;0;23.85
12941;6595;61;2;0;122.46
12942;6596;105;1;0;63.54
12943;6596;52;1;0;25.88
12944;6597;114;1;5;49.14
12945;6597;57;1;5;34.7
12946;6598;22;1;0;18.71
12947;6598;52;1;0;25.88
12948;6599;110;1;0;83.15
12949;6600;26;3;5;108.98
12950;6601;108;1;5;52.2
12951;6601;31;1;5;64.26
12952;6602;48;1;0;32.73
12953;6602;34;1;0;21.33
12954;6602;70;1;5;211.77
12955;6603;55;1;5;14.25
12956;6603;80;1;15;35.75
12957;6603;60;1;10;85.45
12958;6604;105;1;5;60.36
12959;6605;100;2;5;172.69
12960;6606;114;1;0;51.73
12961;6607;95;2;0;97.82
12962;6608;40;2;0;30.0
12963;6608;31;1;0;67.64
12964;6609;104;1;0;15.0
12965;6609;25;1;5;31.91
12966;6610;61;1;0;61.23
12967;6611;36;1;15;41.27
12968;6611;9;1;0;20.64
12969;6611;15;1;0;24.29
12970;6612;54;1;15;25.82
12971;6613;39;1;0;36.63
12972;6613;116;1;0;98.05
12973;6614;1;1;0;21.32
12974;6615;69;1;15;18.03
12975;6616;32;1;0;50.66
12976;6617;44;1;5;80.22
12977;6618;83;1;0;191.61
12978;6618;45;1;20;125.02
12979;6618;109;1;10;13.5
12980;6619;88;2;0;91.26
12981;6620;101;2;5;40.09
12982;6620;110;1;0;83.15
12983;6621;114;1;0;51.73
12984;6622;90;3;0;145.92
12985;6622;81;1;0;18.14
12986;6623;64;1;5;14.25
12987;6623;87;1;10;24.01
12988;6624;47;1;0;16.67
12989;6625;87;1;0;26.68
12990;6626;14;1;5;183.76
12991;6626;82;1;10;16.93
12992;6626;22;1;0;18.71
12993;6626;68;1;0;160.88
12994;6627;96;1;10;145.11
12995;6627;92;1;0;146.56
12996;6628;2;1;0;19.02
12997;6629;42;1;20;14.62
12998;6629;84;1;20;20.54
12999;6630;67;2;5;44.06
13000;6630;18;2;10;79.88
13001;6631;65;1;0;49.07
13002;6631;31;1;0;67.64
13003;6631;78;3;15;148.0
13004;6631;90;1;5;46.21
13005;6631;89;1;0;20.76
13006;6632;50;1;0;48.76
13007;6633;83;1;0;191.61
13008;6633;63;1;0;91.09
13009;6634;73;1;0;15.0
13010;6635;110;2;20;133.04
13011;6635;40;1;0;15.0
13012;6636;58;1;0;140.81
13013;6636;49;1;10;84.19
13014;6637;75;2;5;73.89
13015;6638;28;1;0;35.73
13016;6638;34;1;0;21.33
13017;6638;46;1;0;163.24
13018;6639;10;2;0;131.34
13019;6639;14;1;0;193.43
13020;6640;68;1;0;160.88
13021;6640;4;1;0;32.8
13022;6640;47;1;10;15.0
13023;6640;7;3;5;99.81
13024;6641;116;1;0;98.05
13025;6642;23;1;0;57.15
13026;6642;68;1;10;144.79
13027;6643;117;2;0;139.96
13028;6644;48;1;0;32.73
13029;6644;83;2;0;383.22
13030;6645;108;1;5;52.2
13031;6645;110;1;0;83.15
13032;6645;61;1;20;48.98
13033;6646;56;1;0;23.85
13034;6647;64;1;5;14.25
13035;6648;109;1;20;12.0
13036;6649;43;2;5;209.36
13037;6650;63;2;0;182.18
13038;6650;96;1;15;137.05
13039;6651;3;1;5;76.74
13040;6651;21;1;0;35.69
13041;6651;37;1;5;23.74
13042;6652;104;1;0;15.0
13043;6652;30;2;0;30.0
13044;6652;48;2;0;65.46
13045;6653;61;1;0;61.23
13046;6654;23;1;0;57.15
13047;6654;120;1;0;42.15
13048;6654;88;2;0;91.26
13049;6654;65;1;5;46.62
13050;6655;57;1;20;29.22
13051;6655;107;1;0;77.52
13052;6656;1;2;10;38.38
13053;6656;111;1;0;43.1
13054;6657;98;2;0;144.18
13055;6657;1;1;0;21.32
13056;6658;32;1;0;50.66
13057;6659;87;3;0;80.04
13058;6660;49;1;10;84.19
13059;6660;117;1;0;69.98
13060;6661;92;1;0;146.56
13061;6662;44;1;0;84.44
13062;6663;9;1;5;19.61
13063;6663;11;1;5;101.37
13064;6663;47;2;10;30.01
13065;6664;28;1;0;35.73
13066;6664;33;1;0;41.22
13067;6664;108;1;0;54.95
13068;6665;95;1;15;41.57
13069;6665;90;2;0;97.28
13070;6666;58;2;15;239.38
13071;6666;86;2;0;30.0
13072;6667;7;1;5;33.27
13073;6668;55;3;10;40.5
13074;6668;112;2;5;28.5
13075;6669;75;1;10;35.0
13076;6669;106;1;15;29.38
13077;6669;71;1;0;22.26
13078;6670;91;2;0;52.42
13079;6671;115;1;0;21.41
13080;6671;33;1;10;37.1
13081;6672;94;1;20;77.81
13082;6673;16;1;0;37.34
13083;6674;103;2;0;59.78
13084;6674;9;1;0;20.64
13085;6674;4;1;15;27.88
13086;6674;94;2;5;184.79
13087;6674;117;2;0;139.96
13088;6675;37;1;0;24.99
13089;6676;79;1;0;121.36
13090;6676;14;2;15;328.83
13091;6676;4;1;0;32.8
13092;6677;99;2;0;54.3
13093;6678;1;1;5;20.25
13094;6679;80;1;15;35.75
13095;6679;79;1;0;121.36
13096;6680;104;1;0;15.0
13097;6680;50;3;0;146.28
13098;6680;23;1;10;51.44
13099;6681;25;1;0;33.59
13100;6681;64;2;0;30.0
13101;6681;20;1;5;55.17
13102;6682;40;1;0;15.0
13103;6683;112;1;0;15.0
13104;6684;47;1;0;16.67
13105;6684;18;2;10;79.88
13106;6684;105;1;0;63.54
13107;6685;41;1;10;20.28
13108;6686;44;2;0;168.88
13109;6686;66;1;5;55.7
13110;6687;116;3;5;279.44
13111;6687;52;1;0;25.88
13112;6688;82;1;5;17.87
13113;6689;17;1;0;30.02
13114;6689;116;1;10;88.25
13115;6690;62;3;0;107.73
13116;6691;78;1;0;58.04
13117;6691;89;1;0;20.76
13118;6692;51;1;10;137.95
13119;6693;17;1;10;27.02
13120;6693;72;1;0;134.56
13121;6694;72;2;10;242.21
13122;6695;87;1;0;26.68
13123;6695;64;2;0;30.0
13124;6695;21;1;0;35.69
13125;6695;9;1;20;16.51
13126;6696;84;1;0;25.67
13127;6696;77;2;15;25.5
13128;6696;6;1;5;62.58
13129;6697;27;1;0;77.95
13130;6698;7;1;0;35.02
13131;6699;71;3;0;66.78
13132;6699;75;1;0;38.89
13133;6700;118;3;0;128.73
13134;6700;88;1;10;41.07
13135;6700;25;1;5;31.91
13136;6701;31;1;0;67.64
13137;6701;105;3;0;190.62
13138;6702;24;1;0;219.58
13139;6703;76;1;15;31.21
13140;6703;65;1;0;49.07
13141;6703;106;1;0;34.56
13142;6704;48;1;0;32.73
13143;6704;62;1;15;30.52
13144;6704;101;3;0;63.3
13145;6705;110;1;5;78.99
13146;6705;91;1;20;20.97
13147;6706;93;2;5;28.5
13148;6706;106;1;5;32.83
13149;6707;59;3;0;59.7
13150;6708;57;1;10;32.88
13151;6709;111;1;5;40.95
13152;6710;17;1;5;28.52
13153;6711;13;2;20;52.86
13154;6712;87;2;0;53.36
13155;6713;36;1;0;48.55
13156;6714;88;1;0;45.63
13157;6715;102;1;0;23.54
13158;6715;76;1;0;36.72
13159;6716;69;1;0;21.21
13160;6717;83;1;10;172.45
13161;6717;119;1;0;94.67
13162;6717;8;1;10;13.5
13163;6717;112;1;0;15.0
13164;6718;21;1;20;28.55
13165;6718;32;1;5;48.13
13166;6718;86;1;5;14.25
13167;6719;84;1;0;25.67
13168;6720;107;1;0;77.52
13169;6720;14;2;0;386.86
13170;6721;47;1;0;16.67
13171;6721;113;1;20;50.69
13172;6721;89;2;10;37.37
13173;6722;106;1;5;32.83
13174;6723;116;1;20;78.44
13175;6723;49;1;0;93.55
13176;6724;5;1;5;36.22
13177;6725;8;1;0;15.0
13178;6725;51;1;0;153.28
13179;6726;53;1;5;67.42
13180;6726;113;1;0;63.36
13181;6727;98;1;0;72.09
13182;6728;113;2;0;126.72
13183;6728;105;1;5;60.36
13184;6729;44;2;0;168.88
13185;6730;106;1;0;34.56
13186;6731;115;1;0;21.41
13187;6731;118;1;5;40.76
13188;6732;68;1;0;160.88
13189;6733;31;2;20;108.22
13190;6733;34;1;0;21.33
13191;6733;38;1;0;55.68
13192;6733;9;1;0;20.64
13193;6734;79;1;0;121.36
13194;6734;120;3;5;120.13
13195;6735;26;2;0;76.48
13196;6736;42;1;0;18.28
13197;6736;21;1;10;32.12
13198;6737;6;1;10;59.28
13199;6737;3;1;0;80.78
13200;6738;111;3;5;122.84
13201;6739;3;2;0;161.56
13202;6739;106;1;5;32.83
13203;6740;99;2;5;51.58
13204;6740;56;1;0;23.85
13205;6740;93;1;0;15.0
13206;6741;63;1;0;91.09
13207;6741;38;1;5;52.9
13208;6742;117;1;0;69.98
13209;6742;69;1;10;19.09
13210;6742;45;1;5;148.47
13211;6742;54;3;0;91.14
13212;6743;23;1;15;48.58
13213;6743;58;3;10;380.19
13214;6743;78;1;0;58.04
13215;6743;7;1;5;33.27
13216;6744;49;3;0;280.65
13217;6745;110;1;5;78.99
13218;6745;87;1;5;25.35
13219;6746;99;1;0;27.15
13220;6747;88;1;0;45.63
13221;6748;93;1;5;14.25
13222;6748;15;2;5;46.15
13223;6748;32;1;10;45.59
13224;6749;116;1;5;93.15
13225;6749;22;2;10;33.68
13226;6749;105;2;5;120.73
13227;6750;112;2;0;30.0
13228;6750;1;1;0;21.32
13229;6751;117;1;0;69.98
13230;6752;7;1;20;28.02
13231;6753;110;3;10;224.51
13232;6754;60;1;10;85.45
13233;6755;116;1;10;88.25
13234;6755;51;1;15;130.29
13235;6755;23;2;0;114.3
13236;6756;41;1;20;18.02
13237;6756;85;1;5;39.42
13238;6757;67;1;0;23.19
13239;6758;79;1;0;121.36
13240;6759;63;1;0;91.09
13241;6760;14;1;0;193.43
13242;6761;57;1;5;34.7
13243;6762;14;3;15;493.25
13244;6763;35;2;0;68.98
13245;6764;98;2;15;122.55
13246;6764;104;1;0;15.0
13247;6764;114;1;0;51.73
13248;6764;16;1;5;35.47
13249;6765;29;1;15;12.75
13250;6766;43;1;5;104.68
13251;6766;106;1;5;32.83
13252;6767;72;1;0;134.56
13253;6768;16;1;0;37.34
13254;6769;30;1;0;15.0
13255;6770;50;1;5;46.32
13256;6770;31;1;0;67.64
13257;6770;88;2;10;82.13
13258;6771;6;1;10;59.28
13259;6772;64;1;5;14.25
13260;6772;77;1;0;15.0
13261;6773;26;2;5;72.66
13262;6774;101;2;0;42.2
13263;6775;21;1;0;35.69
13264;6776;42;1;5;17.37
13265;6777;109;1;0;15.0
13266;6778;31;2;0;135.28
13267;6778;99;2;15;46.15
13268;6779;89;2;0;41.52
13269;6780;118;1;0;42.91
13270;6781;34;1;0;21.33
13271;6781;52;1;10;23.29
13272;6781;115;1;5;20.34
13273;6781;89;2;0;41.52
13274;6782;109;1;10;13.5
13275;6782;98;1;15;61.28
13276;6783;69;2;0;42.42
13277;6783;118;1;0;42.91
13278;6783;3;1;0;80.78
13279;6784;81;1;0;18.14
13280;6785;89;1;10;18.68
13281;6785;59;3;15;50.74
13282;6785;10;1;0;65.67
13283;6785;6;1;5;62.58
13284;6785;8;1;5;14.25
13285;6786;95;1;5;46.46
13286;6787;14;1;15;164.42
13287;6787;43;1;5;104.68
13288;6788;44;2;5;160.44
13289;6788;26;2;0;76.48
13290;6789;108;1;10;49.46
13291;6789;32;1;20;40.53
13292;6789;1;1;0;21.32
13293;6789;4;1;10;29.52
13294;6789;40;1;0;15.0
13295;6790;30;1;0;15.0
13296;6790;9;1;0;20.64
13297;6790;12;1;0;47.45
13298;6791;112;1;0;15.0
13299;6792;70;3;0;668.76
13300;6793;97;1;0;15.0
13301;6794;46;1;5;155.08
13302;6795;5;1;0;38.13
13303;6796;20;1;0;58.07
13304;6797;23;1;0;57.15
13305;6797;90;1;0;48.64
13306;6797;22;2;20;29.94
13307;6797;77;3;10;40.5
13308;6797;16;2;0;74.68
13309;6798;70;1;0;222.92
13310;6798;54;1;0;30.38
13311;6799;3;1;5;76.74
13312;6799;94;1;0;97.26
13313;6800;50;1;0;48.76
13314;6800;114;1;0;51.73
13315;6800;11;3;0;320.13
13316;6800;30;1;0;15.0
13317;6800;35;1;0;34.49
13318;6801;46;1;0;163.24
13319;6802;12;1;0;47.45
13320;6802;11;1;10;96.04
13321;6803;31;2;5;128.52
13322;6804;62;1;0;35.91
13323;6805;66;1;0;58.63
13324;6806;28;2;0;71.46
13325;6806;8;1;20;12.0
13326;6807;100;1;0;90.89
13327;6807;83;1;0;191.61
13328;6807;52;1;20;20.7
13329;6807;65;2;0;98.14
13330;6808;113;1;10;57.02
13331;6809;23;2;10;102.87
13332;6810;19;1;0;62.12
13333;6811;100;2;0;181.78
13334;6811;72;3;10;363.31
13335;6812;101;2;10;37.98
13336;6813;69;1;10;19.09
13337;6813;24;1;0;219.58
13338;6813;59;1;0;19.9
13339;6814;112;2;15;25.5
13340;6814;39;3;0;109.89
13341;6815;87;1;0;26.68
13342;6815;76;1;0;36.72
13343;6815;89;1;10;18.68
13344;6815;47;1;5;15.84
13345;6816;108;1;0;54.95
13346;6816;80;3;15;107.25
13347;6816;47;1;15;14.17
13348;6817;15;2;10;43.72
13349;6818;54;1;10;27.34
13350;6819;89;1;0;20.76
13351;6819;50;3;5;138.97
13352;6819;80;1;0;42.06
13353;6820;114;1;0;51.73
13354;6820;62;1;5;34.11
13355;6821;63;1;0;91.09
13356;6822;97;1;0;15.0
13357;6823;91;1;5;24.9
13358;6824;117;1;5;66.48
13359;6824;74;1;20;38.2
13360;6825;59;1;15;16.91
13361;6825;120;2;0;84.3
13362;6826;108;1;0;54.95
13363;6827;86;2;5;28.5
13364;6827;73;1;0;15.0
13365;6827;26;1;5;36.33
13366;6828;36;1;0;48.55
13367;6828;81;1;0;18.14
13368;6828;8;1;0;15.0
13369;6829;53;1;5;67.42
13370;6830;26;1;15;32.5
13371;6831;56;2;10;42.93
13372;6831;65;1;0;49.07
13373;6831;63;1;0;91.09
13374;6832;61;1;10;55.11
13375;6832;17;1;0;30.02
13376;6833;28;1;0;35.73
13377;6833;117;2;0;139.96
13378;6834;36;1;0;48.55
13379;6835;84;2;0;51.34
13380;6835;106;1;5;32.83
13381;6835;8;1;5;14.25
13382;6836;117;2;5;132.96
13383;6837;115;2;20;34.26
13384;6838;49;1;0;93.55
13385;6838;58;3;0;422.43
13386;6838;33;2;10;74.2
13387;6838;8;1;0;15.0
13388;6838;65;1;15;41.71
13389;6839;48;1;0;32.73
13390;6840;61;1;15;52.05
13391;6840;77;1;10;13.5
13392;6841;40;2;15;25.5
13393;6841;49;1;0;93.55
13394;6841;90;1;10;43.78
13395;6842;88;1;5;43.35
13396;6843;9;1;10;18.58
13397;6844;8;1;0;15.0
13398;6845;113;1;0;63.36
13399;6846;7;1;0;35.02
13400;6847;91;1;5;24.9
13401;6847;68;1;0;160.88
13402;6848;79;1;5;115.29
13403;6848;82;1;20;15.05
13404;6849;46;2;0;326.48
13405;6849;115;1;5;20.34
13406;6850;109;2;10;27.0
13407;6851;101;2;0;42.2
13408;6852;23;3;0;171.45
13409;6852;65;2;0;98.14
13410;6852;79;1;0;121.36
13411;6853;2;1;0;19.02
13412;6853;79;1;0;121.36
13413;6853;72;2;5;255.66
13414;6854;16;1;0;37.34
13415;6855;5;1;20;30.5
13416;6856;99;1;15;23.08
13417;6856;118;2;0;85.82
13418;6856;26;2;0;76.48
13419;6856;120;1;0;42.15
13420;6857;54;1;0;30.38
13421;6858;7;1;0;35.02
13422;6859;48;1;5;31.09
13423;6859;97;1;0;15.0
13424;6860;106;2;0;69.12
13425;6861;28;1;0;35.73
13426;6861;6;1;0;65.87
13427;6862;42;1;20;14.62
13428;6862;8;1;10;13.5
13429;6862;27;1;20;62.36
13430;6863;60;1;0;94.95
13431;6864;16;1;0;37.34
13432;6864;92;3;0;439.68
13433;6864;4;1;0;32.8
13434;6864;80;1;0;42.06
13435;6865;37;1;0;24.99
13436;6866;106;2;0;69.12
13437;6867;78;1;5;55.14
13438;6868;116;1;10;88.25
13439;6868;45;1;0;156.28
13440;6869;102;1;0;23.54
13441;6870;74;1;5;45.36
13442;6871;85;3;10;112.05
13443;6871;94;3;15;248.01
13444;6872;89;1;0;20.76
13445;6872;103;1;0;29.89
13446;6872;81;2;15;30.84
13447;6872;7;2;10;63.04
13448;6873;40;1;10;13.5
13449;6873;12;2;20;75.92
13450;6873;31;1;0;67.64
13451;6874;80;2;5;79.91
13452;6874;43;2;0;220.38
13453;6875;55;1;0;15.0
13454;6875;5;2;15;64.82
13455;6875;112;1;10;13.5
13456;6876;103;1;0;29.89
13457;6877;116;2;10;176.49
13458;6877;89;1;15;17.65
13459;6878;28;1;5;33.94
13460;6878;48;1;5;31.09
13461;6879;39;1;0;36.63
13462;6879;101;1;0;21.1
13463;6879;11;2;0;213.42
13464;6880;52;1;5;24.59
13465;6880;16;2;5;70.95
13466;6881;90;1;0;48.64
13467;6881;105;1;0;63.54
13468;6881;37;1;10;22.49
13469;6882;110;2;5;157.99
13470;6882;87;1;0;26.68
13471;6883;66;1;0;58.63
13472;6884;36;1;10;43.7
13473;6884;9;1;0;20.64
13474;6884;13;2;5;62.78
13475;6884;1;1;15;18.12
13476;6884;67;1;0;23.19
13477;6885;71;2;5;42.29
13478;6885;29;1;0;15.0
13479;6885;46;1;0;163.24
13480;6885;36;1;10;43.7
13481;6886;4;1;0;32.8
13482;6886;78;1;15;49.33
13483;6887;74;1;15;40.59
13484;6888;82;1;10;16.93
13485;6889;120;2;0;84.3
13486;6890;18;1;0;44.38
13487;6891;54;1;0;30.38
13488;6892;31;2;20;108.22
13489;6893;33;1;10;37.1
13490;6893;25;2;0;67.18
13491;6894;115;1;5;20.34
13492;6895;18;1;5;42.16
13493;6896;47;1;10;15.0
13494;6897;44;1;20;67.55
13495;6898;120;1;10;37.94
13496;6899;19;1;20;49.7
13497;6899;67;3;5;66.09
13498;6900;83;2;0;383.22
13499;6901;35;1;0;34.49
13500;6902;98;1;5;68.49
13501;6903;88;1;0;45.63
13502;6903;117;1;0;69.98
13503;6904;81;3;0;54.42
13504;6904;98;2;0;144.18
13505;6904;16;1;0;37.34
13506;6904;100;1;15;77.26
13507;6905;107;1;10;69.77
13508;6905;95;1;5;46.46
13509;6906;37;1;0;24.99
13510;6906;76;1;0;36.72
13511;6907;50;1;10;43.88
13512;6908;64;1;20;12.0
13513;6909;68;1;10;144.79
13514;6910;51;1;20;122.62
13515;6910;69;1;0;21.21
13516;6910;84;2;0;51.34
13517;6911;85;1;10;37.35
13518;6912;17;1;0;30.02
13519;6913;42;2;0;36.56
13520;6913;116;1;5;93.15
13521;6913;95;3;5;139.39
13522;6913;39;1;15;31.14
13523;6914;99;1;0;27.15
13524;6915;101;1;0;21.1
13525;6915;56;1;5;22.66
13526;6915;73;1;20;12.0
13527;6915;116;1;0;98.05
13528;6916;32;1;10;45.59
13529;6917;113;1;0;63.36
13530;6917;106;1;0;34.56
13531;6918;111;1;0;43.1
13532;6918;62;3;5;102.34
13533;6918;7;1;5;33.27
13534;6919;88;2;5;86.7
13535;6920;20;1;5;55.17
13536;6920;102;1;0;23.54
13537;6920;106;1;0;34.56
13538;6920;17;1;0;30.02
13539;6920;26;1;20;30.59
13540;6921;15;1;15;20.65
13541;6922;30;1;0;15.0
13542;6922;106;1;0;34.56
13543;6923;56;1;0;23.85
13544;6924;105;1;0;63.54
13545;6924;72;1;0;134.56
13546;6925;4;1;0;32.8
13547;6925;41;1;0;22.53
13548;6925;108;1;0;54.95
13549;6926;108;2;0;109.9
13550;6927;64;3;15;38.25
13551;6927;71;1;0;22.26
13552;6928;115;1;0;21.41
13553;6928;34;2;0;42.66
13554;6929;66;1;10;52.77
13555;6930;66;2;5;111.4
13556;6930;71;1;5;21.15
13557;6930;30;2;0;30.0
13558;6931;49;2;0;187.1
13559;6932;65;1;0;49.07
13560;6933;10;1;0;65.67
13561;6933;68;1;5;152.84
13562;6934;33;1;20;32.98
13563;6934;46;3;0;489.72
13564;6934;91;2;0;52.42
13565;6934;67;1;0;23.19
13566;6935;26;1;0;38.24
13567;6936;104;1;0;15.0
13568;6936;43;1;0;110.19
13569;6936;76;1;0;36.72
13570;6937;33;2;0;82.44
13571;6938;114;2;15;87.94
13572;6939;31;1;15;57.49
13573;6940;12;1;0;47.45
13574;6941;62;1;0;35.91
13575;6941;56;3;0;71.55
13576;6942;106;1;0;34.56
13577;6942;75;2;0;77.78
13578;6942;89;1;20;16.61
13579;6942;14;1;0;193.43
13580;6942;61;1;5;58.17
13581;6943;28;1;0;35.73
13582;6944;9;1;5;19.61
13583;6944;31;1;15;57.49
13584;6944;46;2;15;277.51
13585;6945;4;1;0;32.8
13586;6945;5;1;5;36.22
13587;6945;12;2;5;90.16
13588;6945;105;1;5;60.36
13589;6946;90;1;5;46.21
13590;6947;87;1;0;26.68
13591;6948;27;2;15;132.52
13592;6949;74;1;0;47.75
13593;6950;116;1;0;98.05
13594;6950;86;1;0;15.0
13595;6951;111;1;0;43.1
13596;6952;74;1;20;38.2
13597;6952;34;1;0;21.33
13598;6952;12;2;0;94.9
13599;6952;68;2;0;321.76
13600;6952;35;3;0;103.47
13601;6953;32;2;10;91.19
13602;6954;111;2;10;77.58
13603;6955;5;1;15;32.41
13604;6955;59;2;5;37.81
13605;6955;36;2;5;92.24
13606;6956;16;3;0;112.02
13607;6957;57;1;20;29.22
13608;6957;49;2;0;187.1
13609;6957;10;1;15;55.82
13610;6958;63;1;0;91.09
13611;6958;31;1;10;60.88
13612;6958;20;2;0;116.14
13613;6959;93;2;0;30.0
13614;6960;99;1;10;24.43
13615;6961;84;2;0;51.34
13616;6961;93;1;0;15.0
13617;6961;48;1;15;27.82
13618;6961;108;1;0;54.95
13619;6962;58;1;0;140.81
13620;6962;107;1;0;77.52
13621;6963;37;1;0;24.99
13622;6964;24;1;5;208.6
13623;6964;106;2;10;62.21
13624;6964;22;1;0;18.71
13625;6965;22;1;10;16.84
13626;6965;88;1;5;43.35
13627;6966;71;2;0;44.52
13628;6967;96;3;0;483.69
13629;6967;102;1;0;23.54
13630;6968;98;1;0;72.09
13631;6968;87;1;0;26.68
13632;6968;74;1;10;42.98
13633;6969;99;1;0;27.15
13634;6970;110;2;0;166.3
13635;6971;52;1;5;24.59
13636;6971;113;1;5;60.19
13637;6971;90;1;5;46.21
13638;6972;116;1;0;98.05
13639;6973;108;2;10;98.91
13640;6973;43;2;0;220.38
13641;6974;56;1;0;23.85
13642;6975;104;1;0;15.0
13643;6975;45;1;0;156.28
13644;6976;94;1;0;97.26
13645;6977;49;1;0;93.55
13646;6978;15;1;10;21.86
13647;6978;40;1;5;14.25
13648;6979;8;1;0;15.0
13649;6979;39;2;5;69.6
13650;6979;94;1;0;97.26
13651;6979;65;1;0;49.07
13652;6980;102;1;20;18.83
13653;6981;38;2;0;111.36
13654;6981;59;1;0;19.9
13655;6981;42;2;0;36.56
13656;6981;22;1;5;17.77
13657;6981;65;1;5;46.62
13658;6982;27;1;0;77.95
13659;6983;80;1;5;39.96
13660;6983;77;1;0;15.0
13661;6984;66;1;0;58.63
13662;6984;104;1;20;12.0
13663;6984;44;2;0;168.88
13664;6984;59;1;15;16.91
13665;6985;73;1;0;15.0
13666;6986;6;1;20;52.7
13667;6986;45;1;5;148.47
13668;6987;25;1;0;33.59
13669;6987;47;2;0;33.34
13670;6988;33;1;10;37.1
13671;6988;111;1;5;40.95
13672;6988;18;1;5;42.16
13673;6988;52;2;0;51.76
13674;6989;89;1;10;18.68
13675;6989;53;1;0;70.97
13676;6990;23;1;5;54.29
13677;6991;64;1;0;15.0
13678;6992;83;1;0;191.61
13679;6992;5;1;0;38.13
13680;6993;89;1;0;20.76
13681;6993;6;1;0;65.87
13682;6993;38;1;20;44.54
13683;6993;77;1;0;15.0
13684;6994;67;1;0;23.19
13685;6994;100;1;0;90.89
13686;6995;114;2;0;103.46
13687;6995;52;1;0;25.88
13688;6996;66;1;0;58.63
13689;6997;2;1;0;19.02
13690;6998;100;1;0;90.89
13691;6998;113;1;0;63.36
13692;6999;59;1;5;18.9
13693;6999;80;1;5;39.96
13694;7000;89;1;0;20.76
13695;7001;91;1;0;26.21
13696;7002;49;2;0;187.1
13697;7002;70;1;0;222.92
13698;7002;90;2;0;97.28
13699;7003;101;1;5;20.05
13700;7004;35;2;0;68.98
13701;7005;92;2;0;293.12
13702;7006;119;1;0;94.67
13703;7006;42;1;15;15.54
13704;7007;20;3;20;139.37
13705;7008;61;2;5;116.34
13706;7008;79;1;0;121.36
13707;7009;84;1;20;20.54
13708;7010;19;1;0;62.12
13709;7011;15;1;15;20.65
13710;7012;104;1;0;15.0
13711;7012;52;1;15;22.0
13712;7012;42;2;5;34.73
13713;7013;73;3;0;45.0
13714;7014;49;1;0;93.55
13715;7014;64;1;0;15.0
13716;7015;115;1;0;21.41
13717;7015;25;1;5;31.91
13718;7016;120;1;0;42.15
13719;7016;44;1;0;84.44
13720;7017;32;2;10;91.19
13721;7017;48;2;0;65.46
13722;7018;99;1;0;27.15
13723;7018;62;3;0;107.73
13724;7018;19;2;0;124.24
13725;7019;15;2;5;46.15
13726;7019;47;2;5;31.67
13727;7019;76;2;15;62.42
13728;7020;117;1;0;69.98
13729;7020;44;1;5;80.22
13730;7021;23;1;0;57.15
13731;7022;60;1;5;90.2
13732;7022;115;2;0;42.82
13733;7022;36;1;5;46.12
13734;7022;13;1;15;28.08
13735;7023;11;1;0;106.71
13736;7024;106;1;5;32.83
13737;7025;93;2;0;30.0
13738;7025;20;1;0;58.07
13739;7025;70;1;10;200.63
13740;7026;96;3;0;483.69
13741;7027;27;2;5;148.1
13742;7027;19;1;0;62.12
13743;7028;102;2;15;40.02
13744;7028;76;1;5;34.88
13745;7028;111;1;0;43.1
13746;7028;81;1;5;17.23
13747;7029;62;1;15;30.52
13748;7029;101;1;5;20.05
13749;7029;17;1;5;28.52
13750;7030;7;1;0;35.02
13751;7031;5;1;0;38.13
13752;7032;111;1;0;43.1
13753;7032;10;1;5;62.39
13754;7032;22;1;0;18.71
13755;7032;52;1;0;25.88
13756;7033;15;1;0;24.29
13757;7033;7;2;0;70.04
13758;7034;8;1;0;15.0
13759;7034;35;1;0;34.49
13760;7034;110;1;0;83.15
13761;7034;52;1;0;25.88
13762;7035;86;2;10;27.0
13763;7035;102;1;5;22.36
13764;7035;7;1;0;35.02
13765;7036;1;1;15;18.12
13766;7037;18;1;0;44.38
13767;7037;88;1;0;45.63
13768;7037;10;1;0;65.67
13769;7037;8;2;5;28.5
13770;7038;69;1;0;21.21
13771;7039;73;1;10;13.5
13772;7040;52;1;10;23.29
13773;7041;120;1;0;42.15
13774;7041;73;3;20;36.0
13775;7041;31;3;0;202.92
13776;7041;84;1;0;25.67
13777;7041;2;1;0;19.02
13778;7042;17;1;10;27.02
13779;7042;27;2;0;155.9
13780;7043;41;2;0;45.06
13781;7044;111;2;10;77.58
13782;7044;3;1;5;76.74
13783;7044;19;1;5;59.01
13784;7045;118;1;0;42.91
13785;7046;11;1;0;106.71
13786;7047;53;1;0;70.97
13787;7047;61;1;0;61.23
13788;7048;11;1;0;106.71
13789;7048;113;2;5;120.38
13790;7048;23;1;5;54.29
13791;7049;60;1;0;94.95
13792;7049;117;1;10;62.98
13793;7049;102;2;5;44.73
13794;7050;40;1;0;15.0
13795;7050;51;1;0;153.28
13796;7051;20;1;0;58.07
13797;7051;8;1;5;14.25
13798;7052;86;2;0;30.0
13799;7052;110;1;0;83.15
13800;7052;60;1;0;94.95
13801;7052;11;3;0;320.13
13802;7053;19;1;0;62.12
13803;7053;16;1;10;33.61
13804;7053;95;1;20;39.13
13805;7054;72;3;10;363.31
13806;7054;38;3;0;167.04
13807;7055;108;3;15;140.12
13808;7056;79;1;5;115.29
13809;7057;71;1;5;21.15
13810;7058;42;2;10;32.9
13811;7059;72;1;0;134.56
13812;7060;118;1;5;40.76
13813;7061;100;1;0;90.89
13814;7062;31;1;0;67.64
13815;7063;47;1;5;15.84
13816;7063;10;1;0;65.67
13817;7064;94;1;0;97.26
13818;7064;41;2;0;45.06
13819;7065;21;2;0;71.38
13820;7066;42;1;0;18.28
13821;7066;73;2;10;27.0
13822;7067;49;1;20;74.84
13823;7067;92;1;0;146.56
13824;7068;95;1;0;48.91
13825;7069;117;1;5;66.48
13826;7069;99;1;15;23.08
13827;7069;105;1;10;57.19
13828;7070;43;1;0;110.19
13829;7070;21;1;5;33.91
13830;7070;1;1;5;20.25
13831;7070;51;1;10;137.95
13832;7071;66;1;5;55.7
13833;7072;94;1;5;92.4
13834;7073;28;1;5;33.94
13835;7074;25;2;0;67.18
13836;7074;41;1;0;22.53
13837;7074;53;1;10;63.87
13838;7075;64;2;0;30.0
13839;7075;44;1;10;76.0
13840;7076;57;2;5;69.41
13841;7077;17;1;0;30.02
13842;7078;35;1;10;31.04
13843;7079;118;3;0;128.73
13844;7080;6;2;0;131.74
13845;7080;42;2;20;29.25
13846;7080;90;2;0;97.28
13847;7080;28;1;0;35.73
13848;7081;115;1;0;21.41
13849;7082;74;1;0;47.75
13850;7083;17;2;10;54.04
13851;7084;79;1;0;121.36
13852;7084;66;1;0;58.63
13853;7084;10;1;0;65.67
13854;7085;43;1;0;110.19
13855;7085;106;1;0;34.56
13856;7085;36;1;10;43.7
13857;7086;63;1;0;91.09
13858;7086;33;1;0;41.22
13859;7087;35;2;0;68.98
13860;7088;113;1;15;53.86
13861;7089;86;1;10;13.5
13862;7089;58;1;10;126.73
13863;7090;69;1;20;16.97
13864;7090;68;1;5;152.84
13865;7090;58;1;0;140.81
13866;7091;83;1;0;191.61
13867;7091;69;3;5;60.45
13868;7091;64;1;0;15.0
13869;7091;76;1;10;33.05
13870;7092;96;2;0;322.46
13871;7092;1;1;10;19.19
13872;7093;2;1;0;19.02
13873;7093;54;2;0;60.76
13874;7093;99;1;0;27.15
13875;7094;74;1;0;47.75
13876;7095;66;1;10;52.77
13877;7096;78;2;5;110.28
13878;7097;114;1;0;51.73
13879;7098;89;1;10;18.68
13880;7099;32;2;0;101.32
13881;7099;82;1;10;16.93
13882;7099;96;1;0;161.23
13883;7099;56;1;10;21.47
13884;7100;87;1;5;25.35
13885;7100;108;1;0;54.95
13886;7100;106;1;0;34.56
13887;7101;21;1;5;33.91
13888;7101;64;1;0;15.0
13889;7102;64;1;10;13.5
13890;7102;11;1;0;106.71
13891;7103;49;1;0;93.55
13892;7104;3;1;0;80.78
13893;7104;6;2;0;131.74
13894;7104;98;1;5;68.49
13895;7105;53;1;0;70.97
13896;7106;8;1;10;13.5
13897;7106;23;1;0;57.15
13898;7106;24;1;0;219.58
13899;7106;50;1;5;46.32
13900;7106;78;1;5;55.14
13901;7107;70;1;0;222.92
13902;7107;98;2;20;115.34
13903;7108;89;2;5;39.44
13904;7108;44;1;0;84.44
13905;7109;3;1;10;72.7
13906;7109;34;1;0;21.33
13907;7109;65;1;0;49.07
13908;7109;91;1;20;20.97
13909;7109;106;1;10;31.1
13910;7110;31;1;15;57.49
13911;7110;23;1;5;54.29
13912;7111;72;1;0;134.56
13913;7111;83;3;10;517.35
13914;7111;98;3;0;216.27
13915;7111;55;1;20;12.0
13916;7111;114;2;0;103.46
13917;7112;99;1;10;24.43
13918;7112;11;1;0;106.71
13919;7113;7;3;10;94.55
13920;7113;58;1;0;140.81
13921;7114;31;1;20;54.11
13922;7114;80;1;0;42.06
13923;7115;20;1;5;55.17
13924;7116;31;1;10;60.88
13925;7117;6;1;5;62.58
13926;7117;52;1;0;25.88
13927;7118;15;1;0;24.29
13928;7118;107;1;0;77.52
13929;7118;38;3;15;141.98
13930;7118;75;1;10;35.0
13931;7119;60;3;0;284.85
13932;7120;79;3;5;345.88
13933;7121;64;2;0;30.0
13934;7122;57;2;5;69.41
13935;7122;15;1;0;24.29
13936;7122;47;1;0;16.67
13937;7123;109;2;0;30.0
13938;7123;119;1;5;89.94
13939;7123;77;3;0;45.0
13940;7123;63;2;0;182.18
13941;7124;20;1;5;55.17
13942;7125;100;1;0;90.89
13943;7126;70;2;0;445.84
13944;7127;85;1;0;41.5
13945;7127;97;1;15;12.75
13946;7127;6;1;15;55.99
13947;7128;38;1;10;50.11
13948;7129;106;2;0;69.12
13949;7129;39;1;0;36.63
13950;7130;48;1;5;31.09
13951;7130;66;1;0;58.63
13952;7131;22;1;20;14.97
13953;7132;48;1;10;29.46
13954;7132;84;1;0;25.67
13955;7132;42;1;10;16.45
13956;7132;30;1;0;15.0
13957;7133;8;1;5;14.25
13958;7133;93;1;5;14.25
13959;7134;36;1;0;48.55
13960;7135;78;1;0;58.04
13961;7135;96;1;0;161.23
13962;7135;28;1;5;33.94
13963;7136;64;1;5;14.25
13964;7137;85;1;0;41.5
13965;7137;81;1;0;18.14
13966;7137;94;3;0;291.78
13967;7138;84;1;0;25.67
13968;7138;49;2;5;177.74
13969;7138;25;1;5;31.91
13970;7138;62;3;0;107.73
13971;7139;61;1;0;61.23
13972;7139;28;1;0;35.73
13973;7139;71;3;10;60.1
13974;7139;18;2;5;84.32
13975;7140;28;1;0;35.73
13976;7140;19;2;0;124.24
13977;7140;56;1;0;23.85
13978;7140;75;2;0;77.78
13979;7141;14;1;15;164.42
13980;7142;83;1;15;162.87
13981;7143;26;1;0;38.24
13982;7144;34;1;10;19.2
13983;7144;15;2;0;48.58
13984;7145;67;3;15;59.13
13985;7145;4;1;0;32.8
13986;7145;102;1;0;23.54
13987;7145;49;1;0;93.55
13988;7145;11;1;10;96.04
13989;7146;38;1;0;55.68
13990;7147;48;1;0;32.73
13991;7147;41;1;0;22.53
13992;7147;51;1;20;122.62
13993;7148;111;1;10;38.79
13994;7148;30;1;0;15.0
13995;7149;117;1;0;69.98
13996;7149;68;2;0;321.76
13997;7150;12;1;0;47.45
13998;7151;15;2;15;41.29
13999;7152;25;1;5;31.91
14000;7152;95;1;10;44.02
14001;7153;59;1;0;19.9
14002;7153;78;1;20;46.43
14003;7154;115;1;5;20.34
14004;7154;67;1;20;18.55
14005;7155;46;1;0;163.24
14006;7156;25;1;0;33.59
14007;7157;45;1;5;148.47
14008;7158;92;1;0;146.56
14009;7158;95;1;0;48.91
14010;7158;23;1;0;57.15
14011;7159;8;1;10;13.5
14012;7160;96;1;0;161.23
14013;7161;45;1;0;156.28
14014;7161;90;1;5;46.21
14015;7161;81;1;0;18.14
14016;7162;40;2;0;30.0
14017;7162;21;1;0;35.69
14018;7163;54;1;0;30.38
14019;7163;73;3;15;38.25
14020;7164;93;1;0;15.0
14021;7164;92;1;5;139.23
14022;7165;49;1;0;93.55
14023;7166;105;1;0;63.54
14024;7166;12;1;5;45.08
14025;7167;43;1;5;104.68
14026;7167;71;1;10;20.03
14027;7167;81;2;10;32.65
14028;7167;76;1;10;33.05
14029;7168;44;1;0;84.44
14030;7169;57;2;0;73.06
14031;7169;25;1;5;31.91
14032;7170;78;1;5;55.14
14033;7171;111;1;5;40.95
14034;7171;40;3;10;40.5
14035;7172;26;1;0;38.24
14036;7172;32;1;5;48.13
14037;7173;61;3;5;174.51
14038;7174;96;2;0;322.46
14039;7174;50;1;0;48.76
14040;7174;58;2;5;267.54
14041;7175;103;1;0;29.89
14042;7176;70;1;0;222.92
14043;7176;98;2;15;122.55
14044;7176;93;1;0;15.0
14045;7176;19;1;0;62.12
14046;7177;17;2;0;60.04
14047;7177;29;1;0;15.0
14048;7177;90;1;0;48.64
14049;7178;23;3;20;137.16
14050;7179;1;2;0;42.64
14051;7180;35;2;0;68.98
14052;7180;114;1;0;51.73
14053;7180;33;1;0;41.22
14054;7180;36;1;0;48.55
14055;7180;8;1;15;12.75
14056;7181;20;2;5;110.33
14057;7182;67;1;0;23.19
14058;7182;90;2;10;87.55
14059;7183;112;2;10;27.0
14060;7184;14;3;10;522.26
14061;7185;76;1;0;36.72
14062;7186;100;3;0;272.67
14063;7186;71;2;0;44.52
14064;7187;88;2;0;91.26
14065;7188;93;2;0;30.0
14066;7188;113;1;0;63.36
14067;7188;48;3;10;88.37
14068;7189;92;1;0;146.56
14069;7190;49;2;0;187.1
14070;7191;50;1;10;43.88
14071;7192;68;1;0;160.88
14072;7193;74;1;0;47.75
14073;7194;95;1;0;48.91
14074;7195;90;1;10;43.78
14075;7195;101;3;15;53.8
14076;7196;94;1;0;97.26
14077;7197;49;1;0;93.55
14078;7197;64;1;5;14.25
14079;7197;108;1;5;52.2
14080;7198;58;1;0;140.81
14081;7198;81;1;5;17.23
14082;7198;51;1;15;130.29
14083;7198;24;1;5;208.6
14084;7199;20;1;0;58.07
14085;7199;101;2;0;42.2
14086;7200;82;1;0;18.81
14087;7200;70;1;0;222.92
14088;7201;99;1;15;23.08
14089;7201;96;2;5;306.34
14090;7201;27;1;0;77.95
14091;7201;10;1;0;65.67
14092;7202;24;1;0;219.58
14093;7203;118;2;10;77.24
14094;7203;25;1;0;33.59
14095;7203;33;3;5;117.48
14096;7204;112;3;0;45.0
14097;7204;111;2;0;86.2
14098;7204;65;2;0;98.14
14099;7205;49;1;15;79.52
14100;7206;66;3;5;167.1
14101;7206;23;1;0;57.15
14102;7206;51;3;0;459.84
14103;7207;2;1;20;15.22
14104;7207;13;1;15;28.08
14105;7208;74;1;10;42.98
14106;7209;63;1;0;91.09
14107;7210;27;2;10;140.31
14108;7211;34;3;10;57.59
14109;7211;105;1;0;63.54
14110;7211;6;1;0;65.87
14111;7212;18;1;0;44.38
14112;7212;94;2;0;194.52
14113;7212;6;1;10;59.28
14114;7213;13;1;0;33.04
14115;7213;71;1;0;22.26
14116;7214;71;1;5;21.15
14117;7215;28;1;10;32.16
14118;7215;116;1;0;98.05
14119;7216;48;1;0;32.73
14120;7216;54;1;0;30.38
14121;7217;31;1;5;64.26
14122;7218;2;2;0;38.04
14123;7218;35;1;0;34.49
14124;7219;17;3;5;85.56
14125;7219;33;1;5;39.16
14126;7220;13;1;20;26.43
14127;7220;120;1;0;42.15
14128;7221;88;1;10;41.07
14129;7221;10;1;0;65.67
14130;7222;56;1;0;23.85
14131;7222;44;1;0;84.44
14132;7223;44;1;5;80.22
14133;7223;107;2;5;147.29
14134;7223;28;1;5;33.94
14135;7223;114;2;5;98.29
14136;7223;11;1;0;106.71
14137;7224;80;1;0;42.06
14138;7225;52;1;20;20.7
14139;7226;47;1;0;16.67
14140;7227;100;1;0;90.89
14141;7228;57;1;0;36.53
14142;7228;3;2;5;153.48
14143;7228;76;1;0;36.72
14144;7228;116;1;20;78.44
14145;7228;47;1;0;16.67
14146;7229;36;1;20;38.84
14147;7229;75;2;0;77.78
14148;7229;29;1;5;14.25
14149;7230;97;3;15;38.25
14150;7231;47;1;10;15.0
14151;7232;4;1;0;32.8
14152;7233;19;1;0;62.12
14153;7233;92;2;10;263.81
14154;7234;56;1;0;23.85
14155;7234;103;1;0;29.89
14156;7234;59;1;0;19.9
14157;7235;3;3;10;218.11
14158;7236;37;2;10;44.98
14159;7237;17;1;0;30.02
14160;7238;54;1;5;28.86
14161;7238;88;1;0;45.63
14162;7238;85;1;0;41.5
14163;7238;105;1;5;60.36
14164;7239;119;2;0;189.34
14165;7239;44;1;10;76.0
14166;7239;49;1;15;79.52
14167;7239;33;1;0;41.22
14168;7240;12;1;0;47.45
14169;7240;74;2;0;95.5
14170;7241;48;1;0;32.73
14171;7242;9;2;0;41.28
14172;7242;114;1;5;49.14
14173;7242;24;3;0;658.74
14174;7243;56;1;0;23.85
14175;7244;14;1;0;193.43
14176;7245;67;1;0;23.19
14177;7245;51;1;15;130.29
14178;7246;71;1;0;22.26
14179;7246;101;2;0;42.2
14180;7247;63;2;0;182.18
14181;7247;21;3;5;101.72
14182;7248;106;1;0;34.56
14183;7249;93;1;0;15.0
14184;7250;70;1;10;200.63
14185;7250;96;1;0;161.23
14186;7250;110;1;0;83.15
14187;7251;30;1;0;15.0
14188;7251;42;1;10;16.45
14189;7252;56;2;0;47.7
14190;7252;32;1;10;45.59
14191;7253;51;1;10;137.95
14192;7253;4;1;0;32.8
14193;7254;99;1;5;25.79
14194;7254;109;1;0;15.0
14195;7255;101;1;0;21.1
14196;7256;85;1;15;35.27
14197;7257;61;1;10;55.11
14198;7258;85;1;15;35.27
14199;7259;111;2;5;81.89
14200;7260;29;1;20;12.0
14201;7261;111;2;0;86.2
14202;7262;95;1;5;46.46
14203;7262;91;3;0;78.63
14204;7263;25;1;0;33.59
14205;7263;19;1;0;62.12
14206;7263;29;1;5;14.25
14207;7264;115;2;0;42.82
14208;7265;1;1;0;21.32
14209;7265;50;3;0;146.28
14210;7265;61;1;20;48.98
14211;7266;56;1;5;22.66
14212;7267;48;1;15;27.82
14213;7267;95;1;5;46.46
14214;7267;51;1;5;145.62
14215;7268;95;3;0;146.73
14216;7268;96;2;10;290.21
14217;7269;120;1;5;40.04
14218;7269;101;1;5;20.05
14219;7269;43;1;0;110.19
14220;7270;57;1;0;36.53
14221;7270;69;2;5;40.3
14222;7271;17;1;0;30.02
14223;7272;113;1;5;60.19
14224;7273;81;3;0;54.42
14225;7274;109;1;0;15.0
14226;7275;26;3;0;114.72
14227;7275;55;1;5;14.25
14228;7275;119;1;0;94.67
14229;7276;88;1;0;45.63
14230;7276;107;3;5;220.93
14231;7276;33;2;0;82.44
14232;7276;2;1;5;18.07
14233;7277;105;1;10;57.19
14234;7278;69;1;5;20.15
14235;7278;25;1;0;33.59
14236;7278;19;1;5;59.01
14237;7278;30;1;10;13.5
14238;7279;2;1;5;18.07
14239;7280;111;1;0;43.1
14240;7281;45;2;0;312.56
14241;7281;54;1;0;30.38
14242;7281;65;1;20;39.26
14243;7281;66;1;0;58.63
14244;7282;75;1;5;36.95
14245;7282;63;1;0;91.09
14246;7283;18;1;0;44.38
14247;7284;28;1;5;33.94
14248;7285;84;1;5;24.39
14249;7285;88;1;5;43.35
14250;7285;62;1;15;30.52
14251;7285;91;1;10;23.59
14252;7286;14;2;0;386.86
14253;7287;102;1;0;23.54
14254;7287;13;1;5;31.39
14255;7288;75;1;0;38.89
14256;7288;49;1;0;93.55
14257;7288;90;1;5;46.21
14258;7289;113;1;5;60.19
14259;7289;79;2;0;242.72
14260;7290;33;1;0;41.22
14261;7291;49;3;0;280.65
14262;7291;13;1;15;28.08
14263;7291;37;1;15;21.24
14264;7292;92;3;5;417.7
14265;7292;62;3;0;107.73
14266;7293;22;1;0;18.71
14267;7293;75;1;0;38.89
14268;7293;7;2;0;70.04
14269;7294;47;1;10;15.0
14270;7295;32;3;5;144.38
14271;7295;53;2;5;134.84
14272;7295;22;1;5;17.77
14273;7296;89;1;0;20.76
14274;7296;73;1;0;15.0
14275;7296;78;1;0;58.04
14276;7297;117;3;0;209.94
14277;7297;36;1;0;48.55
14278;7297;102;1;5;22.36
14279;7298;83;1;0;191.61
14280;7298;11;2;10;192.08
14281;7299;109;1;0;15.0
14282;7299;67;1;0;23.19
14283;7300;10;1;0;65.67
14284;7300;74;1;0;47.75
14285;7301;19;1;10;55.91
14286;7301;20;1;5;55.17
14287;7302;75;1;5;36.95
14288;7302;46;1;15;138.75
14289;7303;11;1;5;101.37
14290;7303;35;1;5;32.77
14291;7304;81;1;5;17.23
14292;7305;84;1;0;25.67
14293;7305;49;1;10;84.19
14294;7305;44;1;5;80.22
14295;7305;53;2;5;134.84
14296;7305;61;3;0;183.69
14297;7306;42;2;15;31.08
14298;7307;109;2;5;28.5
14299;7307;118;1;5;40.76
14300;7308;10;1;20;52.54
14301;7308;52;1;0;25.88
14302;7308;102;1;0;23.54
14303;7308;46;1;15;138.75
14304;7309;36;1;0;48.55
14305;7309;78;2;0;116.08
14306;7310;91;1;20;20.97
14307;7311;94;1;0;97.26
14308;7312;27;1;20;62.36
14309;7312;87;1;10;24.01
14310;7312;1;2;0;42.64
14311;7312;61;2;10;110.21
14312;7313;73;2;0;30.0
14313;7313;81;1;15;15.42
14314;7314;104;1;15;12.75
14315;7315;18;1;5;42.16
14316;7315;46;3;0;489.72
14317;7315;14;1;5;183.76
14318;7315;49;1;0;93.55
14319;7316;105;2;0;127.08
14320;7316;65;1;15;41.71
14321;7316;119;1;0;94.67
14322;7317;29;1;0;15.0
14323;7317;5;1;0;38.13
14324;7317;32;1;15;43.06
14325;7317;37;2;0;49.98
14326;7317;55;1;0;15.0
14327;7318;102;1;0;23.54
14328;7319;66;3;0;175.89
14329;7320;3;2;15;137.33
14330;7321;41;2;0;45.06
14331;7321;106;3;0;103.68
14332;7322;35;1;15;29.32
14333;7322;23;1;0;57.15
14334;7322;65;2;0;98.14
14335;7323;43;1;0;110.19
14336;7323;92;1;0;146.56
14337;7324;75;2;15;66.11
14338;7324;103;1;0;29.89
14339;7325;3;1;0;80.78
14340;7326;59;1;10;17.91
14341;7326;60;1;0;94.95
14342;7326;83;2;15;325.74
14343;7326;118;2;0;85.82
14344;7327;43;3;20;264.46
14345;7328;113;2;0;126.72
14346;7328;48;3;0;98.19
14347;7329;52;1;10;23.29
14348;7329;37;1;5;23.74
14349;7329;27;1;10;70.16
14350;7329;114;1;0;51.73
14351;7329;105;2;0;127.08
14352;7330;98;1;10;64.88
14353;7331;95;1;0;48.91
14354;7332;108;1;10;49.46
14355;7333;72;1;0;134.56
14356;7334;46;1;10;146.92
14357;7334;87;1;15;22.68
14358;7335;22;1;15;15.9
14359;7336;95;1;0;48.91
14360;7336;59;3;0;59.7
14361;7336;12;1;20;37.96
14362;7337;45;2;0;312.56
14363;7337;111;1;0;43.1
14364;7337;22;1;5;17.77
14365;7338;27;2;5;148.1
14366;7338;40;1;5;14.25
14367;7339;50;1;0;48.76
14368;7339;61;1;0;61.23
14369;7339;76;1;0;36.72
14370;7339;57;1;5;34.7
14371;7339;88;1;0;45.63
14372;7340;89;1;0;20.76
14373;7340;60;1;0;94.95
14374;7341;34;3;0;63.99
14375;7341;15;1;0;24.29
14376;7342;66;1;20;46.9
14377;7342;33;1;0;41.22
14378;7343;69;2;0;42.42
14379;7343;45;3;0;468.84
14380;7344;17;2;0;60.04
14381;7344;102;1;0;23.54
14382;7344;112;2;20;24.0
14383;7345;89;1;0;20.76
14384;7345;16;3;5;106.42
14385;7346;73;1;0;15.0
14386;7346;10;3;15;167.46
14387;7347;13;2;5;62.78
14388;7347;101;1;0;21.1
14389;7347;16;1;0;37.34
14390;7348;92;1;0;146.56
14391;7349;68;1;0;160.88
14392;7350;68;1;5;152.84
14393;7350;69;1;0;21.21
14394;7351;103;2;0;59.78
14395;7351;28;1;0;35.73
14396;7351;56;2;0;47.7
14397;7351;95;1;0;48.91
14398;7351;60;1;15;80.71
14399;7352;10;1;5;62.39
14400;7352;101;1;0;21.1
14401;7352;25;1;5;31.91
14402;7353;114;1;0;51.73
14403;7353;99;2;0;54.3
14404;7353;59;1;5;18.9
14405;7354;34;1;10;19.2
14406;7354;66;2;0;117.26
14407;7354;30;1;0;15.0
14408;7355;77;1;15;12.75
14409;7356;115;1;0;21.41
14410;7356;10;1;0;65.67
14411;7356;17;2;0;60.04
14412;7357;11;1;20;85.37
14413;7358;63;2;5;173.07
14414;7359;120;1;0;42.15
14415;7360;32;1;10;45.59
14416;7360;12;1;0;47.45
14417;7361;33;3;0;123.66
14418;7361;113;1;10;57.02
14419;7362;85;1;0;41.5
14420;7362;40;1;5;14.25
14421;7363;13;1;0;33.04
14422;7364;113;1;5;60.19
14423;7364;118;1;5;40.76
14424;7364;114;1;0;51.73
14425;7365;114;1;15;43.97
14426;7366;19;2;5;118.03
14427;7366;48;1;0;32.73
14428;7367;8;2;0;30.0
14429;7367;19;1;10;55.91
14430;7368;60;1;0;94.95
14431;7368;31;1;0;67.64
14432;7369;50;1;10;43.88
14433;7370;48;1;0;32.73
14434;7370;81;1;5;17.23
14435;7370;90;1;0;48.64
14436;7370;86;1;0;15.0
14437;7371;60;1;0;94.95
14438;7371;34;2;0;42.66
14439;7372;37;1;5;23.74
14440;7372;85;2;0;83.0
14441;7373;96;1;5;153.17
14442;7373;11;1;0;106.71
14443;7374;2;3;5;54.21
14444;7375;91;1;5;24.9
14445;7376;65;2;0;98.14
14446;7376;10;1;5;62.39
14447;7377;91;2;5;49.8
14448;7378;7;1;0;35.02
14449;7379;1;1;15;18.12
14450;7379;8;1;20;12.0
14451;7379;3;1;10;72.7
14452;7379;36;1;0;48.55
14453;7380;110;1;0;83.15
14454;7380;28;1;5;33.94
14455;7380;95;1;0;48.91
14456;7381;45;1;0;156.28
14457;7381;120;2;0;84.3
14458;7381;13;1;0;33.04
14459;7382;82;3;0;56.43
14460;7382;99;1;5;25.79
14461;7382;60;1;0;94.95
14462;7383;106;1;15;29.38
14463;7383;39;1;5;34.8
14464;7383;59;1;0;19.9
14465;7384;76;1;0;36.72
14466;7384;95;1;0;48.91
14467;7385;98;1;0;72.09
14468;7386;106;2;0;69.12
14469;7387;26;1;5;36.33
14470;7387;93;1;0;15.0
14471;7388;32;1;0;50.66
14472;7389;86;1;0;15.0
14473;7389;105;2;0;127.08
14474;7389;10;1;0;65.67
14475;7390;29;1;0;15.0
14476;7390;38;2;0;111.36
14477;7390;37;1;5;23.74
14478;7391;19;2;15;105.6
14479;7391;85;1;10;37.35
14480;7392;89;1;0;20.76
14481;7392;110;1;0;83.15
14482;7393;28;1;5;33.94
14483;7394;5;3;10;102.95
14484;7394;20;1;0;58.07
14485;7394;14;1;15;164.42
14486;7394;97;1;20;12.0
14487;7394;17;3;5;85.56
14488;7395;53;1;0;70.97
14489;7395;35;1;0;34.49
14490;7396;20;1;0;58.07
14491;7397;120;3;0;126.45
14492;7397;111;1;0;43.1
14493;7398;44;2;0;168.88
14494;7398;61;1;0;61.23
14495;7399;109;1;15;12.75
14496;7400;27;1;0;77.95
14497;7400;69;1;0;21.21
14498;7400;51;2;0;306.56
14499;7400;93;3;20;36.0
14500;7401;78;3;0;174.12
14501;7401;115;1;0;21.41
14502;7402;44;2;0;168.88
14503;7403;20;1;0;58.07
14504;7404;84;1;15;21.82
14505;7404;20;2;15;98.72
14506;7404;27;1;0;77.95
14507;7404;60;1;0;94.95
14508;7405;112;1;15;12.75
14509;7406;80;2;0;84.12
14510;7406;46;1;10;146.92
14511;7406;101;2;0;42.2
14512;7407;108;2;0;109.9
14513;7407;14;2;0;386.86
14514;7407;70;1;10;200.63
14515;7408;107;1;5;73.64
14516;7408;36;2;0;97.1
14517;7408;3;1;0;80.78
14518;7408;53;1;10;63.87
14519;7409;99;2;5;51.58
14520;7409;3;3;0;242.34
14521;7409;81;3;0;54.42
14522;7410;97;1;5;14.25
14523;7410;87;1;15;22.68
14524;7411;21;1;0;35.69
14525;7411;62;1;5;34.11
14526;7411;64;1;10;13.5
14527;7412;81;1;15;15.42
14528;7412;77;1;0;15.0
14529;7412;49;1;5;88.87
14530;7413;120;1;0;42.15
14531;7413;57;1;5;34.7
14532;7414;120;2;0;84.3
14533;7415;87;1;0;26.68
14534;7415;2;1;0;19.02
14535;7416;19;1;0;62.12
14536;7417;33;1;0;41.22
14537;7418;19;1;0;62.12
14538;7419;21;1;0;35.69
14539;7419;28;1;5;33.94
14540;7419;7;2;0;70.04
14541;7419;72;3;0;403.68
14542;7420;37;1;0;24.99
14543;7421;71;1;0;22.26
14544;7422;20;1;15;49.36
14545;7422;68;3;0;482.64
14546;7423;48;1;0;32.73
14547;7424;113;1;10;57.02
14548;7424;65;1;0;49.07
14549;7424;99;1;0;27.15
14550;7424;33;1;0;41.22
14551;7424;76;1;0;36.72
14552;7425;15;2;0;48.58
14553;7426;103;2;0;59.78
14554;7426;110;1;0;83.15
14555;7426;25;1;5;31.91
14556;7426;52;1;10;23.29
14557;7427;12;3;5;135.23
14558;7427;78;1;0;58.04
14559;7427;108;1;0;54.95
14560;7428;106;1;0;34.56
14561;7428;78;2;0;116.08
14562;7429;92;1;5;139.23
14563;7429;22;3;0;56.13
14564;7430;79;1;20;97.09
14565;7431;18;1;0;44.38
14566;7432;10;1;5;62.39
14567;7433;2;2;0;38.04
14568;7433;75;1;0;38.89
14569;7434;52;1;15;22.0
14570;7434;106;1;0;34.56
14571;7434;10;1;0;65.67
14572;7435;44;1;10;76.0
14573;7435;6;1;0;65.87
14574;7436;49;1;5;88.87
14575;7436;118;1;0;42.91
14576;7436;94;1;10;87.53
14577;7437;78;1;5;55.14
14578;7437;110;1;0;83.15
14579;7438;35;2;0;68.98
14580;7439;34;1;0;21.33
14581;7439;25;2;5;63.82
14582;7439;68;2;5;305.67
14583;7440;100;1;0;90.89
14584;7440;102;2;15;40.02
14585;7441;78;3;10;156.71
14586;7442;84;1;10;23.1
14587;7442;78;2;15;98.67
14588;7443;91;1;5;24.9
14589;7444;89;1;20;16.61
14590;7444;85;1;0;41.5
14591;7445;89;1;0;20.76
14592;7445;36;2;5;92.24
14593;7446;16;1;0;37.34
14594;7446;57;3;0;109.59
14595;7446;45;1;0;156.28
14596;7447;98;2;5;136.97
14597;7447;67;2;5;44.06
14598;7448;115;2;15;36.4
14599;7449;91;1;0;26.21
14600;7449;11;2;0;213.42
14601;7449;40;2;0;30.0
14602;7449;55;1;0;15.0
14603;7450;70;1;0;222.92
14604;7450;22;1;0;18.71
14605;7451;92;1;5;139.23
14606;7452;5;1;10;34.32
14607;7453;13;3;5;94.16
14608;7453;71;1;0;22.26
14609;7454;115;1;20;17.13
14610;7455;98;3;15;183.83
14611;7456;46;3;10;440.75
14612;7456;8;2;10;27.0
14613;7457;96;1;15;137.05
14614;7457;102;1;0;23.54
14615;7458;45;2;10;281.3
14616;7458;73;1;10;13.5
14617;7459;87;3;0;80.04
14618;7459;63;2;0;182.18
14619;7460;100;1;0;90.89
14620;7461;94;2;20;155.62
14621;7462;55;3;10;40.5
14622;7463;99;1;0;27.15
14623;7464;30;2;5;28.5
14624;7464;106;1;15;29.38
14625;7464;22;1;0;18.71
14626;7465;9;2;5;39.22
14627;7466;20;1;0;58.07
14628;7467;60;1;5;90.2
14629;7467;14;1;0;193.43
14630;7467;119;1;0;94.67
14631;7468;13;1;5;31.39
14632;7469;106;1;5;32.83
14633;7469;15;1;15;20.65
14634;7470;79;1;5;115.29
14635;7471;21;1;10;32.12
14636;7471;23;1;15;48.58
14637;7472;67;1;0;23.19
14638;7473;3;1;0;80.78
14639;7473;112;1;0;15.0
14640;7473;19;1;0;62.12
14641;7474;23;1;20;45.72
14642;7474;55;2;0;30.0
14643;7475;75;2;0;77.78
14644;7475;18;1;10;39.94
14645;7476;39;2;10;65.93
14646;7477;90;1;0;48.64
14647;7478;88;2;0;91.26
14648;7478;83;1;5;182.03
14649;7478;84;1;20;20.54
14650;7479;43;2;0;220.38
14651;7479;67;2;15;39.42
14652;7479;42;1;0;18.28
14653;7479;28;1;10;32.16
14654;7480;53;1;0;70.97
14655;7480;75;1;0;38.89
14656;7481;18;1;0;44.38
14657;7481;47;1;0;16.67
14658;7482;66;3;0;175.89
14659;7483;96;2;20;257.97
14660;7484;97;1;0;15.0
14661;7485;120;1;15;35.83
14662;7485;94;1;0;97.26
14663;7485;35;1;0;34.49
14664;7486;74;2;10;85.95
14665;7486;88;1;20;36.5
14666;7487;47;2;10;30.01
14667;7488;16;1;5;35.47
14668;7488;86;1;20;12.0
14669;7489;46;1;5;155.08
14670;7490;17;3;5;85.56
14671;7490;37;1;10;22.49
14672;7491;41;1;15;19.15
14673;7491;17;1;15;25.52
14674;7491;65;1;0;49.07
14675;7491;113;1;5;60.19
14676;7492;36;2;5;92.24
14677;7493;40;2;5;28.5
14678;7493;92;1;0;146.56
14679;7494;89;2;20;33.22
14680;7495;95;1;0;48.91
14681;7495;29;1;0;15.0
14682;7496;96;1;0;161.23
14683;7496;109;1;0;15.0
14684;7496;89;1;0;20.76
14685;7497;62;2;0;71.82
14686;7498;97;1;5;14.25
14687;7499;99;1;0;27.15
14688;7499;49;1;10;84.19
14689;7499;8;3;15;38.25
14690;7499;96;2;0;322.46
14691;7500;76;2;0;73.44
14692;7501;71;1;0;22.26
14693;7501;58;2;5;267.54
14694;7502;12;1;10;42.71
14695;7503;35;1;0;34.49
14696;7504;3;3;5;230.22
14697;7504;21;1;20;28.55
14698;7505;109;1;5;14.25
14699;7505;40;1;15;12.75
14700;7506;85;1;0;41.5
14701;7507;105;1;15;54.01
14702;7507;2;2;0;38.04
14703;7508;66;1;0;58.63
14704;7508;29;2;0;30.0
14705;7509;79;2;0;242.72
14706;7509;75;2;10;70.0
14707;7509;65;1;0;49.07
14708;7509;40;1;15;12.75
14709;7509;105;1;0;63.54
14710;7510;95;1;0;48.91
14711;7511;66;2;20;93.81
14712;7511;15;2;10;43.72
14713;7511;113;1;0;63.36
14714;7512;36;1;0;48.55
14715;7512;80;1;15;35.75
14716;7513;48;1;5;31.09
14717;7514;81;1;5;17.23
14718;7515;83;2;0;383.22
14719;7516;105;1;15;54.01
14720;7516;12;1;20;37.96
14721;7517;8;1;20;12.0
14722;7518;45;1;0;156.28
14723;7518;20;1;5;55.17
14724;7519;70;1;0;222.92
14725;7519;91;3;5;74.7
14726;7520;54;3;0;91.14
14727;7520;43;1;15;93.66
14728;7521;78;1;5;55.14
14729;7522;72;2;10;242.21
14730;7523;19;1;0;62.12
14731;7524;33;2;20;65.95
14732;7525;23;1;0;57.15
14733;7525;8;1;5;14.25
14734;7525;59;3;0;59.7
14735;7526;72;1;5;127.83
14736;7527;18;1;15;37.72
14737;7527;106;3;15;88.13
14738;7528;77;1;0;15.0
14739;7528;45;1;20;125.02
14740;7529;75;2;5;73.89
14741;7530;45;3;10;421.96
14742;7530;34;1;0;21.33
14743;7531;74;1;0;47.75
14744;7531;108;1;0;54.95
14745;7532;57;3;15;93.15
14746;7532;56;1;10;21.47
14747;7533;46;1;0;163.24
14748;7533;63;1;0;91.09
14749;7534;41;3;0;67.59
14750;7534;105;1;0;63.54
14751;7535;78;1;0;58.04
14752;7536;26;1;0;38.24
14753;7537;87;1;5;25.35
14754;7538;40;1;5;14.25
14755;7538;27;1;0;77.95
14756;7538;49;1;0;93.55
14757;7539;27;2;0;155.9
14758;7539;89;1;0;20.76
14759;7540;35;1;15;29.32
14760;7541;43;2;0;220.38
14761;7542;119;1;0;94.67
14762;7542;75;3;5;110.84
14763;7542;64;3;5;42.75
14764;7542;100;3;0;272.67
14765;7543;94;2;0;194.52
14766;7543;21;1;0;35.69
14767;7544;46;1;0;163.24
14768;7544;25;1;15;28.55
14769;7544;95;1;15;41.57
14770;7544;39;1;0;36.63
14771;7545;24;1;10;197.62
14772;7546;49;1;0;93.55
14773;7547;16;1;0;37.34
14774;7548;99;2;0;54.3
14775;7548;81;1;0;18.14
14776;7549;49;1;0;93.55
14777;7550;33;3;0;123.66
14778;7551;48;1;0;32.73
14779;7552;32;1;5;48.13
14780;7553;29;1;20;12.0
14781;7554;26;1;10;34.42
14782;7554;8;2;10;27.0
14783;7554;23;1;0;57.15
14784;7555;113;1;10;57.02
14785;7555;27;1;20;62.36
14786;7555;95;1;0;48.91
14787;7555;67;2;10;41.74
14788;7556;77;1;0;15.0
14789;7556;58;1;0;140.81
14790;7556;81;1;5;17.23
14791;7556;53;1;5;67.42
14792;7557;37;1;15;21.24
14793;7558;19;1;0;62.12
14794;7558;41;1;0;22.53
14795;7558;3;1;10;72.7
14796;7559;56;1;0;23.85
14797;7559;62;1;0;35.91
14798;7559;93;1;0;15.0
14799;7560;11;1;0;106.71
14800;7561;67;1;0;23.19
14801;7561;89;1;5;19.72
14802;7561;106;2;0;69.12
14803;7562;63;1;10;81.98
14804;7562;110;1;0;83.15
14805;7562;54;1;0;30.38
14806;7562;119;1;0;94.67
14807;7562;85;1;5;39.42
14808;7563;63;1;5;86.54
14809;7564;24;3;0;658.74
14810;7565;55;2;5;28.5
14811;7566;89;2;20;33.22
14812;7566;62;2;0;71.82
14813;7566;81;1;5;17.23
14814;7567;94;3;0;291.78
14815;7567;44;1;10;76.0
14816;7567;110;1;0;83.15
14817;7567;22;2;0;37.42
14818;7568;86;3;0;45.0
14819;7568;45;1;0;156.28
14820;7568;119;2;5;179.87
14821;7568;7;1;0;35.02
14822;7568;57;2;0;73.06
14823;7569;120;1;0;42.15
14824;7570;67;2;0;46.38
14825;7571;18;1;0;44.38
14826;7572;46;1;0;163.24
14827;7572;17;1;10;27.02
14828;7572;53;2;10;127.75
14829;7572;101;1;5;20.05
14830;7573;67;1;15;19.71
14831;7573;86;1;5;14.25
14832;7573;18;1;15;37.72
14833;7573;113;2;5;120.38
14834;7574;63;1;10;81.98
14835;7574;6;1;0;65.87
14836;7575;52;1;0;25.88
14837;7576;28;1;5;33.94
14838;7576;40;1;0;15.0
14839;7577;99;1;5;25.79
14840;7577;32;2;0;101.32
14841;7577;16;1;20;29.87
14842;7577;33;1;5;39.16
14843;7577;116;1;0;98.05
14844;7578;98;1;0;72.09
14845;7578;64;1;0;15.0
14846;7579;31;1;0;67.64
14847;7580;102;1;5;22.36
14848;7581;74;1;0;47.75
14849;7581;60;2;10;170.91
14850;7581;88;1;0;45.63
14851;7581;83;1;0;191.61
14852;7581;109;2;20;24.0
14853;7582;14;1;10;174.09
14854;7582;1;2;10;38.38
14855;7582;113;1;0;63.36
14856;7583;98;3;0;216.27
14857;7584;61;1;5;58.17
14858;7585;100;1;5;86.35
14859;7585;58;1;0;140.81
14860;7586;74;3;5;136.09
14861;7587;113;1;20;50.69
14862;7588;60;1;20;75.96
14863;7588;47;2;10;30.01
14864;7588;29;1;15;12.75
14865;7589;89;1;0;20.76
14866;7590;1;1;15;18.12
14867;7590;118;1;0;42.91
14868;7591;41;2;15;38.3
14869;7592;85;1;0;41.5
14870;7592;58;1;20;112.65
14871;7592;98;1;0;72.09
14872;7593;72;3;0;403.68
14873;7593;26;3;15;97.51
14874;7594;59;1;10;17.91
14875;7594;74;2;0;95.5
14876;7594;79;1;0;121.36
14877;7595;45;1;0;156.28
14878;7596;34;2;0;42.66
14879;7597;113;3;5;180.58
14880;7597;56;1;15;20.27
14881;7597;109;3;0;45.0
14882;7598;109;1;0;15.0
14883;7598;97;1;0;15.0
14884;7599;89;1;0;20.76
14885;7600;15;1;5;23.08
14886;7601;74;1;0;47.75
14887;7602;90;1;0;48.64
14888;7602;81;1;20;14.51
14889;7602;112;1;0;15.0
14890;7603;52;3;0;77.64
14891;7603;106;3;20;82.94
14892;7604;97;1;5;14.25
14893;7604;64;1;5;14.25
14894;7604;108;2;0;109.9
14895;7604;90;3;10;131.33
14896;7605;46;1;15;138.75
14897;7605;28;3;5;101.83
14898;7606;106;2;0;69.12
14899;7607;82;1;5;17.87
14900;7607;52;2;0;51.76
14901;7608;41;1;0;22.53
14902;7608;7;1;0;35.02
14903;7608;12;1;0;47.45
14904;7609;39;1;15;31.14
14905;7610;20;3;0;174.21
14906;7610;23;1;20;45.72
14907;7611;66;2;0;117.26
14908;7612;80;3;15;107.25
14909;7613;29;1;0;15.0
14910;7614;93;1;5;14.25
14911;7614;90;2;0;97.28
14912;7614;70;1;5;211.77
14913;7614;30;1;5;14.25
14914;7614;73;3;0;45.0
14915;7615;14;1;0;193.43
14916;7616;78;1;5;55.14
14917;7617;94;1;0;97.26
14918;7618;50;1;10;43.88
14919;7618;30;1;0;15.0
14920;7618;28;1;0;35.73
14921;7618;15;1;0;24.29
14922;7619;5;1;0;38.13
14923;7620;95;1;0;48.91
14924;7620;74;1;0;47.75
14925;7620;38;1;20;44.54
14926;7621;43;1;0;110.19
14927;7622;83;1;0;191.61
14928;7622;54;3;5;86.58
14929;7623;108;1;0;54.95
14930;7623;120;1;20;33.72
14931;7623;56;1;0;23.85
14932;7624;112;2;0;30.0
14933;7624;68;1;15;136.75
14934;7625;53;2;0;141.94
14935;7625;41;1;15;19.15
14936;7626;44;1;0;84.44
14937;7627;24;1;0;219.58
14938;7627;62;2;0;71.82
14939;7628;80;2;20;67.3
14940;7628;33;3;15;105.11
14941;7628;108;2;5;104.41
14942;7628;69;1;5;20.15
14943;7629;66;1;15;49.84
14944;7630;85;1;15;35.27
14945;7630;86;3;20;36.0
14946;7630;52;1;0;25.88
14947;7631;93;1;10;13.5
14948;7632;116;2;5;186.29
14949;7632;69;1;20;16.97
14950;7633;39;1;0;36.63
14951;7634;60;2;0;189.9
14952;7634;85;3;5;118.27
14953;7634;66;1;5;55.7
14954;7634;7;1;10;31.52
14955;7635;74;1;0;47.75
14956;7635;43;1;0;110.19
14957;7635;29;1;0;15.0
14958;7636;69;1;0;21.21
14959;7636;113;2;5;120.38
14960;7637;39;1;0;36.63
14961;7637;18;1;5;42.16
14962;7637;47;2;0;33.34
14963;7638;106;1;5;32.83
14964;7638;48;3;10;88.37
14965;7639;99;2;0;54.3
14966;7639;116;3;10;264.74
14967;7639;68;1;10;144.79
14968;7640;113;1;5;60.19
14969;7640;42;1;5;17.37
14970;7640;79;1;5;115.29
14971;7640;58;1;5;133.77
14972;7640;29;1;0;15.0
14973;7641;75;1;0;38.89
14974;7642;52;3;5;73.76
14975;7642;47;1;5;15.84
14976;7642;11;3;15;272.11
14977;7642;34;1;0;21.33
14978;7643;30;1;20;12.0
14979;7644;118;1;5;40.76
14980;7644;82;1;15;15.99
14981;7644;98;1;0;72.09
14982;7645;18;1;10;39.94
14983;7646;43;1;0;110.19
14984;7646;35;1;0;34.49
14985;7646;104;1;0;15.0
14986;7646;117;2;0;139.96
14987;7646;82;1;10;16.93
14988;7647;99;1;5;25.79
14989;7648;10;1;0;65.67
14990;7648;15;1;0;24.29
14991;7649;12;1;0;47.45
14992;7650;110;1;0;83.15
14993;7650;111;3;0;129.3
14994;7650;45;2;10;281.3
14995;7651;117;1;5;66.48
14996;7652;104;1;10;13.5
14997;7652;107;1;5;73.64
14998;7652;29;1;0;15.0
14999;7653;113;1;10;57.02
15000;7653;48;1;10;29.46
15001;7653;32;2;0;101.32
15002;7653;8;2;10;27.0
15003;7653;84;1;15;21.82
15004;7654;53;1;5;67.42
15005;7654;73;1;15;12.75
15006;7654;20;1;5;55.17
15007;7654;108;2;5;104.41
15008;7655;57;1;5;34.7
15009;7656;34;1;15;18.13
15010;7656;110;1;5;78.99
15011;7656;16;1;5;35.47
15012;7657;10;1;15;55.82
15013;7657;111;1;5;40.95
15014;7657;71;1;10;20.03
15015;7658;113;1;0;63.36
15016;7659;111;1;10;38.79
15017;7660;63;1;5;86.54
15018;7660;115;1;15;18.2
15019;7660;34;1;0;21.33
15020;7660;71;3;0;66.78
15021;7660;99;1;5;25.79
15022;7661;84;1;0;25.67
15023;7661;97;1;0;15.0
15024;7662;46;1;5;155.08
15025;7663;46;1;10;146.92
15026;7664;14;1;0;193.43
15027;7664;27;1;0;77.95
15028;7665;67;2;5;44.06
15029;7666;77;1;5;14.25
15030;7667;46;2;5;310.16
15031;7667;119;1;0;94.67
15032;7668;98;1;0;72.09
15033;7668;49;2;10;168.39
15034;7668;43;1;0;110.19
15035;7668;58;2;0;281.62
15036;7669;1;1;10;19.19
15037;7669;51;2;5;291.23
15038;7670;65;1;10;44.16
15039;7670;22;1;5;17.77
15040;7670;75;1;10;35.0
15041;7671;64;2;0;30.0
15042;7671;2;1;15;16.17
15043;7672;118;1;10;38.62
15044;7672;40;1;0;15.0
15045;7672;14;1;0;193.43
15046;7673;12;1;10;42.71
15047;7673;28;1;5;33.94
15048;7674;27;1;0;77.95
15049;7674;95;1;0;48.91
15050;7675;51;1;5;145.62
15051;7676;91;1;0;26.21
15052;7676;101;2;15;35.87
15053;7677;117;1;20;55.98
15054;7678;9;1;0;20.64
15055;7679;19;1;10;55.91
15056;7680;62;3;10;96.96
15057;7681;76;2;5;69.77
15058;7681;3;1;5;76.74
15059;7682;49;2;5;177.74
15060;7682;77;1;10;13.5
15061;7683;119;1;5;89.94
15062;7684;29;2;5;28.5
15063;7685;95;1;10;44.02
15064;7685;24;2;10;395.24
15065;7685;58;1;0;140.81
15066;7686;84;1;15;21.82
15067;7687;69;1;0;21.21
15068;7688;57;1;0;36.53
15069;7689;113;1;0;63.36
15070;7689;25;1;15;28.55
15071;7689;44;1;0;84.44
15072;7689;53;1;0;70.97
15073;7690;47;1;15;14.17
15074;7691;73;1;10;13.5
15075;7691;52;1;5;24.59
15076;7692;65;1;0;49.07
15077;7693;51;1;5;145.62
15078;7693;106;1;15;29.38
15079;7693;108;1;0;54.95
15080;7693;42;1;20;14.62
15081;7693;66;1;5;55.7
15082;7694;24;2;0;439.16
15083;7695;72;1;5;127.83
15084;7695;36;1;0;48.55
15085;7695;16;1;0;37.34
15086;7695;99;1;15;23.08
15087;7695;110;1;0;83.15
15088;7696;48;1;0;32.73
15089;7696;41;1;5;21.4
15090;7696;118;1;15;36.47
15091;7696;23;1;0;57.15
15092;7697;106;1;0;34.56
15093;7697;78;1;5;55.14
15094;7697;72;1;0;134.56
15095;7697;97;1;10;13.5
15096;7697;36;1;0;48.55
15097;7698;103;2;5;56.79
15098;7699;12;3;10;128.12
15099;7700;112;2;10;27.0
15100;7701;11;1;0;106.71
15101;7701;85;1;15;35.27
15102;7701;27;1;20;62.36
15103;7701;53;1;15;60.32
15104;7702;114;1;0;51.73
15105;7702;30;1;0;15.0
15106;7702;19;1;5;59.01
15107;7703;68;1;0;160.88
15108;7704;49;1;10;84.19
15109;7705;102;1;0;23.54
15110;7706;118;1;0;42.91
15111;7707;31;1;0;67.64
15112;7707;97;1;0;15.0
15113;7708;33;2;0;82.44
15114;7709;108;1;10;49.46
15115;7709;64;1;20;12.0
15116;7709;45;1;0;156.28
15117;7709;98;1;5;68.49
15118;7710;66;1;5;55.7
15119;7710;102;1;0;23.54
15120;7711;97;3;0;45.0
15121;7711;42;1;5;17.37
15122;7711;19;1;0;62.12
15123;7711;95;1;0;48.91
15124;7712;82;1;0;18.81
15125;7712;92;1;0;146.56
15126;7713;106;1;5;32.83
15127;7713;44;2;15;143.55
15128;7714;71;1;0;22.26
15129;7715;71;1;0;22.26
15130;7715;18;1;20;35.5
15131;7715;43;1;10;99.17
15132;7716;49;2;10;168.39
15133;7717;30;1;0;15.0
15134;7718;9;3;0;61.92
15135;7719;44;1;5;80.22
15136;7719;116;1;0;98.05
15137;7719;27;3;5;222.16
15138;7720;118;1;0;42.91
15139;7721;61;2;5;116.34
15140;7721;76;1;0;36.72
15141;7722;112;1;0;15.0
15142;7722;2;1;5;18.07
15143;7723;11;1;5;101.37
15144;7724;32;2;5;96.25
15145;7724;55;1;0;15.0
15146;7725;90;1;10;43.78
15147;7726;64;1;10;13.5
15148;7726;90;1;10;43.78
15149;7727;27;1;5;74.05
15150;7728;89;1;20;16.61
15151;7728;96;1;15;137.05
15152;7728;78;2;0;116.08
15153;7729;107;1;5;73.64
15154;7729;4;2;0;65.6
15155;7729;80;1;5;39.96
15156;7730;44;1;15;71.77
15157;7731;97;1;0;15.0
15158;7732;23;1;0;57.15
15159;7732;56;2;10;42.93
15160;7732;66;2;15;99.67
15161;7733;38;1;10;50.11
15162;7734;30;1;5;14.25
15163;7735;102;1;20;18.83
15164;7735;69;2;0;42.42
15165;7736;73;1;15;12.75
15166;7736;39;1;0;36.63
15167;7736;101;2;5;40.09
15168;7737;87;1;0;26.68
15169;7737;97;1;0;15.0
15170;7738;116;2;0;196.1
15171;7739;29;1;20;12.0
15172;7739;115;1;10;19.27
15173;7740;105;1;5;60.36
15174;7740;93;2;5;28.5
15175;7740;7;2;15;59.53
15176;7741;66;1;10;52.77
15177;7742;22;1;15;15.9
15178;7742;40;1;5;14.25
15179;7742;63;1;0;91.09
15180;7743;73;1;20;12.0
15181;7744;38;1;0;55.68
15182;7744;14;2;20;309.49
15183;7744;116;1;0;98.05
15184;7744;89;2;0;41.52
15185;7745;56;3;10;64.4
15186;7745;112;1;0;15.0
15187;7746;79;1;20;97.09
15188;7747;60;1;0;94.95
15189;7747;36;2;20;77.68
15190;7747;1;1;5;20.25
15191;7748;13;1;5;31.39
15192;7749;7;1;20;28.02
15193;7749;34;1;0;21.33
15194;7749;46;1;5;155.08
15195;7750;52;1;5;24.59
15196;7750;35;1;10;31.04
15197;7750;103;1;10;26.9
15198;7750;12;1;0;47.45
15199;7751;35;1;0;34.49
15200;7751;112;2;10;27.0
15201;7751;19;1;5;59.01
15202;7752;1;1;0;21.32
15203;7753;8;1;10;13.5
15204;7754;99;2;0;54.3
15205;7755;109;3;0;45.0
15206;7756;112;1;15;12.75
15207;7757;5;1;0;38.13
15208;7758;66;2;15;99.67
15209;7758;26;1;0;38.24
15210;7758;112;1;0;15.0
15211;7759;33;1;0;41.22
15212;7760;65;1;0;49.07
15213;7760;106;1;0;34.56
15214;7761;118;1;0;42.91
15215;7762;33;1;10;37.1
15216;7762;42;1;0;18.28
15217;7762;44;1;0;84.44
15218;7762;26;3;0;114.72
15219;7763;111;1;0;43.1
15220;7763;79;1;0;121.36
15221;7764;25;1;10;30.23
15222;7764;99;1;15;23.08
15223;7764;94;1;10;87.53
15224;7764;111;1;10;38.79
15225;7764;37;1;5;23.74
15226;7765;98;1;0;72.09
15227;7766;28;1;0;35.73
15228;7766;111;1;0;43.1
15229;7767;102;1;10;21.19
15230;7768;43;2;5;209.36
15231;7768;77;1;20;12.0
15232;7768;106;3;0;103.68
15233;7768;104;1;0;15.0
15234;7769;114;1;5;49.14
15235;7770;8;1;5;14.25
15236;7771;83;1;0;191.61
15237;7771;88;1;0;45.63
15238;7772;70;1;0;222.92
15239;7772;89;1;0;20.76
15240;7772;66;1;0;58.63
15241;7772;35;2;20;55.18
15242;7772;73;2;5;28.5
15243;7773;120;1;0;42.15
15244;7773;21;2;0;71.38
15245;7774;110;2;0;166.3
15246;7775;99;1;10;24.43
15247;7775;26;1;0;38.24
15248;7775;69;1;0;21.21
15249;7775;72;1;5;127.83
15250;7776;98;1;0;72.09
15251;7776;49;1;10;84.19
15252;7776;97;1;5;14.25
15253;7776;78;1;5;55.14
15254;7777;114;1;0;51.73
15255;7778;73;1;15;12.75
15256;7779;31;1;0;67.64
15257;7779;80;1;10;37.85
15258;7780;7;1;0;35.02
15259;7781;64;1;5;14.25
15260;7782;47;1;0;16.67
15261;7783;75;1;0;38.89
15262;7784;23;1;0;57.15
15263;7785;60;1;0;94.95
15264;7785;88;1;0;45.63
15265;7786;67;1;0;23.19
15266;7787;35;1;10;31.04
15267;7787;25;1;0;33.59
15268;7788;3;2;0;161.56
15269;7789;69;1;0;21.21
15270;7789;95;1;0;48.91
15271;7790;74;2;0;95.5
15272;7790;80;1;0;42.06
15273;7790;71;1;0;22.26
15274;7790;117;1;0;69.98
15275;7791;6;1;0;65.87
15276;7791;15;1;15;20.65
15277;7792;102;1;5;22.36
15278;7793;15;1;5;23.08
15279;7793;73;1;15;12.75
15280;7793;100;1;20;72.71
15281;7794;104;1;0;15.0
15282;7795;69;2;0;42.42
15283;7795;37;1;15;21.24
15284;7796;45;2;5;296.93
15285;7797;64;1;20;12.0
15286;7798;51;1;0;153.28
15287;7798;77;1;10;13.5
15288;7799;22;1;15;15.9
15289;7799;92;2;5;278.46
15290;7800;15;1;0;24.29
15291;7800;110;1;10;74.84
15292;7800;66;2;0;117.26
15293;7800;62;1;15;30.52
15294;7800;74;1;15;40.59
15295;7801;56;1;5;22.66
15296;7802;72;1;20;107.65
15297;7802;42;1;0;18.28
15298;7803;3;1;0;80.78
15299;7804;61;1;0;61.23
15300;7805;64;2;20;24.0
15301;7806;53;1;15;60.32
15302;7806;107;1;0;77.52
15303;7806;113;1;20;50.69
15304;7807;91;2;0;52.42
15305;7807;48;3;5;93.28
15306;7808;44;1;0;84.44
15307;7809;79;1;10;109.22
15308;7810;50;1;0;48.76
15309;7810;89;1;15;17.65
15310;7811;78;2;0;116.08
15311;7811;101;1;0;21.1
15312;7812;33;1;10;37.1
15313;7813;26;1;5;36.33
15314;7814;100;1;10;81.8
15315;7815;62;3;0;107.73
15316;7815;113;1;5;60.19
15317;7815;37;1;0;24.99
15318;7815;24;1;0;219.58
15319;7815;17;1;15;25.52
15320;7816;58;1;0;140.81
15321;7816;40;1;0;15.0
15322;7817;23;1;5;54.29
15323;7817;114;1;0;51.73
15324;7818;39;1;20;29.3
15325;7818;18;1;0;44.38
15326;7818;35;2;5;65.53
15327;7819;11;2;0;213.42
15328;7819;33;1;0;41.22
15329;7819;25;1;0;33.59
15330;7819;1;2;5;40.51
15331;7820;12;1;10;42.71
15332;7820;66;1;0;58.63
15333;7821;104;2;0;30.0
15334;7822;120;3;15;107.48
15335;7822;115;1;0;21.41
15336;7823;1;1;15;18.12
15337;7824;57;1;20;29.22
15338;7824;115;1;0;21.41
15339;7825;62;2;0;71.82
15340;7826;19;1;0;62.12
15341;7826;87;1;5;25.35
15342;7827;96;1;15;137.05
15343;7827;99;1;0;27.15
15344;7827;88;1;15;38.79
15345;7828;49;1;0;93.55
15346;7828;19;1;0;62.12
15347;7828;100;1;10;81.8
15348;7829;115;1;0;21.41
15349;7829;73;3;15;38.25
15350;7829;110;1;0;83.15
15351;7829;58;1;10;126.73
15352;7830;60;1;0;94.95
15353;7830;91;1;5;24.9
15354;7831;15;1;0;24.29
15355;7831;97;1;20;12.0
15356;7832;10;1;0;65.67
15357;7833;25;1;5;31.91
15358;7834;91;1;10;23.59
15359;7834;119;1;5;89.94
15360;7834;53;2;10;127.75
15361;7834;49;1;5;88.87
15362;7835;81;1;10;16.33
15363;7835;77;1;0;15.0
15364;7835;59;2;0;39.8
15365;7835;106;2;0;69.12
15366;7836;70;1;5;211.77
15367;7837;9;1;0;20.64
15368;7838;64;1;0;15.0
15369;7839;71;1;0;22.26
15370;7840;81;1;0;18.14
15371;7841;12;1;20;37.96
15372;7841;61;1;0;61.23
15373;7842;11;1;0;106.71
15374;7842;91;1;0;26.21
15375;7842;86;1;0;15.0
15376;7843;114;1;15;43.97
15377;7844;105;1;5;60.36
15378;7845;89;1;0;20.76
15379;7846;6;1;5;62.58
15380;7846;58;1;0;140.81
15381;7847;44;1;10;76.0
15382;7848;98;3;5;205.46
15383;7848;57;1;0;36.53
15384;7849;70;1;0;222.92
15385;7850;119;1;10;85.2
15386;7851;25;1;15;28.55
15387;7852;58;1;10;126.73
15388;7852;17;2;5;57.04
15389;7853;111;1;10;38.79
15390;7853;98;1;0;72.09
15391;7854;52;3;15;65.99
15392;7855;39;1;10;32.97
15393;7856;86;1;0;15.0
15394;7856;118;1;5;40.76
15395;7856;79;1;5;115.29
15396;7857;41;1;0;22.53
15397;7857;98;1;5;68.49
15398;7857;90;1;5;46.21
15399;7857;80;2;0;84.12
15400;7857;72;2;10;242.21
15401;7858;82;1;20;15.05
15402;7858;55;1;20;12.0
15403;7859;42;1;0;18.28
15404;7859;41;1;10;20.28
15405;7860;120;2;5;80.08
15406;7861;41;2;0;45.06
15407;7861;12;1;5;45.08
15408;7861;39;1;0;36.63
15409;7861;97;3;5;42.75
15410;7862;114;1;0;51.73
15411;7863;88;1;0;45.63
15412;7863;97;1;0;15.0
15413;7864;86;2;5;28.5
15414;7865;18;1;0;44.38
15415;7865;104;1;10;13.5
15416;7866;76;2;0;73.44
15417;7867;20;1;5;55.17
15418;7868;7;1;0;35.02
15419;7868;14;3;0;580.29
15420;7868;101;1;0;21.1
15421;7868;83;1;0;191.61
15422;7869;5;1;0;38.13
15423;7869;51;1;5;145.62
15424;7870;22;1;0;18.71
15425;7870;46;1;0;163.24
15426;7871;67;2;0;46.38
15427;7872;83;1;0;191.61
15428;7872;73;1;0;15.0
15429;7872;39;1;0;36.63
15430;7872;86;1;5;14.25
15431;7873;70;2;0;445.84
15432;7873;60;2;0;189.9
15433;7873;74;3;5;136.09
15434;7873;63;1;0;91.09
15435;7874;73;2;0;30.0
15436;7874;24;1;20;175.66
15437;7875;62;1;10;32.32
15438;7875;27;1;0;77.95
15439;7875;37;1;15;21.24
15440;7875;72;1;0;134.56
15441;7876;57;1;5;34.7
15442;7876;45;1;0;156.28
15443;7877;109;1;0;15.0
15444;7878;94;2;10;175.07
15445;7879;8;1;0;15.0
15446;7880;12;2;0;94.9
15447;7880;28;1;0;35.73
15448;7880;89;1;5;19.72
15449;7881;38;1;0;55.68
15450;7882;15;1;5;23.08
15451;7883;95;1;5;46.46
15452;7883;111;1;15;36.63
15453;7883;71;1;0;22.26
15454;7884;31;1;0;67.64
15455;7884;15;1;0;24.29
15456;7884;35;3;0;103.47
15457;7884;28;1;0;35.73
15458;7885;111;1;0;43.1
15459;7886;62;1;10;32.32
15460;7887;28;2;0;71.46
15461;7888;16;3;5;106.42
15462;7889;97;1;5;14.25
15463;7890;94;1;0;97.26
15464;7891;100;1;0;90.89
15465;7891;117;1;0;69.98
15466;7892;62;1;0;35.91
15467;7893;117;1;10;62.98
15468;7893;45;1;10;140.65
15469;7893;72;1;5;127.83
15470;7894;117;1;5;66.48
15471;7894;29;1;5;14.25
15472;7894;92;1;0;146.56
15473;7894;32;1;15;43.06
15474;7895;95;1;5;46.46
15475;7895;57;1;10;32.88
15476;7896;51;2;5;291.23
15477;7896;110;3;20;199.56
15478;7897;115;1;10;19.27
15479;7898;103;1;5;28.4
15480;7899;17;1;0;30.02
15481;7899;69;1;20;16.97
15482;7900;85;1;5;39.42
15483;7901;118;2;10;77.24
15484;7901;89;2;0;41.52
15485;7902;108;1;5;52.2
15486;7903;7;1;0;35.02
15487;7903;117;1;0;69.98
15488;7904;96;1;10;145.11
15489;7905;81;1;5;17.23
15490;7906;33;1;0;41.22
15491;7906;49;3;5;266.62
15492;7906;100;1;0;90.89
15493;7907;112;1;5;14.25
15494;7907;30;1;0;15.0
15495;7908;47;1;0;16.67
15496;7908;40;1;15;12.75
15497;7909;55;1;0;15.0
15498;7909;19;1;0;62.12
15499;7910;32;1;0;50.66
15500;7911;19;1;0;62.12
15501;7911;5;1;15;32.41
15502;7911;71;2;0;44.52
15503;7912;95;1;0;48.91
15504;7912;120;1;10;37.94
15505;7912;99;2;10;48.87
15506;7912;106;1;10;31.1
15507;7913;119;1;5;89.94
15508;7913;90;1;10;43.78
15509;7914;107;3;0;232.56
15510;7914;21;3;0;107.07
15511;7915;76;1;0;36.72
15512;7915;54;1;0;30.38
15513;7916;106;1;0;34.56
15514;7917;58;2;0;281.62
15515;7917;2;1;20;15.22
15516;7918;110;1;15;70.68
15517;7918;19;1;5;59.01
15518;7919;53;1;0;70.97
15519;7920;54;1;10;27.34
15520;7921;22;3;5;53.32
15521;7921;120;3;0;126.45
15522;7922;20;1;0;58.07
15523;7923;25;2;0;67.18
15524;7923;93;1;0;15.0
15525;7924;52;2;0;51.76
15526;7925;37;1;0;24.99
15527;7925;42;1;5;17.37
15528;7925;102;1;0;23.54
15529;7926;35;1;15;29.32
15530;7926;101;1;0;21.1
15531;7926;77;1;10;13.5
15532;7926;20;2;0;116.14
15533;7926;99;1;0;27.15
15534;7927;109;1;0;15.0
15535;7927;93;2;0;30.0
15536;7928;15;3;0;72.87
15537;7929;106;1;15;29.38
15538;7930;114;1;15;43.97
15539;7930;75;2;0;77.78
15540;7931;68;1;0;160.88
15541;7932;93;1;10;13.5
15542;7932;16;1;5;35.47
15543;7933;92;2;0;293.12
15544;7934;100;1;10;81.8
15545;7935;119;1;10;85.2
15546;7936;66;1;0;58.63
15547;7936;61;2;5;116.34
15548;7937;114;2;10;93.11
15549;7937;102;1;0;23.54
15550;7937;28;1;10;32.16
15551;7937;105;1;0;63.54
15552;7938;118;1;0;42.91
15553;7939;34;1;0;21.33
15554;7940;43;3;0;330.57
15555;7940;14;1;0;193.43
15556;7941;93;1;5;14.25
15557;7942;113;1;5;60.19
15558;7943;8;1;10;13.5
15559;7943;99;3;0;81.45
15560;7944;5;1;0;38.13
15561;7945;41;1;0;22.53
15562;7946;45;1;20;125.02
15563;7947;56;1;5;22.66
15564;7948;93;1;0;15.0
15565;7948;95;1;0;48.91
15566;7948;12;2;0;94.9
15567;7949;37;1;0;24.99
15568;7949;41;2;10;40.55
15569;7950;100;1;10;81.8
15570;7951;12;2;0;94.9
15571;7951;111;1;15;36.63
15572;7952;38;1;0;55.68
15573;7952;41;1;15;19.15
15574;7953;93;2;0;30.0
15575;7953;49;1;5;88.87
15576;7954;68;1;0;160.88
15577;7954;100;1;0;90.89
15578;7955;63;1;20;72.87
15579;7955;68;2;15;273.5
15580;7955;73;1;0;15.0
15581;7956;13;2;0;66.08
15582;7956;85;1;0;41.5
15583;7956;108;2;0;109.9
15584;7956;115;1;10;19.27
15585;7956;23;2;10;102.87
15586;7957;101;1;15;17.94
15587;7958;28;1;5;33.94
15588;7959;28;1;10;32.16
15589;7959;75;1;0;38.89
15590;7959;43;2;10;198.34
15591;7959;76;1;15;31.21
15592;7960;120;2;5;80.08
15593;7961;5;1;0;38.13
15594;7962;19;1;0;62.12
15595;7963;90;1;0;48.64
15596;7964;32;1;0;50.66
15597;7964;34;1;5;20.26
15598;7964;58;1;0;140.81
15599;7965;50;1;0;48.76
15600;7965;15;1;0;24.29
15601;7966;21;1;20;28.55
15602;7966;83;1;5;182.03
15603;7966;18;1;0;44.38
15604;7967;119;1;5;89.94
15605;7968;36;1;0;48.55
15606;7968;63;1;0;91.09
15607;7968;16;1;5;35.47
15608;7969;29;1;0;15.0
15609;7969;105;1;0;63.54
15610;7970;100;1;0;90.89
15611;7971;111;1;5;40.95
15612;7972;26;2;0;76.48
15613;7973;44;1;0;84.44
15614;7974;5;1;10;34.32
15615;7974;62;1;5;34.11
15616;7975;48;1;5;31.09
15617;7975;107;2;0;155.04
15618;7976;34;2;5;40.53
15619;7977;67;1;0;23.19
15620;7978;120;1;0;42.15
15621;7979;10;1;0;65.67
15622;7979;101;1;0;21.1
15623;7980;24;1;10;197.62
15624;7981;1;3;0;63.96
15625;7982;94;2;0;194.52
15626;7983;20;2;0;116.14
15627;7984;108;1;0;54.95
15628;7984;116;2;0;196.1
15629;7985;37;1;0;24.99
15630;7985;118;1;0;42.91
15631;7985;93;1;0;15.0
15632;7986;75;1;5;36.95
15633;7986;72;2;10;242.21
15634;7987;27;1;5;74.05
15635;7987;14;1;0;193.43
15636;7988;43;1;0;110.19
15637;7988;67;2;0;46.38
15638;7988;93;2;0;30.0
15639;7989;49;1;0;93.55
15640;7989;84;1;0;25.67
15641;7989;7;1;0;35.02
15642;7990;117;1;5;66.48
15643;7990;73;1;0;15.0
15644;7991;10;1;0;65.67
15645;7991;34;1;10;19.2
15646;7991;114;1;5;49.14
15647;7992;88;1;0;45.63
15648;7992;17;2;5;57.04
15649;7993;98;1;20;57.67
15650;7993;38;1;10;50.11
15651;7994;104;2;15;25.5
15652;7994;73;1;10;13.5
15653;7995;102;1;5;22.36
15654;7996;70;1;0;222.92
15655;7996;80;2;0;84.12
15656;7997;6;1;0;65.87
15657;7998;86;1;0;15.0
15658;7999;67;1;20;18.55
15659;7999;39;1;0;36.63
15660;8000;11;1;0;106.71
15661;8001;5;2;0;76.26
15662;8002;26;1;5;36.33
15663;8002;71;1;0;22.26
15664;8003;44;1;5;80.22
15665;8003;48;3;5;93.28
15666;8004;31;1;0;67.64
15667;8004;67;3;5;66.09
15668;8004;38;1;5;52.9
15669;8005;62;1;15;30.52
15670;8006;90;1;0;48.64
15671;8007;58;1;20;112.65
15672;8007;21;1;0;35.69
15673;8007;117;1;0;69.98
15674;8007;67;2;5;44.06
15675;8007;82;1;0;18.81
15676;8008;9;1;0;20.64
15677;8008;68;1;0;160.88
15678;8009;78;2;5;110.28
15679;8009;8;1;0;15.0
15680;8009;45;1;0;156.28
15681;8010;120;1;0;42.15
15682;8010;27;1;5;74.05
15683;8010;4;2;0;65.6
15684;8011;40;1;10;13.5
15685;8011;98;3;10;194.64
15686;8011;67;2;0;46.38
15687;8011;77;1;5;14.25
15688;8012;25;1;0;33.59
15689;8012;92;1;0;146.56
15690;8013;35;2;5;65.53
15691;8014;81;1;0;18.14
15692;8014;82;1;0;18.81
15693;8014;32;3;20;121.58
15694;8015;91;1;5;24.9
15695;8016;93;1;0;15.0
15696;8016;9;2;15;35.09
15697;8017;25;3;0;100.77
15698;8018;7;1;0;35.02
15699;8019;24;2;0;439.16
15700;8020;85;3;0;124.5
15701;8021;8;1;0;15.0
15702;8021;51;1;0;153.28
15703;8022;115;1;10;19.27
15704;8022;70;2;0;445.84
15705;8023;110;1;10;74.84
15706;8023;33;1;5;39.16
15707;8024;31;1;5;64.26
15708;8025;37;1;15;21.24
15709;8025;26;1;5;36.33
15710;8026;6;2;5;125.15
15711;8027;52;1;10;23.29
15712;8027;11;3;0;320.13
15713;8027;71;1;0;22.26
15714;8027;30;2;5;28.5
15715;8027;107;1;10;69.77
15716;8028;66;1;5;55.7
15717;8028;109;1;20;12.0
15718;8028;18;1;0;44.38
15719;8029;8;1;0;15.0
15720;8029;82;2;5;35.74
15721;8029;7;1;0;35.02
15722;8030;82;1;0;18.81
15723;8031;16;2;15;63.48
15724;8031;6;1;5;62.58
15725;8032;69;1;0;21.21
15726;8032;82;1;0;18.81
15727;8032;36;1;15;41.27
15728;8033;43;2;20;176.3
15729;8033;98;1;5;68.49
15730;8033;81;1;10;16.33
15731;8034;22;2;0;37.42
15732;8035;56;1;5;22.66
15733;8036;44;1;20;67.55
15734;8036;29;1;10;13.5
15735;8037;17;1;0;30.02
15736;8037;30;2;20;24.0
15737;8037;82;1;0;18.81
15738;8038;38;1;10;50.11
15739;8039;88;3;0;136.89
15740;8039;13;1;5;31.39
15741;8039;95;1;10;44.02
15742;8040;70;3;0;668.76
15743;8040;104;1;0;15.0
15744;8041;45;1;0;156.28
15745;8041;66;1;0;58.63
15746;8042;11;1;0;106.71
15747;8043;120;1;20;33.72
15748;8044;102;1;5;22.36
15749;8045;8;1;0;15.0
15750;8046;76;2;0;73.44
15751;8047;37;1;5;23.74
15752;8048;89;1;0;20.76
15753;8048;115;1;0;21.41
15754;8049;35;1;0;34.49
15755;8049;64;2;0;30.0
15756;8049;2;1;0;19.02
15757;8049;113;1;0;63.36
15758;8050;13;1;5;31.39
15759;8050;61;1;0;61.23
15760;8050;85;1;0;41.5
15761;8051;86;1;5;14.25
15762;8051;116;1;5;93.15
15763;8051;77;1;0;15.0
15764;8051;65;1;15;41.71
15765;8051;74;1;5;45.36
15766;8052;7;1;10;31.52
15767;8052;35;1;0;34.49
15768;8052;24;1;0;219.58
15769;8053;29;1;0;15.0
15770;8053;99;1;5;25.79
15771;8054;26;1;0;38.24
15772;8054;48;1;0;32.73
15773;8055;48;2;10;58.91
15774;8055;80;1;0;42.06
15775;8055;97;2;10;27.0
15776;8056;82;1;10;16.93
15777;8056;4;1;20;26.24
15778;8056;37;1;10;22.49
15779;8057;82;1;15;15.99
15780;8058;9;1;0;20.64
15781;8058;44;1;0;84.44
15782;8058;60;2;0;189.9
15783;8059;31;3;20;162.34
15784;8059;81;1;5;17.23
15785;8059;3;1;0;80.78
15786;8060;31;1;0;67.64
15787;8061;7;2;5;66.54
15788;8061;101;1;15;17.94
15789;8062;50;1;0;48.76
15790;8062;51;2;0;306.56
15791;8062;73;1;0;15.0
15792;8063;80;1;10;37.85
15793;8063;64;1;10;13.5
15794;8063;119;1;0;94.67
15795;8063;116;1;5;93.15
15796;8064;19;1;0;62.12
15797;8065;21;1;5;33.91
15798;8065;94;3;0;291.78
15799;8066;58;1;5;133.77
15800;8066;2;1;0;19.02
15801;8066;23;1;5;54.29
15802;8067;36;1;20;38.84
15803;8067;91;1;0;26.21
15804;8068;44;1;0;84.44
15805;8068;21;3;15;91.01
15806;8068;67;2;15;39.42
15807;8068;70;2;20;356.67
15808;8068;99;1;0;27.15
15809;8069;113;1;0;63.36
15810;8069;25;1;0;33.59
15811;8069;47;1;10;15.0
15812;8070;25;1;0;33.59
15813;8070;104;1;0;15.0
15814;8070;86;2;5;28.5
15815;8070;90;1;0;48.64
15816;8071;31;1;15;57.49
15817;8072;61;1;5;58.17
15818;8073;68;1;0;160.88
15819;8074;66;1;0;58.63
15820;8075;37;1;5;23.74
15821;8075;7;1;0;35.02
15822;8076;80;1;5;39.96
15823;8077;33;2;0;82.44
15824;8078;29;1;0;15.0
15825;8079;3;1;5;76.74
15826;8080;60;1;0;94.95
15827;8080;89;1;0;20.76
15828;8081;55;1;15;12.75
15829;8082;96;2;5;306.34
15830;8083;87;1;5;25.35
15831;8084;72;1;15;114.38
15832;8084;46;1;0;163.24
15833;8085;106;2;0;69.12
15834;8085;115;1;5;20.34
15835;8086;74;1;0;47.75
15836;8087;49;1;15;79.52
15837;8087;119;1;15;80.47
15838;8088;86;2;10;27.0
15839;8089;27;1;5;74.05
15840;8089;106;1;15;29.38
15841;8089;14;1;0;193.43
15842;8089;108;2;15;93.42
15843;8089;18;1;0;44.38
15844;8090;38;2;0;111.36
15845;8091;79;1;10;109.22
15846;8091;107;1;0;77.52
15847;8091;92;2;0;293.12
15848;8091;67;1;5;22.03
15849;8092;31;1;0;67.64
15850;8093;107;1;0;77.52
15851;8093;43;1;5;104.68
15852;8093;97;1;10;13.5
15853;8094;8;1;5;14.25
15854;8095;39;1;20;29.3
15855;8096;59;1;0;19.9
15856;8097;12;1;15;40.33
15857;8097;24;1;0;219.58
15858;8098;113;3;0;190.08
15859;8098;47;1;0;16.67
15860;8098;43;1;0;110.19
15861;8099;110;1;0;83.15
15862;8100;110;1;5;78.99
15863;8101;95;2;5;92.93
15864;8101;98;1;15;61.28
15865;8101;117;1;20;55.98
15866;8101;41;1;5;21.4
15867;8102;62;1;0;35.91
15868;8102;100;1;0;90.89
15869;8102;43;1;0;110.19
15870;8103;104;3;0;45.0
15871;8103;49;1;5;88.87
15872;8104;115;1;10;19.27
15873;8105;53;1;0;70.97
15874;8106;16;2;0;74.68
15875;8107;85;1;0;41.5
15876;8108;78;1;20;46.43
15877;8108;8;1;0;15.0
15878;8109;76;2;5;69.77
15879;8109;70;2;0;445.84
15880;8109;14;2;0;386.86
15881;8110;113;1;0;63.36
15882;8110;22;1;20;14.97
15883;8110;3;1;0;80.78
15884;8111;119;2;0;189.34
15885;8112;110;1;0;83.15
15886;8112;15;1;0;24.29
15887;8113;67;1;0;23.19
15888;8113;36;2;0;97.1
15889;8113;47;1;0;16.67
15890;8114;80;1;0;42.06
15891;8114;99;1;5;25.79
15892;8115;67;2;10;41.74
15893;8115;90;1;10;43.78
15894;8115;79;1;5;115.29
15895;8116;77;1;0;15.0
15896;8116;50;1;5;46.32
15897;8117;21;1;5;33.91
15898;8118;98;2;10;129.76
15899;8118;43;1;5;104.68
15900;8118;83;1;0;191.61
15901;8118;14;1;0;193.43
15902;8119;86;1;0;15.0
15903;8120;62;1;0;35.91
15904;8120;25;1;0;33.59
15905;8121;7;1;15;29.77
15906;8121;24;1;0;219.58
15907;8122;114;2;0;103.46
15908;8123;67;1;0;23.19
15909;8123;44;1;0;84.44
15910;8124;59;2;0;39.8
15911;8125;58;1;15;119.69
15912;8126;112;1;0;15.0
15913;8127;63;1;0;91.09
15914;8128;85;1;0;41.5
15915;8129;120;1;5;40.04
15916;8129;15;2;15;41.29
15917;8130;89;1;0;20.76
15918;8130;11;1;0;106.71
15919;8130;38;1;5;52.9
15920;8131;75;2;20;62.22
15921;8131;86;1;0;15.0
15922;8132;109;1;5;14.25
15923;8133;84;2;0;51.34
15924;8134;40;1;0;15.0
15925;8134;72;2;0;269.12
15926;8135;4;1;5;31.16
15927;8136;62;1;0;35.91
15928;8136;67;1;0;23.19
15929;8136;2;1;5;18.07
15930;8137;118;1;15;36.47
15931;8137;90;1;5;46.21
15932;8137;64;3;0;45.0
15933;8138;114;1;0;51.73
15934;8138;105;3;0;190.62
15935;8139;40;1;10;13.5
15936;8139;50;1;10;43.88
15937;8140;43;1;0;110.19
15938;8140;61;1;15;52.05
15939;8140;37;1;15;21.24
15940;8141;76;1;20;29.38
15941;8141;98;1;0;72.09
15942;8142;17;2;20;48.03
15943;8143;95;1;0;48.91
15944;8143;15;1;10;21.86
15945;8144;102;1;15;20.01
15946;8145;23;1;0;57.15
15947;8145;93;1;0;15.0
15948;8146;111;1;0;43.1
15949;8146;33;2;0;82.44
15950;8146;88;1;5;43.35
15951;8146;25;2;10;60.46
15952;8147;103;1;10;26.9
15953;8147;93;1;5;14.25
15954;8147;97;1;0;15.0
15955;8147;116;2;5;186.29
15956;8148;50;2;20;78.02
15957;8148;17;1;0;30.02
15958;8148;45;1;0;156.28
15959;8148;100;2;0;181.78
15960;8148;23;1;5;54.29
15961;8149;50;1;15;41.45
15962;8149;9;1;0;20.64
15963;8150;114;1;5;49.14
15964;8151;90;1;0;48.64
15965;8151;93;1;0;15.0
15966;8151;86;1;10;13.5
15967;8152;73;1;0;15.0
15968;8153;50;1;0;48.76
15969;8154;3;1;0;80.78
15970;8154;56;1;0;23.85
15971;8154;90;2;0;97.28
15972;8155;72;1;5;127.83
15973;8155;36;1;0;48.55
15974;8156;8;1;0;15.0
15975;8157;115;1;5;20.34
15976;8157;102;1;10;21.19
15977;8157;1;1;5;20.25
15978;8157;30;3;5;42.75
15979;8158;103;1;0;29.89
15980;8159;82;1;5;17.87
15981;8160;18;1;0;44.38
15982;8160;73;1;0;15.0
15983;8160;93;1;5;14.25
15984;8161;41;1;10;20.28
15985;8161;98;1;0;72.09
15986;8162;44;1;5;80.22
15987;8163;102;2;20;37.66
15988;8163;60;3;0;284.85
15989;8164;11;1;0;106.71
15990;8164;94;1;10;87.53
15991;8164;41;1;10;20.28
15992;8164;119;1;0;94.67
15993;8164;100;1;15;77.26
15994;8165;69;1;0;21.21
15995;8166;72;1;0;134.56
15996;8166;1;1;5;20.25
15997;8167;18;1;0;44.38
15998;8168;73;1;0;15.0
15999;8168;119;1;5;89.94
16000;8168;5;1;0;38.13
16001;8169;36;1;10;43.7
16002;8170;18;2;0;88.76
16003;8170;28;2;0;71.46
16004;8170;117;1;10;62.98
16005;8170;69;1;20;16.97
16006;8170;21;2;0;71.38
16007;8171;43;2;0;220.38
16008;8171;30;1;0;15.0
16009;8171;61;1;10;55.11
16010;8172;67;2;15;39.42
16011;8173;47;1;0;16.67
16012;8173;21;1;15;30.34
16013;8173;120;1;0;42.15
16014;8174;18;1;0;44.38
16015;8175;77;1;10;13.5
16016;8175;30;1;10;13.5
16017;8175;116;1;0;98.05
16018;8176;108;1;0;54.95
16019;8176;111;1;0;43.1
16020;8176;83;1;0;191.61
16021;8177;41;3;20;54.07
16022;8178;10;1;0;65.67
16023;8179;81;1;0;18.14
16024;8180;82;1;15;15.99
16025;8180;60;1;0;94.95
16026;8180;87;1;0;26.68
16027;8181;119;1;0;94.67
16028;8181;88;1;5;43.35
16029;8182;100;1;0;90.89
16030;8182;72;1;0;134.56
16031;8182;10;1;20;52.54
16032;8183;45;1;10;140.65
16033;8184;4;3;5;93.48
16034;8184;70;2;0;445.84
16035;8185;34;1;5;20.26
16036;8186;64;1;0;15.0
16037;8187;84;1;0;25.67
16038;8187;76;1;0;36.72
16039;8188;35;1;0;34.49
16040;8189;82;1;0;18.81
16041;8189;61;3;5;174.51
16042;8189;5;1;5;36.22
16043;8189;63;2;0;182.18
16044;8190;46;2;0;326.48
16045;8191;46;1;0;163.24
16046;8192;12;2;10;85.41
16047;8193;3;1;10;72.7
16048;8193;72;1;5;127.83
16049;8194;86;1;0;15.0
16050;8194;2;1;0;19.02
16051;8195;73;2;0;30.0
16052;8195;52;1;0;25.88
16053;8195;14;1;0;193.43
16054;8196;25;1;10;30.23
16055;8197;3;1;0;80.78
16056;8197;82;2;0;37.62
16057;8198;60;1;0;94.95
16058;8198;77;3;5;42.75
16059;8198;44;1;10;76.0
16060;8198;30;1;0;15.0
16061;8199;40;3;0;45.0
16062;8199;61;1;0;61.23
16063;8199;104;1;0;15.0
16064;8200;12;1;0;47.45
16065;8201;113;1;5;60.19
16066;8201;112;1;5;14.25
16067;8201;18;3;20;106.51
16068;8202;31;3;10;182.63
16069;8202;55;1;0;15.0
16070;8203;73;1;0;15.0
16071;8204;65;1;0;49.07
16072;8204;108;1;20;43.96
16073;8204;94;1;0;97.26
16074;8204;113;1;5;60.19
16075;8205;10;1;5;62.39
16076;8206;34;1;0;21.33
16077;8207;37;2;10;44.98
16078;8207;7;2;5;66.54
16079;8207;22;1;0;18.71
16080;8208;27;1;0;77.95
16081;8209;8;1;20;12.0
16082;8209;4;1;0;32.8
16083;8210;55;2;10;27.0
16084;8210;12;1;0;47.45
16085;8210;11;2;10;192.08
16086;8211;79;3;0;364.08
16087;8212;105;1;0;63.54
16088;8212;113;1;0;63.36
16089;8212;34;2;5;40.53
16090;8213;90;3;0;145.92
16091;8213;69;2;0;42.42
16092;8213;83;1;0;191.61
16093;8213;96;3;0;483.69
16094;8213;41;1;10;20.28
16095;8214;117;1;0;69.98
16096;8214;58;1;0;140.81
16097;8214;63;2;0;182.18
16098;8215;68;1;10;144.79
16099;8216;54;1;0;30.38
16100;8216;84;2;0;51.34
16101;8216;112;1;5;14.25
16102;8216;27;3;15;198.77
16103;8217;20;2;5;110.33
16104;8218;31;1;10;60.88
16105;8219;3;1;10;72.7
16106;8220;22;1;15;15.9
16107;8220;108;1;5;52.2
16108;8220;37;2;5;47.48
16109;8220;101;1;0;21.1
16110;8220;114;1;0;51.73
16111;8221;73;1;10;13.5
16112;8221;113;3;10;171.07
16113;8222;18;1;0;44.38
16114;8222;4;1;20;26.24
16115;8222;43;1;0;110.19
16116;8223;29;1;0;15.0
16117;8223;1;2;5;40.51
16118;8224;30;2;0;30.0
16119;8224;23;1;0;57.15
16120;8225;105;1;0;63.54
16121;8225;73;3;0;45.0
16122;8226;18;1;0;44.38
16123;8226;65;2;15;83.42
16124;8227;28;1;5;33.94
16125;8227;19;3;0;186.36
16126;8227;10;2;0;131.34
16127;8228;22;1;20;14.97
16128;8228;55;1;10;13.5
16129;8229;43;1;10;99.17
16130;8229;104;1;5;14.25
16131;8230;33;1;0;41.22
16132;8231;6;1;15;55.99
16133;8232;8;1;10;13.5
16134;8232;107;1;0;77.52
16135;8233;9;1;0;20.64
16136;8234;6;1;0;65.87
16137;8234;114;1;10;46.56
16138;8235;17;1;5;28.52
16139;8236;106;1;0;34.56
16140;8237;15;1;10;21.86
16141;8238;106;1;20;27.65
16142;8238;91;1;5;24.9
16143;8239;32;1;0;50.66
16144;8239;23;1;0;57.15
16145;8239;120;1;0;42.15
16146;8239;47;1;0;16.67
16147;8240;36;3;0;145.65
16148;8240;104;1;0;15.0
16149;8241;118;1;0;42.91
16150;8242;2;1;0;19.02
16151;8243;103;1;5;28.4
16152;8244;101;1;0;21.1
16153;8245;40;2;0;30.0
16154;8246;14;1;5;183.76
16155;8246;72;1;0;134.56
16156;8246;88;1;0;45.63
16157;8247;63;1;0;91.09
16158;8247;3;1;0;80.78
16159;8248;88;1;0;45.63
16160;8249;35;2;0;68.98
16161;8249;110;1;5;78.99
16162;8249;3;3;0;242.34
16163;8249;11;1;0;106.71
16164;8250;73;1;0;15.0
16165;8250;109;1;10;13.5
16166;8250;45;1;0;156.28
16167;8251;95;1;0;48.91
16168;8251;110;1;15;70.68
16169;8252;102;3;10;63.56
16170;8253;65;1;5;46.62
16171;8254;1;1;0;21.32
16172;8254;14;1;10;174.09
16173;8255;103;1;20;23.91
16174;8255;66;1;0;58.63
16175;8255;55;1;0;15.0
16176;8255;88;1;10;41.07
16177;8255;49;2;0;187.1
16178;8256;33;1;0;41.22
16179;8256;102;1;5;22.36
16180;8256;68;1;0;160.88
16181;8257;68;2;5;305.67
16182;8258;90;2;15;82.69
16183;8259;14;1;10;174.09
16184;8259;75;2;10;70.0
16185;8259;58;2;0;281.62
16186;8260;6;1;0;65.87
16187;8260;118;3;0;128.73
16188;8261;9;3;5;58.82
16189;8262;66;1;0;58.63
16190;8262;57;2;0;73.06
16191;8262;104;3;0;45.0
16192;8263;1;1;10;19.19
16193;8263;5;2;0;76.26
16194;8264;50;1;0;48.76
16195;8265;63;1;0;91.09
16196;8265;93;1;0;15.0
16197;8266;90;3;0;145.92
16198;8266;54;2;0;60.76
16199;8267;104;1;0;15.0
16200;8267;23;1;5;54.29
16201;8267;110;1;10;74.84
16202;8268;87;1;15;22.68
16203;8268;68;1;0;160.88
16204;8269;27;1;20;62.36
16205;8270;78;1;5;55.14
16206;8270;14;1;0;193.43
16207;8270;34;1;5;20.26
16208;8271;38;1;0;55.68
16209;8272;58;1;0;140.81
16210;8272;40;1;0;15.0
16211;8273;111;1;0;43.1
16212;8273;56;1;0;23.85
16213;8273;119;1;0;94.67
16214;8273;51;1;5;145.62
16215;8274;50;1;0;48.76
16216;8274;10;1;0;65.67
16217;8275;54;1;5;28.86
16218;8276;109;1;0;15.0
16219;8277;46;1;0;163.24
16220;8277;92;3;10;395.71
16221;8278;86;1;5;14.25
16222;8279;48;3;15;83.46
16223;8279;82;2;0;37.62
16224;8280;4;1;5;31.16
16225;8281;49;1;0;93.55
16226;8281;33;2;10;74.2
16227;8281;71;1;0;22.26
16228;8282;74;1;0;47.75
16229;8282;108;1;0;54.95
16230;8282;66;1;15;49.84
16231;8283;62;1;0;35.91
16232;8284;113;3;15;161.57
16233;8284;78;3;5;165.41
16234;8285;53;1;0;70.97
16235;8286;73;1;5;14.25
16236;8286;45;3;5;445.4
16237;8286;38;1;0;55.68
16238;8286;117;3;0;209.94
16239;8287;75;1;0;38.89
16240;8287;8;1;0;15.0
16241;8287;53;2;15;120.65
16242;8288;95;1;0;48.91
16243;8289;39;1;10;32.97
16244;8290;16;1;5;35.47
16245;8290;81;1;0;18.14
16246;8291;60;1;5;90.2
16247;8291;99;1;10;24.43
16248;8291;10;1;0;65.67
16249;8292;26;1;5;36.33
16250;8292;11;1;0;106.71
16251;8293;66;1;0;58.63
16252;8293;17;1;0;30.02
16253;8294;86;1;0;15.0
16254;8295;32;1;0;50.66
16255;8296;43;1;0;110.19
16256;8296;117;3;5;199.44
16257;8296;15;1;5;23.08
16258;8297;71;2;15;37.84
16259;8298;18;1;0;44.38
16260;8299;6;1;0;65.87
16261;8299;13;1;0;33.04
16262;8299;89;1;15;17.65
16263;8300;97;1;5;14.25
16264;8301;30;1;0;15.0
16265;8301;32;2;10;91.19
16266;8302;92;1;0;146.56
16267;8302;6;1;10;59.28
16268;8303;50;1;0;48.76
16269;8304;15;1;0;24.29
16270;8304;46;1;0;163.24
16271;8305;79;1;10;109.22
16272;8305;11;1;0;106.71
16273;8306;76;1;5;34.88
16274;8306;80;1;0;42.06
16275;8306;66;1;10;52.77
16276;8306;98;1;5;68.49
16277;8307;89;2;20;33.22
16278;8308;108;1;5;52.2
16279;8308;60;1;0;94.95
16280;8308;15;1;0;24.29
16281;8309;118;1;5;40.76
16282;8310;12;1;10;42.71
16283;8310;28;1;10;32.16
16284;8311;53;1;0;70.97
16285;8312;50;1;5;46.32
16286;8313;97;1;0;15.0
16287;8313;89;1;15;17.65
16288;8314;67;1;0;23.19
16289;8315;85;1;0;41.5
16290;8316;72;1;0;134.56
16291;8316;88;1;15;38.79
16292;8317;59;1;0;19.9
16293;8317;92;1;10;131.9
16294;8317;25;1;0;33.59
16295;8317;61;1;0;61.23
16296;8317;3;1;15;68.66
16297;8318;44;1;0;84.44
16298;8319;114;2;0;103.46
16299;8320;14;1;0;193.43
16300;8320;83;1;0;191.61
16301;8320;115;1;5;20.34
16302;8321;11;1;10;96.04
16303;8322;21;1;5;33.91
16304;8322;36;1;10;43.7
16305;8323;8;1;10;13.5
16306;8323;97;1;15;12.75
16307;8324;6;1;0;65.87
16308;8324;94;2;0;194.52
16309;8325;67;1;5;22.03
16310;8325;44;1;10;76.0
16311;8325;46;3;0;489.72
16312;8326;55;1;0;15.0
16313;8327;10;1;10;59.1
16314;8328;111;1;0;43.1
16315;8329;33;1;0;41.22
16316;8329;77;3;20;36.0
16317;8329;34;1;0;21.33
16318;8329;114;2;0;103.46
16319;8330;117;1;20;55.98
16320;8330;57;1;0;36.53
16321;8331;56;1;0;23.85
16322;8331;76;1;10;33.05
16323;8331;117;1;10;62.98
16324;8332;17;1;0;30.02
16325;8332;27;1;15;66.26
16326;8332;115;1;15;18.2
16327;8333;8;1;0;15.0
16328;8334;32;1;15;43.06
16329;8334;12;1;15;40.33
16330;8334;18;1;5;42.16
16331;8335;40;1;15;12.75
16332;8336;90;2;0;97.28
16333;8336;29;1;15;12.75
16334;8337;65;1;0;49.07
16335;8338;66;1;10;52.77
16336;8339;113;1;0;63.36
16337;8340;113;3;5;180.58
16338;8340;56;1;0;23.85
16339;8340;83;2;5;364.06
16340;8341;85;2;0;83.0
16341;8342;57;1;15;31.05
16342;8343;53;1;0;70.97
16343;8343;76;1;15;31.21
16344;8344;22;1;0;18.71
16345;8345;74;1;5;45.36
16346;8345;47;1;0;16.67
16347;8346;52;1;0;25.88
16348;8346;56;2;0;47.7
16349;8347;110;2;5;157.99
16350;8348;101;2;0;42.2
16351;8349;63;1;0;91.09
16352;8349;53;1;10;63.87
16353;8350;46;1;5;155.08
16354;8350;56;1;0;23.85
16355;8351;96;1;0;161.23
16356;8351;52;1;0;25.88
16357;8351;1;1;0;21.32
16358;8352;27;2;0;155.9
16359;8352;37;1;0;24.99
16360;8352;70;1;15;189.48
16361;8353;96;1;5;153.17
16362;8354;61;1;0;61.23
16363;8355;59;1;0;19.9
16364;8355;118;1;0;42.91
16365;8356;91;1;0;26.21
16366;8357;68;2;0;321.76
16367;8358;98;1;0;72.09
16368;8358;20;3;0;174.21
16369;8358;110;2;0;166.3
16370;8358;58;1;0;140.81
16371;8359;63;1;0;91.09
16372;8359;39;1;0;36.63
16373;8359;24;1;0;219.58
16374;8359;47;1;0;16.67
16375;8359;120;1;5;40.04
16376;8360;39;1;15;31.14
16377;8360;19;1;5;59.01
16378;8360;4;1;0;32.8
16379;8360;53;2;10;127.75
16380;8361;104;1;5;14.25
16381;8361;74;1;5;45.36
16382;8361;63;1;5;86.54
16383;8361;65;1;5;46.62
16384;8362;21;2;0;71.38
16385;8362;75;2;20;62.22
16386;8363;64;3;0;45.0
16387;8363;26;1;0;38.24
16388;8363;16;1;0;37.34
16389;8364;84;1;0;25.67
16390;8364;25;1;0;33.59
16391;8364;112;1;0;15.0
16392;8364;76;1;5;34.88
16393;8364;57;1;0;36.53
16394;8365;51;1;5;145.62
16395;8365;61;1;10;55.11
16396;8366;103;3;10;80.7
16397;8366;6;2;0;131.74
16398;8367;26;1;10;34.42
16399;8367;69;1;5;20.15
16400;8368;49;1;15;79.52
16401;8368;35;1;0;34.49
16402;8368;93;1;0;15.0
16403;8368;10;3;5;187.16
16404;8369;11;2;10;192.08
16405;8370;78;1;5;55.14
16406;8371;82;1;0;18.81
16407;8371;22;1;0;18.71
16408;8372;62;1;0;35.91
16409;8372;77;1;20;12.0
16410;8372;98;1;15;61.28
16411;8372;94;1;5;92.4
16412;8373;115;1;15;18.2
16413;8373;100;1;15;77.26
16414;8373;18;1;0;44.38
16415;8374;87;1;0;26.68
16416;8375;20;1;0;58.07
16417;8375;67;1;0;23.19
16418;8376;66;1;0;58.63
16419;8376;45;2;0;312.56
16420;8376;49;3;15;238.55
16421;8377;95;2;0;97.82
16422;8377;106;1;0;34.56
16423;8378;5;1;15;32.41
16424;8378;59;2;0;39.8
16425;8378;83;1;0;191.61
16426;8378;18;2;0;88.76
16427;8378;73;1;10;13.5
16428;8379;74;2;10;85.95
16429;8379;97;1;10;13.5
16430;8379;84;1;0;25.67
16431;8380;23;1;0;57.15
16432;8380;110;1;0;83.15
16433;8381;91;1;0;26.21
16434;8381;61;2;5;116.34
16435;8382;89;1;0;20.76
16436;8383;30;1;5;14.25
16437;8384;119;1;0;94.67
16438;8385;76;1;0;36.72
16439;8385;43;2;0;220.38
16440;8386;98;1;5;68.49
16441;8386;8;1;5;14.25
16442;8386;65;2;0;98.14
16443;8386;106;1;0;34.56
16444;8387;84;1;5;24.39
16445;8387;67;1;0;23.19
16446;8387;54;1;5;28.86
16447;8388;96;2;0;322.46
16448;8389;104;1;5;14.25
16449;8390;84;1;10;23.1
16450;8390;78;3;0;174.12
16451;8391;80;1;5;39.96
16452;8392;103;2;0;59.78
16453;8392;83;1;15;162.87
16454;8393;49;1;0;93.55
16455;8394;63;3;5;259.61
16456;8394;113;2;0;126.72
16457;8394;39;1;0;36.63
16458;8394;54;1;0;30.38
16459;8395;72;1;5;127.83
16460;8395;84;1;0;25.67
16461;8395;54;1;5;28.86
16462;8396;49;1;0;93.55
16463;8397;94;1;5;92.4
16464;8398;17;1;0;30.02
16465;8398;14;1;10;174.09
16466;8399;88;1;0;45.63
16467;8400;31;2;0;135.28
16468;8401;118;1;15;36.47
16469;8402;59;1;0;19.9
16470;8402;5;1;5;36.22
16471;8402;78;1;0;58.04
16472;8403;95;1;0;48.91
16473;8403;30;2;0;30.0
16474;8403;96;1;0;161.23
16475;8404;56;1;0;23.85
16476;8405;61;1;5;58.17
16477;8405;99;1;15;23.08
16478;8405;1;1;0;21.32
16479;8405;103;1;0;29.89
16480;8405;66;1;15;49.84
16481;8406;35;1;10;31.04
16482;8406;82;1;0;18.81
16483;8407;72;1;0;134.56
16484;8407;89;2;0;41.52
16485;8407;71;3;0;66.78
16486;8408;104;1;0;15.0
16487;8408;105;3;5;181.09
16488;8408;111;1;10;38.79
16489;8408;47;1;0;16.67
16490;8408;52;1;0;25.88
16491;8409;96;1;0;161.23
16492;8409;99;1;15;23.08
16493;8410;119;1;0;94.67
16494;8411;6;1;0;65.87
16495;8412;30;1;5;14.25
16496;8412;41;1;10;20.28
16497;8412;83;1;5;182.03
16498;8412;27;3;0;233.85
16499;8413;33;1;0;41.22
16500;8413;41;1;0;22.53
16501;8414;93;1;5;14.25
16502;8415;33;1;15;35.04
16503;8415;43;1;0;110.19
16504;8415;35;1;0;34.49
16505;8416;55;1;5;14.25
16506;8416;11;2;0;213.42
16507;8417;2;1;10;17.12
16508;8418;100;1;0;90.89
16509;8419;35;1;10;31.04
16510;8420;53;1;0;70.97
16511;8420;49;1;10;84.19
16512;8420;50;3;15;124.34
16513;8420;109;2;15;25.5
16514;8421;88;1;0;45.63
16515;8421;2;1;0;19.02
16516;8421;33;3;0;123.66
16517;8421;6;2;0;131.74
16518;8422;38;1;10;50.11
16519;8422;109;1;0;15.0
16520;8423;8;1;0;15.0
16521;8424;95;1;0;48.91
16522;8424;79;1;0;121.36
16523;8425;119;1;0;94.67
16524;8426;83;1;5;182.03
16525;8426;30;1;5;14.25
16526;8427;18;3;0;133.14
16527;8427;112;1;0;15.0
16528;8427;107;1;0;77.52
16529;8427;62;1;10;32.32
16530;8428;29;1;0;15.0
16531;8429;33;1;10;37.1
16532;8430;6;2;5;125.15
16533;8431;55;1;0;15.0
16534;8431;15;1;0;24.29
16535;8431;21;2;0;71.38
16536;8432;49;1;0;93.55
16537;8433;90;1;10;43.78
16538;8434;93;3;0;45.0
16539;8435;90;1;5;46.21
16540;8435;58;1;10;126.73
16541;8435;43;2;0;220.38
16542;8435;106;1;10;31.1
16543;8436;18;1;15;37.72
16544;8437;36;1;0;48.55
16545;8438;29;1;0;15.0
16546;8439;102;1;0;23.54
16547;8440;73;3;0;45.0
16548;8441;86;1;0;15.0
16549;8442;111;1;15;36.63
16550;8443;106;2;0;69.12
16551;8443;5;1;20;30.5
16552;8443;27;2;5;148.1
16553;8443;43;1;5;104.68
16554;8444;25;1;20;26.87
16555;8444;17;1;0;30.02
16556;8444;50;1;5;46.32
16557;8444;35;1;0;34.49
16558;8444;39;2;15;62.27
16559;8445;85;1;0;41.5
16560;8446;26;1;0;38.24
16561;8446;49;1;5;88.87
16562;8447;59;3;0;59.7
16563;8447;88;1;0;45.63
16564;8447;33;2;5;78.32
16565;8448;3;1;0;80.78
16566;8449;81;1;0;18.14
16567;8450;77;1;15;12.75
16568;8450;58;1;0;140.81
16569;8450;26;1;0;38.24
16570;8450;90;1;5;46.21
16571;8450;92;1;0;146.56
16572;8451;117;2;10;125.96
16573;8451;74;1;0;47.75
16574;8451;106;2;0;69.12
16575;8452;85;2;0;83.0
16576;8453;24;1;0;219.58
16577;8453;71;1;0;22.26
16578;8454;98;2;5;136.97
16579;8454;72;3;10;363.31
16580;8455;84;1;0;25.67
16581;8455;56;1;10;21.47
16582;8455;35;3;0;103.47
16583;8456;49;1;0;93.55
16584;8456;65;1;15;41.71
16585;8456;75;1;5;36.95
16586;8456;52;1;5;24.59
16587;8457;76;1;15;31.21
16588;8457;56;1;0;23.85
16589;8458;115;1;0;21.41
16590;8459;83;1;0;191.61
16591;8460;85;2;0;83.0
16592;8460;86;3;0;45.0
16593;8461;44;1;5;80.22
16594;8461;31;1;0;67.64
16595;8462;100;1;5;86.35
16596;8462;66;1;0;58.63
16597;8462;32;1;0;50.66
16598;8463;114;1;0;51.73
16599;8464;78;1;0;58.04
16600;8464;61;1;10;55.11
16601;8464;89;1;5;19.72
16602;8465;23;1;0;57.15
16603;8466;17;1;10;27.02
16604;8466;102;1;0;23.54
16605;8466;114;1;0;51.73
16606;8467;93;1;20;12.0
16607;8468;94;1;10;87.53
16608;8469;57;1;10;32.88
16609;8469;13;1;0;33.04
16610;8469;118;1;0;42.91
16611;8469;31;3;10;182.63
16612;8470;8;1;5;14.25
16613;8470;73;1;5;14.25
16614;8471;39;1;5;34.8
16615;8472;46;2;5;310.16
16616;8472;51;1;5;145.62
16617;8472;11;1;5;101.37
16618;8472;66;1;10;52.77
16619;8472;83;1;0;191.61
16620;8473;111;1;10;38.79
16621;8473;57;2;10;65.75
16622;8474;104;1;10;13.5
16623;8475;54;1;0;30.38
16624;8475;119;1;5;89.94
16625;8475;102;1;0;23.54
16626;8476;101;1;10;18.99
16627;8476;45;1;15;132.84
16628;8477;50;2;0;97.52
16629;8477;107;1;0;77.52
16630;8477;19;1;5;59.01
16631;8477;55;1;0;15.0
16632;8477;43;1;20;88.15
16633;8478;73;1;5;14.25
16634;8478;111;2;0;86.2
16635;8479;111;1;0;43.1
16636;8480;80;1;5;39.96
16637;8480;104;1;0;15.0
16638;8481;100;1;5;86.35
16639;8482;91;1;0;26.21
16640;8483;19;1;0;62.12
16641;8484;58;1;0;140.81
16642;8485;66;1;5;55.7
16643;8485;108;1;0;54.95
16644;8485;47;1;0;16.67
16645;8485;120;2;0;84.3
16646;8485;83;1;0;191.61
16647;8486;101;1;0;21.1
16648;8486;88;1;10;41.07
16649;8487;18;1;0;44.38
16650;8487;14;1;5;183.76
16651;8487;110;1;5;78.99
16652;8488;108;1;15;46.71
16653;8489;93;1;20;12.0
16654;8490;52;1;0;25.88
16655;8490;103;1;10;26.9
16656;8490;58;1;0;140.81
16657;8490;41;1;0;22.53
16658;8491;82;1;5;17.87
16659;8492;95;2;0;97.82
16660;8493;52;1;0;25.88
16661;8493;53;1;0;70.97
16662;8493;92;1;0;146.56
16663;8494;34;1;15;18.13
16664;8494;61;1;0;61.23
16665;8494;18;1;0;44.38
16666;8494;87;1;0;26.68
16667;8494;4;3;0;98.4
16668;8495;104;2;0;30.0
16669;8496;11;1;0;106.71
16670;8497;70;1;0;222.92
16671;8498;113;1;15;53.86
16672;8499;100;1;0;90.89
16673;8499;85;1;20;33.2
16674;8500;104;1;0;15.0
16675;8501;20;1;15;49.36
16676;8502;11;1;10;96.04
16677;8502;9;1;0;20.64
16678;8502;1;2;5;40.51
16679;8502;112;2;15;25.5
16680;8503;38;1;5;52.9
16681;8503;63;2;10;163.96
16682;8503;90;1;0;48.64
16683;8503;114;1;0;51.73
16684;8504;81;1;5;17.23
16685;8504;113;3;5;180.58
16686;8504;85;1;0;41.5
16687;8505;61;2;5;116.34
16688;8505;68;2;5;305.67
16689;8506;119;1;0;94.67
16690;8507;23;1;5;54.29
16691;8508;9;1;5;19.61
16692;8509;30;1;0;15.0
16693;8509;26;2;0;76.48
16694;8509;3;1;0;80.78
16695;8509;57;2;0;73.06
16696;8510;89;1;0;20.76
16697;8510;11;3;0;320.13
16698;8511;8;2;20;24.0
16699;8511;85;1;0;41.5
16700;8511;53;1;0;70.97
16701;8511;2;1;5;18.07
16702;8512;4;1;0;32.8
16703;8513;96;1;0;161.23
16704;8513;79;1;15;103.16
16705;8514;11;1;20;85.37
16706;8514;38;1;15;47.33
16707;8515;110;1;5;78.99
16708;8515;114;1;15;43.97
16709;8515;101;1;5;20.05
16710;8515;105;3;5;181.09
16711;8516;11;1;0;106.71
16712;8517;84;1;0;25.67
16713;8518;101;1;0;21.1
16714;8518;58;1;0;140.81
16715;8519;14;1;5;183.76
16716;8519;13;1;10;29.74
16717;8519;61;1;0;61.23
16718;8519;84;1;0;25.67
16719;8520;91;1;10;23.59
16720;8521;94;1;0;97.26
16721;8522;17;3;0;90.06
16722;8523;36;1;15;41.27
16723;8524;6;1;0;65.87
16724;8525;20;1;10;52.26
16725;8525;3;1;0;80.78
16726;8526;109;1;0;15.0
16727;8527;10;1;0;65.67
16728;8527;54;1;15;25.82
16729;8528;37;1;0;24.99
16730;8528;92;1;0;146.56
16731;8529;10;2;0;131.34
16732;8529;95;1;0;48.91
16733;8530;106;2;0;69.12
16734;8530;70;2;10;401.26
16735;8531;57;1;0;36.53
16736;8531;72;1;5;127.83
16737;8532;9;1;5;19.61
16738;8532;63;1;0;91.09
16739;8533;65;1;0;49.07
16740;8533;50;1;10;43.88
16741;8534;97;1;0;15.0
16742;8535;32;2;15;86.12
16743;8536;8;1;5;14.25
16744;8536;51;1;0;153.28
16745;8537;25;1;5;31.91
16746;8538;59;2;0;39.8
16747;8539;1;2;15;36.24
16748;8540;34;3;0;63.99
16749;8540;68;2;0;321.76
16750;8540;54;1;0;30.38
16751;8541;87;1;0;26.68
16752;8542;49;2;0;187.1
16753;8543;89;1;0;20.76
16754;8543;24;1;0;219.58
16755;8543;38;3;0;167.04
16756;8543;70;2;0;445.84
16757;8544;46;1;20;130.59
16758;8545;43;1;0;110.19
16759;8545;60;2;0;189.9
16760;8546;59;1;0;19.9
16761;8547;43;1;10;99.17
16762;8548;41;2;0;45.06
16763;8549;75;3;0;116.67
16764;8549;35;1;0;34.49
16765;8550;16;3;10;100.82
16766;8550;74;3;10;128.93
16767;8550;22;1;0;18.71
16768;8550;6;1;5;62.58
16769;8551;69;1;0;21.21
16770;8552;18;1;0;44.38
16771;8553;95;1;15;41.57
16772;8553;117;3;10;188.95
16773;8553;37;1;0;24.99
16774;8553;5;1;0;38.13
16775;8554;69;2;0;42.42
16776;8555;9;1;0;20.64
16777;8556;2;3;5;54.21
16778;8557;33;1;5;39.16
16779;8558;87;1;5;25.35
16780;8559;75;2;5;73.89
16781;8559;66;1;0;58.63
16782;8559;110;1;0;83.15
16783;8560;43;1;0;110.19
16784;8560;7;1;5;33.27
16785;8560;110;1;0;83.15
16786;8560;76;1;0;36.72
16787;8560;69;1;5;20.15
16788;8561;25;1;10;30.23
16789;8562;47;1;20;13.34
16790;8562;107;1;0;77.52
16791;8562;83;1;0;191.61
16792;8563;8;2;15;25.5
16793;8563;89;1;5;19.72
16794;8564;79;2;0;242.72
16795;8565;16;2;5;70.95
16796;8566;57;3;0;109.59
16797;8567;39;1;0;36.63
16798;8568;26;1;20;30.59
16799;8569;27;1;5;74.05
16800;8570;81;2;0;36.28
16801;8570;55;2;0;30.0
16802;8571;46;1;0;163.24
16803;8572;96;1;15;137.05
16804;8573;7;1;5;33.27
16805;8574;42;1;20;14.62
16806;8574;25;1;5;31.91
16807;8574;23;1;0;57.15
16808;8575;15;1;0;24.29
16809;8575;18;1;0;44.38
16810;8575;72;1;0;134.56
16811;8575;98;1;0;72.09
16812;8575;52;3;5;73.76
16813;8576;53;1;0;70.97
16814;8576;30;1;0;15.0
16815;8576;1;1;0;21.32
16816;8577;49;1;0;93.55
16817;8577;9;1;20;16.51
16818;8578;99;1;0;27.15
16819;8578;120;1;0;42.15
16820;8578;115;1;0;21.41
16821;8579;71;2;0;44.52
16822;8579;65;3;15;125.13
16823;8580;27;3;0;233.85
16824;8581;64;1;0;15.0
16825;8582;105;1;10;57.19
16826;8583;19;2;0;124.24
16827;8584;67;1;0;23.19
16828;8584;111;2;10;77.58
16829;8584;93;1;0;15.0
16830;8585;26;3;15;97.51
16831;8585;96;1;5;153.17
16832;8585;35;1;5;32.77
16833;8586;93;2;5;28.5
16834;8587;106;3;0;103.68
16835;8588;101;1;0;21.1
16836;8589;1;1;20;17.06
16837;8590;69;1;0;21.21
16838;8591;111;1;0;43.1
16839;8591;20;1;5;55.17
16840;8591;21;1;0;35.69
16841;8592;115;1;0;21.41
16842;8593;104;1;0;15.0
16843;8594;91;1;0;26.21
16844;8594;28;1;10;32.16
16845;8595;99;1;0;27.15
16846;8595;115;2;5;40.68
16847;8596;46;1;0;163.24
16848;8597;26;1;15;32.5
16849;8597;10;1;0;65.67
16850;8597;17;1;0;30.02
16851;8598;78;1;0;58.04
16852;8598;102;1;0;23.54
16853;8599;45;1;5;148.47
16854;8599;3;1;10;72.7
16855;8600;63;1;0;91.09
16856;8600;53;3;10;191.62
16857;8601;91;1;5;24.9
16858;8602;57;1;0;36.53
16859;8602;10;2;5;124.77
16860;8603;71;1;5;21.15
16861;8604;113;1;5;60.19
16862;8604;57;1;0;36.53
16863;8604;7;1;10;31.52
16864;8605;22;1;0;18.71
16865;8605;74;2;0;95.5
16866;8605;61;2;0;122.46
16867;8606;5;3;0;114.39
16868;8606;75;1;5;36.95
16869;8607;31;1;0;67.64
16870;8607;26;1;5;36.33
16871;8607;35;2;0;68.98
16872;8608;62;1;5;34.11
16873;8608;8;1;5;14.25
16874;8608;3;1;15;68.66
16875;8608;50;1;0;48.76
16876;8609;61;2;0;122.46
16877;8609;44;1;0;84.44
16878;8610;44;1;0;84.44
16879;8610;32;1;0;50.66
16880;8611;38;1;0;55.68
16881;8612;50;2;0;97.52
16882;8612;96;1;0;161.23
16883;8612;62;1;0;35.91
16884;8612;75;1;0;38.89
16885;8612;17;1;20;24.02
16886;8613;55;1;0;15.0
16887;8614;4;1;0;32.8
16888;8615;58;1;0;140.81
16889;8615;67;1;0;23.19
16890;8615;23;2;10;102.87
16891;8616;100;2;20;145.42
16892;8617;49;1;10;84.19
16893;8618;48;2;0;65.46
16894;8619;88;1;0;45.63
16895;8619;89;1;15;17.65
16896;8620;96;2;10;290.21
16897;8620;36;1;0;48.55
16898;8621;71;2;5;42.29
16899;8621;1;1;0;21.32
16900;8622;20;1;0;58.07
16901;8622;72;1;0;134.56
16902;8622;93;1;10;13.5
16903;8623;71;1;10;20.03
16904;8623;98;1;0;72.09
16905;8623;63;2;15;154.85
16906;8624;94;2;5;184.79
16907;8624;23;1;5;54.29
16908;8625;113;2;0;126.72
16909;8626;65;3;15;125.13
16910;8627;111;1;10;38.79
16911;8628;67;1;10;20.87
16912;8628;20;1;0;58.07
16913;8629;88;1;0;45.63
16914;8629;82;1;0;18.81
16915;8630;76;3;0;110.16
16916;8630;94;1;0;97.26
16917;8630;72;1;0;134.56
16918;8630;84;1;0;25.67
16919;8631;23;1;0;57.15
16920;8631;91;1;0;26.21
16921;8631;118;3;5;122.29
16922;8632;21;1;0;35.69
16923;8632;26;1;0;38.24
16924;8633;35;1;5;32.77
16925;8633;49;1;0;93.55
16926;8633;113;1;20;50.69
16927;8633;57;1;0;36.53
16928;8634;91;1;5;24.9
16929;8635;7;1;0;35.02
16930;8636;18;1;0;44.38
16931;8636;113;1;0;63.36
16932;8636;5;1;0;38.13
16933;8637;7;1;0;35.02
16934;8638;86;1;0;15.0
16935;8639;113;1;0;63.36
16936;8639;68;2;10;289.58
16937;8640;19;2;0;124.24
16938;8640;76;1;0;36.72
16939;8640;71;1;0;22.26
16940;8641;31;1;5;64.26
16941;8641;66;1;5;55.7
16942;8642;30;1;0;15.0
16943;8642;22;1;5;17.77
16944;8643;50;1;10;43.88
16945;8644;81;1;15;15.42
16946;8644;110;3;0;249.45
16947;8644;63;1;20;72.87
16948;8645;62;1;15;30.52
16949;8646;52;1;5;24.59
16950;8646;23;1;10;51.44
16951;8646;31;1;0;67.64
16952;8646;81;1;0;18.14
16953;8647;20;3;0;174.21
16954;8647;78;1;20;46.43
16955;8648;29;1;0;15.0
16956;8648;17;1;20;24.02
16957;8648;21;1;0;35.69
16958;8649;114;1;10;46.56
16959;8650;43;1;5;104.68
16960;8650;66;1;0;58.63
16961;8650;17;3;5;85.56
16962;8651;65;1;0;49.07
16963;8651;3;1;10;72.7
16964;8651;38;2;0;111.36
16965;8652;71;1;0;22.26
16966;8653;79;1;0;121.36
16967;8654;26;1;15;32.5
16968;8655;15;3;5;69.23
16969;8655;30;1;0;15.0
16970;8656;43;2;0;220.38
16971;8657;64;1;15;12.75
16972;8657;50;2;0;97.52
16973;8658;110;3;0;249.45
16974;8659;52;1;0;25.88
16975;8660;120;1;0;42.15
16976;8661;23;1;20;45.72
16977;8661;9;1;5;19.61
16978;8662;42;1;0;18.28
16979;8662;52;1;0;25.88
16980;8663;83;3;10;517.35
16981;8663;33;2;0;82.44
16982;8663;113;1;0;63.36
16983;8663;21;1;0;35.69
16984;8664;112;1;10;13.5
16985;8665;37;1;5;23.74
16986;8665;107;1;0;77.52
16987;8665;3;1;20;64.62
16988;8666;88;1;0;45.63
16989;8666;48;1;10;29.46
16990;8667;112;2;5;28.5
16991;8667;23;2;0;114.3
16992;8668;95;1;5;46.46
16993;8669;111;1;5;40.95
16994;8669;113;2;15;107.71
16995;8669;51;1;20;122.62
16996;8669;52;1;0;25.88
16997;8669;48;2;0;65.46
16998;8670;93;3;0;45.0
16999;8671;72;2;0;269.12
17000;8671;97;1;5;14.25
17001;8671;36;2;0;97.1
17002;8671;119;1;0;94.67
17003;8671;68;3;0;482.64
17004;8672;43;1;0;110.19
17005;8673;16;1;10;33.61
17006;8673;95;1;0;48.91
17007;8674;92;1;15;124.58
17008;8674;86;1;0;15.0
17009;8674;10;1;0;65.67
17010;8674;5;1;0;38.13
17011;8675;82;1;5;17.87
17012;8675;62;1;0;35.91
17013;8676;112;1;0;15.0
17014;8677;99;1;5;25.79
17015;8677;3;1;15;68.66
17016;8678;52;1;0;25.88
17017;8678;85;1;10;37.35
17018;8679;80;1;0;42.06
17019;8680;115;1;0;21.41
17020;8680;107;3;5;220.93
17021;8681;25;1;0;33.59
17022;8681;105;1;15;54.01
17023;8682;100;1;0;90.89
17024;8682;50;1;0;48.76
17025;8683;12;3;15;121.0
17026;8684;16;3;5;106.42
17027;8685;85;3;5;118.27
17028;8685;107;1;0;77.52
17029;8686;54;2;0;60.76
17030;8686;35;1;0;34.49
17031;8687;114;2;10;93.11
17032;8687;16;2;0;74.68
17033;8688;110;2;20;133.04
17034;8688;26;1;20;30.59
17035;8689;69;2;5;40.3
17036;8690;80;1;0;42.06
17037;8690;97;2;15;25.5
17038;8691;1;2;10;38.38
17039;8691;113;1;0;63.36
17040;8692;11;2;5;202.75
17041;8693;58;1;0;140.81
17042;8694;76;1;0;36.72
17043;8695;1;2;0;42.64
17044;8695;117;1;10;62.98
17045;8696;2;3;5;54.21
17046;8697;10;2;5;124.77
17047;8697;39;1;0;36.63
17048;8697;51;2;10;275.9
17049;8697;45;1;0;156.28
17050;8698;16;1;0;37.34
17051;8698;21;2;0;71.38
17052;8698;12;1;10;42.71
17053;8699;118;1;0;42.91
17054;8700;117;1;20;55.98
17055;8700;32;3;10;136.78
17056;8700;13;1;0;33.04
17057;8701;80;2;5;79.91
17058;8702;100;1;0;90.89
17059;8702;32;1;0;50.66
17060;8703;107;2;0;155.04
17061;8703;71;1;0;22.26
17062;8703;108;1;0;54.95
17063;8704;80;1;0;42.06
17064;8704;108;2;0;109.9
17065;8705;79;2;5;230.58
17066;8706;106;1;5;32.83
17067;8706;65;1;0;49.07
17068;8707;30;1;0;15.0
17069;8708;42;1;5;17.37
17070;8709;34;1;0;21.33
17071;8710;8;1;20;12.0
17072;8710;101;2;0;42.2
17073;8711;45;1;10;140.65
17074;8712;3;1;15;68.66
17075;8713;60;1;10;85.45
17076;8714;74;2;0;95.5
17077;8715;12;3;5;135.23
17078;8716;106;1;0;34.56
17079;8716;105;1;0;63.54
17080;8717;2;2;10;34.24
17081;8717;85;1;0;41.5
17082;8718;58;1;0;140.81
17083;8718;59;1;0;19.9
17084;8718;86;2;0;30.0
17085;8719;93;1;15;12.75
17086;8719;35;1;0;34.49
17087;8719;37;1;5;23.74
17088;8720;109;1;0;15.0
17089;8720;65;1;0;49.07
17090;8720;37;2;5;47.48
17091;8721;3;1;0;80.78
17092;8721;105;2;10;114.37
17093;8721;35;1;0;34.49
17094;8722;50;1;10;43.88
17095;8722;65;1;15;41.71
17096;8722;69;1;0;21.21
17097;8722;82;1;0;18.81
17098;8723;12;2;10;85.41
17099;8723;81;2;0;36.28
17100;8724;41;1;20;18.02
17101;8724;37;1;0;24.99
17102;8724;73;1;10;13.5
17103;8725;8;1;0;15.0
17104;8725;75;1;0;38.89
17105;8725;69;1;0;21.21
17106;8726;19;2;5;118.03
17107;8726;47;1;0;16.67
17108;8726;109;2;5;28.5
17109;8727;62;1;0;35.91
17110;8727;116;1;0;98.05
17111;8727;43;1;5;104.68
17112;8727;37;1;5;23.74
17113;8728;48;1;10;29.46
17114;8729;60;1;0;94.95
17115;8730;12;1;0;47.45
17116;8731;86;1;15;12.75
17117;8731;109;1;0;15.0
17118;8731;119;1;0;94.67
17119;8732;1;2;0;42.64
17120;8733;51;1;20;122.62
17121;8733;44;3;0;253.32
17122;8734;90;1;0;48.64
17123;8735;73;1;0;15.0
17124;8735;2;1;0;19.02
17125;8736;117;2;10;125.96
17126;8737;40;1;0;15.0
17127;8737;102;2;0;47.08
17128;8738;111;1;5;40.95
17129;8738;31;1;0;67.64
17130;8738;10;1;0;65.67
17131;8739;76;1;0;36.72
17132;8739;18;1;0;44.38
17133;8740;72;1;0;134.56
17134;8740;113;1;5;60.19
17135;8741;28;1;10;32.16
17136;8742;31;3;0;202.92
17137;8742;54;1;0;30.38
17138;8742;120;1;5;40.04
17139;8743;75;2;0;77.78
17140;8744;110;1;5;78.99
17141;8744;25;1;0;33.59
17142;8745;44;1;10;76.0
17143;8746;11;1;15;90.7
17144;8746;27;1;0;77.95
17145;8747;52;1;15;22.0
17146;8748;34;1;0;21.33
17147;8748;104;3;5;42.75
17148;8748;19;1;5;59.01
17149;8748;45;2;10;281.3
17150;8749;77;1;15;12.75
17151;8750;40;1;0;15.0
17152;8750;44;1;20;67.55
17153;8750;85;1;20;33.2
17154;8750;86;1;0;15.0
17155;8751;45;1;0;156.28
17156;8751;111;1;5;40.95
17157;8752;102;1;0;23.54
17158;8752;48;2;10;58.91
17159;8753;2;1;5;18.07
17160;8753;65;1;20;39.26
17161;8753;50;2;5;92.64
17162;8753;25;1;0;33.59
17163;8754;69;1;5;20.15
17164;8755;4;1;15;27.88
17165;8755;107;1;0;77.52
17166;8756;60;2;0;189.9
17167;8756;105;1;0;63.54
17168;8756;74;1;20;38.2
17169;8757;74;1;0;47.75
17170;8757;77;1;0;15.0
17171;8758;34;2;5;40.53
17172;8758;62;1;10;32.32
17173;8758;8;1;10;13.5
17174;8759;75;2;0;77.78
17175;8759;90;1;0;48.64
17176;8760;25;2;0;67.18
17177;8761;67;1;15;19.71
17178;8761;36;1;0;48.55
17179;8761;15;1;20;19.43
17180;8761;72;1;20;107.65
17181;8762;105;1;10;57.19
17182;8762;109;1;20;12.0
17183;8762;117;1;0;69.98
17184;8763;54;2;20;48.61
17185;8764;28;1;5;33.94
17186;8765;32;2;15;86.12
17187;8765;88;1;0;45.63
17188;8765;12;2;0;94.9
17189;8765;71;2;0;44.52
17190;8766;116;1;20;78.44
17191;8766;89;1;0;20.76
17192;8766;8;1;20;12.0
17193;8767;13;1;0;33.04
17194;8768;99;2;0;54.3
17195;8768;90;1;15;41.34
17196;8769;10;1;5;62.39
17197;8770;56;3;10;64.4
17198;8770;26;1;0;38.24
17199;8770;46;1;0;163.24
17200;8771;28;1;5;33.94
17201;8771;80;1;0;42.06
17202;8771;116;1;5;93.15
17203;8771;32;1;5;48.13
17204;8772;30;1;5;14.25
17205;8773;94;1;0;97.26
17206;8773;86;1;10;13.5
17207;8773;20;1;0;58.07
17208;8774;33;2;5;78.32
17209;8774;28;1;5;33.94
17210;8774;2;1;0;19.02
17211;8775;17;1;20;24.02
17212;8775;105;2;15;108.02
17213;8776;72;1;0;134.56
17214;8777;46;2;5;310.16
17215;8777;78;1;5;55.14
17216;8777;8;1;0;15.0
17217;8778;89;1;0;20.76
17218;8778;98;2;0;144.18
17219;8779;69;3;0;63.63
17220;8779;29;1;0;15.0
17221;8780;19;1;0;62.12
17222;8781;71;2;0;44.52
17223;8781;27;1;10;70.16
17224;8781;70;1;0;222.92
17225;8781;60;1;0;94.95
17226;8781;114;1;0;51.73
17227;8782;36;1;0;48.55
17228;8782;49;1;0;93.55
17229;8783;15;1;20;19.43
17230;8784;110;1;10;74.84
17231;8784;118;3;0;128.73
17232;8785;105;1;0;63.54
17233;8785;31;1;0;67.64
17234;8786;58;1;5;133.77
17235;8786;109;1;0;15.0
17236;8786;5;2;0;76.26
17237;8787;58;1;0;140.81
17238;8787;27;1;0;77.95
17239;8788;97;1;10;13.5
17240;8788;92;1;5;139.23
17241;8788;114;2;0;103.46
17242;8788;70;1;10;200.63
17243;8789;24;1;5;208.6
17244;8790;19;1;0;62.12
17245;8790;92;1;0;146.56
17246;8790;5;2;0;76.26
17247;8791;6;1;10;59.28
17248;8792;11;1;10;96.04
17249;8793;15;1;0;24.29
17250;8793;49;3;10;252.58
17251;8794;100;1;5;86.35
17252;8795;1;1;5;20.25
17253;8796;15;1;0;24.29
17254;8796;63;1;0;91.09
17255;8796;107;3;5;220.93
17256;8797;4;1;0;32.8
17257;8797;10;3;10;177.31
17258;8798;75;1;20;31.11
17259;8798;12;2;5;90.16
17260;8799;57;1;0;36.53
17261;8799;75;2;0;77.78
17262;8800;61;1;0;61.23
17263;8800;69;2;5;40.3
17264;8801;75;1;5;36.95
17265;8802;65;1;0;49.07
17266;8803;70;1;0;222.92
17267;8803;52;1;5;24.59
17268;8803;37;1;0;24.99
17269;8804;99;3;15;69.23
17270;8804;108;1;0;54.95
17271;8804;51;2;0;306.56
17272;8805;2;1;5;18.07
17273;8805;35;1;10;31.04
17274;8805;69;1;0;21.21
17275;8805;75;1;0;38.89
17276;8806;1;1;15;18.12
17277;8807;25;2;0;67.18
17278;8808;60;1;5;90.2
17279;8808;75;1;5;36.95
17280;8809;85;1;0;41.5
17281;8809;120;1;15;35.83
17282;8810;23;1;0;57.15
17283;8810;116;2;10;176.49
17284;8810;14;1;0;193.43
17285;8811;49;3;5;266.62
17286;8812;77;1;0;15.0
17287;8812;90;2;5;92.42
17288;8812;88;1;0;45.63
17289;8812;32;2;20;81.06
17290;8812;26;1;15;32.5
17291;8813;110;1;15;70.68
17292;8814;22;1;0;18.71
17293;8815;40;3;0;45.0
17294;8816;76;1;0;36.72
17295;8816;5;1;0;38.13
17296;8816;89;1;0;20.76
17297;8817;47;1;5;15.84
17298;8817;43;1;0;110.19
17299;8817;54;1;5;28.86
17300;8817;38;1;0;55.68
17301;8818;36;1;0;48.55
17302;8818;20;1;0;58.07
17303;8819;71;1;0;22.26
17304;8819;34;1;0;21.33
17305;8819;76;2;0;73.44
17306;8820;79;1;15;103.16
17307;8820;83;1;0;191.61
17308;8820;70;1;5;211.77
17309;8820;107;1;15;65.89
17310;8821;90;2;10;87.55
17311;8822;91;1;10;23.59
17312;8822;49;1;0;93.55
17313;8822;89;1;0;20.76
17314;8823;28;1;0;35.73
17315;8824;119;1;10;85.2
17316;8824;105;1;20;50.83
17317;8825;7;1;0;35.02
17318;8825;114;2;0;103.46
17319;8825;63;1;0;91.09
17320;8825;58;1;0;140.81
17321;8825;54;1;0;30.38
17322;8826;43;2;0;220.38
17323;8826;5;1;0;38.13
17324;8827;78;1;0;58.04
17325;8828;59;1;15;16.91
17326;8829;33;1;0;41.22
17327;8830;89;1;5;19.72
17328;8831;43;2;15;187.32
17329;8831;95;1;0;48.91
17330;8832;95;1;0;48.91
17331;8833;26;2;0;76.48
17332;8834;13;1;0;33.04
17333;8834;23;1;15;48.58
17334;8835;93;1;10;13.5
17335;8836;114;2;0;103.46
17336;8837;95;2;0;97.82
17337;8838;72;1;5;127.83
17338;8839;80;1;0;42.06
17339;8840;13;1;5;31.39
17340;8840;104;1;0;15.0
17341;8840;85;1;20;33.2
17342;8840;16;1;0;37.34
17343;8841;20;1;0;58.07
17344;8842;101;1;15;17.94
17345;8843;16;1;0;37.34
17346;8843;15;1;5;23.08
17347;8843;19;1;0;62.12
17348;8844;59;2;5;37.81
17349;8844;50;1;0;48.76
17350;8844;83;1;0;191.61
17351;8844;115;1;5;20.34
17352;8844;25;1;0;33.59
17353;8845;48;1;0;32.73
17354;8845;69;1;0;21.21
17355;8846;11;2;0;213.42
17356;8847;116;2;0;196.1
17357;8847;37;1;0;24.99
17358;8848;101;1;0;21.1
17359;8848;11;1;0;106.71
17360;8848;42;1;0;18.28
17361;8848;32;1;5;48.13
17362;8849;39;1;5;34.8
17363;8850;76;1;10;33.05
17364;8850;3;1;10;72.7
17365;8851;63;1;0;91.09
17366;8851;33;2;10;74.2
17367;8851;6;2;5;125.15
17368;8851;92;1;0;146.56
17369;8851;21;3;0;107.07
17370;8852;57;1;0;36.53
17371;8853;64;1;0;15.0
17372;8854;112;1;0;15.0
17373;8854;53;2;0;141.94
17374;8855;78;1;0;58.04
17375;8856;61;3;0;183.69
17376;8856;118;1;10;38.62
17377;8857;82;1;0;18.81
17378;8857;114;1;0;51.73
17379;8858;61;1;15;52.05
17380;8859;14;1;10;174.09
17381;8859;54;1;5;28.86
17382;8860;46;1;5;155.08
17383;8860;6;1;10;59.28
17384;8860;119;1;0;94.67
17385;8861;17;2;0;60.04
17386;8861;21;1;0;35.69
17387;8861;22;1;5;17.77
17388;8861;58;1;0;140.81
17389;8862;4;1;0;32.8
17390;8863;69;1;0;21.21
17391;8863;117;1;0;69.98
17392;8864;56;1;0;23.85
17393;8865;92;1;0;146.56
17394;8865;120;1;20;33.72
17395;8865;50;1;0;48.76
17396;8866;9;2;5;39.22
17397;8867;81;1;10;16.33
17398;8867;42;1;0;18.28
17399;8867;112;1;0;15.0
17400;8868;73;1;0;15.0
17401;8869;51;1;0;153.28
17402;8870;106;1;15;29.38
17403;8870;110;1;0;83.15
17404;8870;112;1;0;15.0
17405;8870;101;1;0;21.1
17406;8871;35;1;5;32.77
17407;8872;32;2;0;101.32
17408;8872;76;1;10;33.05
17409;8873;66;1;0;58.63
17410;8873;57;1;0;36.53
17411;8874;105;2;0;127.08
17412;8874;83;2;0;383.22
17413;8875;84;2;0;51.34
17414;8876;120;1;5;40.04
17415;8876;103;1;5;28.4
17416;8877;19;1;5;59.01
17417;8878;25;1;0;33.59
17418;8879;118;3;0;128.73
17419;8879;104;1;0;15.0
17420;8880;48;1;5;31.09
17421;8880;38;1;20;44.54
17422;8880;63;2;0;182.18
17423;8881;20;2;15;98.72
17424;8881;98;1;0;72.09
17425;8881;80;1;0;42.06
17426;8882;99;1;0;27.15
17427;8883;3;1;0;80.78
17428;8884;71;3;0;66.78
17429;8884;94;1;5;92.4
17430;8884;51;2;0;306.56
17431;8884;65;2;5;93.23
17432;8884;25;1;10;30.23
17433;8885;70;1;5;211.77
17434;8885;45;1;0;156.28
17435;8885;31;1;0;67.64
17436;8885;87;1;0;26.68
17437;8886;59;3;0;59.7
17438;8886;69;1;15;18.03
17439;8886;23;2;0;114.3
17440;8886;26;1;0;38.24
17441;8887;94;1;10;87.53
17442;8888;67;1;0;23.19
17443;8888;33;3;0;123.66
17444;8889;79;1;5;115.29
17445;8889;119;1;15;80.47
17446;8889;112;2;5;28.5
17447;8890;24;2;0;439.16
17448;8891;93;2;15;25.5
17449;8891;110;1;5;78.99
17450;8891;115;1;15;18.2
17451;8892;58;1;0;140.81
17452;8892;91;1;0;26.21
17453;8892;93;1;0;15.0
17454;8892;46;2;0;326.48
17455;8893;69;1;15;18.03
17456;8893;111;1;10;38.79
17457;8894;27;1;0;77.95
17458;8895;7;1;0;35.02
17459;8896;96;1;0;161.23
17460;8896;52;1;20;20.7
17461;8897;95;1;0;48.91
17462;8897;7;1;0;35.02
17463;8898;17;1;10;27.02
17464;8898;50;1;5;46.32
17465;8898;105;1;0;63.54
17466;8899;28;1;0;35.73
17467;8899;21;2;0;71.38
17468;8899;43;1;0;110.19
17469;8900;26;1;0;38.24
17470;8901;91;1;0;26.21
17471;8901;54;2;0;60.76
17472;8901;16;1;15;31.74
17473;8902;3;1;10;72.7
17474;8902;55;1;5;14.25
17475;8903;75;1;15;33.06
17476;8904;118;1;5;40.76
17477;8904;87;1;0;26.68
17478;8904;13;3;5;94.16
17479;8905;42;2;5;34.73
17480;8905;114;2;0;103.46
17481;8905;99;1;0;27.15
17482;8906;12;1;5;45.08
17483;8906;68;1;0;160.88
17484;8906;63;1;0;91.09
17485;8907;64;2;10;27.0
17486;8908;108;1;5;52.2
17487;8909;116;2;0;196.1
17488;8910;32;1;0;50.66
17489;8910;61;1;10;55.11
17490;8910;108;2;10;98.91
17491;8911;31;1;0;67.64
17492;8911;95;1;0;48.91
17493;8912;104;1;10;13.5
17494;8913;20;3;10;156.79
17495;8914;49;2;0;187.1
17496;8914;54;3;0;91.14
17497;8914;110;1;5;78.99
17498;8914;111;2;10;77.58
17499;8915;68;2;0;321.76
17500;8916;77;2;0;30.0
17501;8916;26;1;15;32.5
17502;8916;34;1;0;21.33
17503;8917;3;3;0;242.34
17504;8917;106;3;5;98.5
17505;8917;13;2;0;66.08
17506;8918;27;3;5;222.16
17507;8918;24;1;0;219.58
17508;8919;29;1;0;15.0
17509;8920;89;1;0;20.76
17510;8921;97;1;20;12.0
17511;8921;84;1;0;25.67
17512;8922;62;1;10;32.32
17513;8923;110;2;0;166.3
17514;8924;76;1;0;36.72
17515;8924;43;2;0;220.38
17516;8925;101;2;0;42.2
17517;8926;88;1;5;43.35
17518;8927;100;1;5;86.35
17519;8927;20;1;0;58.07
17520;8928;46;3;0;489.72
17521;8928;5;2;0;76.26
17522;8928;60;1;0;94.95
17523;8928;72;1;5;127.83
17524;8929;93;1;15;12.75
17525;8930;116;1;15;83.34
17526;8930;97;2;15;25.5
17527;8931;112;2;0;30.0
17528;8932;74;1;10;42.98
17529;8933;78;1;0;58.04
17530;8933;96;1;10;145.11
17531;8933;19;1;5;59.01
17532;8933;43;1;0;110.19
17533;8933;46;1;0;163.24
17534;8934;59;3;0;59.7
17535;8934;76;1;0;36.72
17536;8934;85;1;0;41.5
17537;8935;50;2;0;97.52
17538;8935;71;1;0;22.26
17539;8935;76;1;0;36.72
17540;8936;26;1;10;34.42
17541;8937;10;1;10;59.1
17542;8937;18;1;0;44.38
17543;8938;19;2;10;111.82
17544;8939;111;1;10;38.79
17545;8939;21;1;0;35.69
17546;8939;18;3;0;133.14
17547;8940;101;1;0;21.1
17548;8940;71;1;10;20.03
17549;8940;104;1;10;13.5
17550;8941;50;1;10;43.88
17551;8941;105;2;0;127.08
17552;8942;110;1;0;83.15
17553;8943;9;1;0;20.64
17554;8944;87;1;5;25.35
17555;8945;70;1;0;222.92
17556;8946;36;1;5;46.12
17557;8946;16;1;5;35.47
17558;8946;29;2;0;30.0
17559;8947;99;2;0;54.3
17560;8947;74;1;0;47.75
17561;8947;20;1;10;52.26
17562;8948;70;2;0;445.84
17563;8948;77;1;0;15.0
17564;8949;20;2;15;98.72
17565;8949;114;1;0;51.73
17566;8950;108;1;15;46.71
17567;8950;58;1;15;119.69
17568;8950;68;1;0;160.88
17569;8951;61;2;0;122.46
17570;8952;91;1;5;24.9
17571;8953;1;2;0;42.64
17572;8954;86;1;5;14.25
17573;8954;49;2;0;187.1
17574;8955;68;2;0;321.76
17575;8955;32;1;0;50.66
17576;8956;62;1;0;35.91
17577;8956;42;1;0;18.28
17578;8957;90;1;0;48.64
17579;8958;43;1;10;99.17
17580;8958;33;1;0;41.22
17581;8958;117;1;0;69.98
17582;8959;96;1;5;153.17
17583;8960;48;3;5;93.28
17584;8960;102;1;5;22.36
17585;8960;25;1;15;28.55
17586;8960;41;1;0;22.53
17587;8961;53;1;10;63.87
17588;8961;66;1;5;55.7
17589;8962;17;1;0;30.02
17590;8963;110;2;5;157.99
17591;8963;11;1;0;106.71
17592;8964;26;2;0;76.48
17593;8965;70;1;0;222.92
17594;8965;42;1;0;18.28
17595;8966;76;1;0;36.72
17596;8966;69;1;0;21.21
17597;8966;58;2;5;267.54
17598;8966;87;1;0;26.68
17599;8967;112;1;20;12.0
17600;8968;64;2;10;27.0
17601;8969;80;2;5;79.91
17602;8970;47;1;5;15.84
17603;8971;99;1;0;27.15
17604;8972;28;3;0;107.19
17605;8973;75;3;5;110.84
17606;8974;88;3;0;136.89
17607;8974;116;1;10;88.25
17608;8974;76;2;10;66.1
17609;8974;14;2;5;367.52
17610;8974;84;1;0;25.67
17611;8975;79;1;0;121.36
17612;8976;29;1;5;14.25
17613;8977;2;2;10;34.24
17614;8978;22;1;5;17.77
17615;8978;79;1;0;121.36
17616;8978;67;3;0;69.57
17617;8979;42;1;20;14.62
17618;8980;86;1;0;15.0
17619;8980;95;1;10;44.02
17620;8981;69;1;0;21.21
17621;8981;111;2;10;77.58
17622;8982;36;1;10;43.7
17623;8983;23;1;0;57.15
17624;8983;25;1;0;33.59
17625;8983;93;1;10;13.5
17626;8984;85;1;10;37.35
17627;8985;109;1;0;15.0
17628;8985;21;3;0;107.07
17629;8986;91;3;0;78.63
17630;8986;3;1;20;64.62
17631;8987;99;1;10;24.43
17632;8987;30;1;0;15.0
17633;8988;82;1;0;18.81
17634;8988;19;1;5;59.01
17635;8988;38;1;5;52.9
17636;8989;63;1;5;86.54
17637;8990;91;1;20;20.97
17638;8991;100;1;0;90.89
17639;8991;57;1;5;34.7
17640;8991;14;3;20;464.23
17641;8991;52;1;0;25.88
17642;8991;112;3;10;40.5
17643;8992;4;1;10;29.52
17644;8992;85;1;0;41.5
17645;8993;47;1;5;15.84
17646;8994;29;2;0;30.0
17647;8994;21;1;0;35.69
17648;8995;71;1;5;21.15
17649;8995;96;1;0;161.23
17650;8995;92;1;15;124.58
17651;8995;105;1;0;63.54
17652;8996;98;1;0;72.09
17653;8996;38;1;0;55.68
17654;8996;31;1;0;67.64
17655;8997;83;1;0;191.61
17656;8998;73;1;0;15.0
17657;8999;12;1;0;47.45
17658;9000;37;1;0;24.99
17659;9000;26;2;0;76.48
17660;9001;1;1;0;21.32
17661;9001;68;1;0;160.88
17662;9001;120;1;0;42.15
17663;9001;30;1;0;15.0
17664;9002;57;1;0;36.53
17665;9002;35;1;5;32.77
17666;9003;119;1;5;89.94
17667;9003;28;1;0;35.73
17668;9004;58;1;0;140.81
17669;9004;53;1;0;70.97
17670;9004;116;1;0;98.05
17671;9005;118;1;0;42.91
17672;9006;62;1;0;35.91
17673;9006;87;1;10;24.01
17674;9007;86;3;10;40.5
17675;9008;80;1;0;42.06
17676;9008;55;1;5;14.25
17677;9008;91;1;10;23.59
17678;9008;47;1;0;16.67
17679;9009;51;1;5;145.62
17680;9009;40;1;0;15.0
17681;9010;48;1;0;32.73
17682;9011;113;1;0;63.36
17683;9011;94;1;0;97.26
17684;9012;100;2;0;181.78
17685;9012;43;1;0;110.19
17686;9013;12;1;5;45.08
17687;9014;31;3;0;202.92
17688;9014;33;1;10;37.1
17689;9015;93;1;0;15.0
17690;9015;32;2;20;81.06
17691;9016;113;2;0;126.72
17692;9016;10;1;5;62.39
17693;9016;33;1;5;39.16
17694;9017;67;2;0;46.38
17695;9018;3;2;5;153.48
17696;9019;32;1;20;40.53
17697;9019;116;1;0;98.05
17698;9019;24;2;0;439.16
17699;9019;51;1;5;145.62
17700;9020;109;2;10;27.0
17701;9020;41;1;0;22.53
17702;9021;13;2;0;66.08
17703;9022;113;1;0;63.36
17704;9022;87;1;20;21.34
17705;9022;105;1;0;63.54
17706;9022;56;2;0;47.7
17707;9022;28;1;10;32.16
17708;9023;22;1;0;18.71
17709;9023;50;2;0;97.52
17710;9024;69;1;0;21.21
17711;9025;50;1;10;43.88
17712;9026;109;1;0;15.0
17713;9027;102;1;0;23.54
17714;9028;100;2;0;181.78
17715;9029;104;1;5;14.25
17716;9029;68;1;0;160.88
17717;9030;38;3;0;167.04
17718;9030;110;2;0;166.3
17719;9030;99;2;0;54.3
17720;9031;17;1;0;30.02
17721;9032;11;1;0;106.71
17722;9032;65;1;0;49.07
17723;9033;14;1;5;183.76
17724;9034;87;1;15;22.68
17725;9035;31;2;5;128.52
17726;9036;6;2;5;125.15
17727;9037;19;1;15;52.8
17728;9038;20;1;0;58.07
17729;9039;5;1;0;38.13
17730;9039;17;1;0;30.02
17731;9039;88;1;15;38.79
17732;9039;84;3;10;69.31
17733;9039;75;1;5;36.95
17734;9040;90;1;0;48.64
17735;9040;87;1;0;26.68
17736;9040;113;1;0;63.36
17737;9040;86;1;5;14.25
17738;9041;96;1;0;161.23
17739;9041;61;1;0;61.23
17740;9041;52;1;0;25.88
17741;9041;44;1;20;67.55
17742;9042;76;1;0;36.72
17743;9042;105;2;10;114.37
17744;9043;10;1;15;55.82
17745;9043;90;2;5;92.42
17746;9044;61;1;5;58.17
17747;9045;13;1;20;26.43
17748;9045;84;1;0;25.67
17749;9046;111;1;15;36.63
17750;9047;94;1;5;92.4
17751;9047;36;1;0;48.55
17752;9047;34;2;20;34.13
17753;9048;86;2;0;30.0
17754;9048;11;1;0;106.71
17755;9048;33;1;0;41.22
17756;9049;88;1;0;45.63
17757;9049;109;1;5;14.25
17758;9049;110;2;0;166.3
17759;9050;13;1;20;26.43
17760;9051;22;3;0;56.13
17761;9052;96;1;5;153.17
17762;9053;100;1;5;86.35
17763;9053;69;2;15;36.06
17764;9054;13;2;10;59.47
17765;9054;116;1;0;98.05
17766;9055;84;1;0;25.67
17767;9055;23;1;0;57.15
17768;9056;68;1;10;144.79
17769;9057;30;3;0;45.0
17770;9057;99;1;0;27.15
17771;9058;117;1;0;69.98
17772;9058;37;1;10;22.49
17773;9058;1;1;20;17.06
17774;9059;11;1;0;106.71
17775;9059;81;1;0;18.14
17776;9059;10;1;20;52.54
17777;9060;104;3;10;40.5
17778;9060;13;1;15;28.08
17779;9061;11;2;5;202.75
17780;9062;38;1;0;55.68
17781;9063;15;1;10;21.86
17782;9064;56;1;0;23.85
17783;9064;40;1;5;14.25
17784;9065;28;2;5;67.89
17785;9066;15;1;5;23.08
17786;9067;101;2;0;42.2
17787;9068;32;1;0;50.66
17788;9069;7;1;5;33.27
17789;9069;83;3;0;574.83
17790;9069;51;1;5;145.62
17791;9069;103;1;5;28.4
17792;9069;116;1;5;93.15
17793;9070;4;1;0;32.8
17794;9071;93;1;15;12.75
17795;9071;7;1;10;31.52
17796;9071;89;1;0;20.76
17797;9072;111;1;5;40.95
17798;9073;44;1;0;84.44
17799;9074;40;1;10;13.5
17800;9075;7;2;0;70.04
17801;9075;103;2;0;59.78
17802;9075;99;3;15;69.23
17803;9076;39;1;0;36.63
17804;9076;115;1;10;19.27
17805;9077;21;1;0;35.69
17806;9078;85;2;0;83.0
17807;9078;92;2;20;234.5
17808;9079;23;1;0;57.15
17809;9079;55;1;5;14.25
17810;9080;115;1;10;19.27
17811;9081;101;1;5;20.05
17812;9082;15;2;0;48.58
17813;9083;54;1;15;25.82
17814;9083;90;1;0;48.64
17815;9084;40;2;0;30.0
17816;9085;22;1;0;18.71
17817;9085;37;1;15;21.24
17818;9085;118;1;10;38.62
17819;9085;99;3;0;81.45
17820;9086;106;1;0;34.56
17821;9087;50;2;0;97.52
17822;9087;20;1;0;58.07
17823;9087;27;1;5;74.05
17824;9087;1;1;5;20.25
17825;9088;98;1;10;64.88
17826;9089;26;2;10;68.83
17827;9089;93;1;0;15.0
17828;9089;103;2;10;53.8
17829;9090;100;1;0;90.89
17830;9091;63;1;10;81.98
17831;9092;90;1;10;43.78
17832;9093;112;1;0;15.0
17833;9093;116;1;0;98.05
17834;9094;79;1;5;115.29
17835;9094;37;1;0;24.99
17836;9094;17;1;5;28.52
17837;9094;117;1;10;62.98
17838;9094;119;1;5;89.94
17839;9095;105;1;5;60.36
17840;9096;70;1;0;222.92
17841;9096;13;1;0;33.04
17842;9096;100;1;10;81.8
17843;9097;79;1;0;121.36
17844;9097;109;2;0;30.0
17845;9098;72;1;0;134.56
17846;9099;87;1;0;26.68
17847;9099;67;1;0;23.19
17848;9100;90;1;10;43.78
17849;9101;71;1;0;22.26
17850;9102;98;1;15;61.28
17851;9102;20;1;0;58.07
17852;9103;13;1;0;33.04
17853;9103;111;1;0;43.1
17854;9104;74;1;0;47.75
17855;9105;102;3;5;67.09
17856;9105;79;3;20;291.26
17857;9106;56;1;10;21.47
17858;9106;66;1;0;58.63
17859;9107;58;1;20;112.65
17860;9107;22;1;15;15.9
17861;9108;64;2;5;28.5
17862;9108;6;1;15;55.99
17863;9108;29;1;5;14.25
17864;9109;99;1;0;27.15
17865;9109;39;1;10;32.97
17866;9110;63;2;15;154.85
17867;9111;116;1;0;98.05
17868;9111;70;1;5;211.77
17869;9112;115;1;5;20.34
17870;9113;30;3;0;45.0
17871;9113;117;1;0;69.98
17872;9114;6;2;5;125.15
17873;9115;9;1;0;20.64
17874;9115;107;1;0;77.52
17875;9116;118;2;5;81.53
17876;9116;49;1;5;88.87
17877;9117;57;1;0;36.53
17878;9117;18;1;15;37.72
17879;9117;65;1;0;49.07
17880;9117;13;1;0;33.04
17881;9118;57;1;0;36.53
17882;9119;27;1;10;70.16
17883;9120;19;1;0;62.12
17884;9120;4;1;0;32.8
17885;9120;38;1;10;50.11
17886;9121;50;1;15;41.45
17887;9122;113;1;20;50.69
17888;9122;42;1;0;18.28
17889;9123;117;1;0;69.98
17890;9124;101;1;0;21.1
17891;9124;73;1;0;15.0
17892;9125;35;1;15;29.32
17893;9126;86;2;0;30.0
17894;9127;68;1;0;160.88
17895;9127;6;1;10;59.28
17896;9128;51;1;0;153.28
17897;9128;79;1;0;121.36
17898;9129;20;1;10;52.26
17899;9130;13;1;5;31.39
17900;9131;111;1;0;43.1
17901;9131;118;1;0;42.91
17902;9131;56;1;0;23.85
17903;9131;17;1;0;30.02
17904;9131;94;2;0;194.52
17905;9132;59;1;0;19.9
17906;9132;97;1;0;15.0
17907;9132;49;1;15;79.52
17908;9132;93;1;15;12.75
17909;9132;79;1;0;121.36
17910;9133;10;1;0;65.67
17911;9133;23;2;20;91.44
17912;9133;102;1;5;22.36
17913;9134;20;1;5;55.17
17914;9135;57;1;0;36.53
17915;9135;61;1;0;61.23
17916;9136;41;1;0;22.53
17917;9136;55;1;0;15.0
17918;9136;61;1;0;61.23
17919;9136;89;1;10;18.68
17920;9137;26;1;0;38.24
17921;9138;60;1;15;80.71
17922;9139;34;2;0;42.66
17923;9140;26;1;0;38.24
17924;9140;46;1;5;155.08
17925;9140;100;1;0;90.89
17926;9141;9;3;0;61.92
17927;9141;96;1;0;161.23
17928;9142;87;1;0;26.68
17929;9142;67;1;5;22.03
17930;9142;100;1;0;90.89
17931;9143;55;1;0;15.0
17932;9143;95;1;15;41.57
17933;9144;17;1;10;27.02
17934;9145;109;2;10;27.0
17935;9146;117;1;15;59.48
17936;9146;82;2;0;37.62
17937;9147;50;3;0;146.28
17938;9147;83;2;0;383.22
17939;9148;72;1;15;114.38
17940;9148;62;2;5;68.23
17941;9149;86;2;15;25.5
17942;9149;5;1;5;36.22
17943;9150;22;1;10;16.84
17944;9151;89;1;5;19.72
17945;9152;119;1;10;85.2
17946;9152;29;1;10;13.5
17947;9153;98;1;0;72.09
17948;9154;111;1;0;43.1
17949;9154;29;1;5;14.25
17950;9154;40;1;10;13.5
17951;9155;105;2;0;127.08
17952;9155;59;2;0;39.8
17953;9156;74;1;0;47.75
17954;9156;109;2;0;30.0
17955;9157;71;1;0;22.26
17956;9157;105;2;0;127.08
17957;9157;65;1;0;49.07
17958;9158;37;1;0;24.99
17959;9158;118;1;0;42.91
17960;9159;116;1;0;98.05
17961;9159;66;1;5;55.7
17962;9160;60;1;10;85.45
17963;9161;120;1;0;42.15
17964;9161;118;1;0;42.91
17965;9162;107;1;0;77.52
17966;9162;86;1;0;15.0
17967;9162;16;1;0;37.34
17968;9162;115;1;0;21.41
17969;9163;11;1;0;106.71
17970;9163;120;1;0;42.15
17971;9163;7;2;0;70.04
17972;9164;37;1;0;24.99
17973;9164;49;2;15;159.03
17974;9165;27;1;0;77.95
17975;9165;97;1;0;15.0
17976;9165;1;2;0;42.64
17977;9165;89;1;0;20.76
17978;9166;22;1;0;18.71
17979;9167;73;1;0;15.0
17980;9167;21;1;10;32.12
17981;9167;43;1;5;104.68
17982;9167;7;1;15;29.77
17983;9168;27;1;5;74.05
17984;9169;94;1;0;97.26
17985;9169;36;2;5;92.24
17986;9170;5;1;20;30.5
17987;9171;27;3;0;233.85
17988;9171;66;2;0;117.26
17989;9171;53;1;0;70.97
17990;9172;6;1;0;65.87
17991;9173;14;1;0;193.43
17992;9174;104;1;20;12.0
17993;9174;111;1;15;36.63
17994;9175;65;1;15;41.71
17995;9176;110;2;0;166.3
17996;9177;10;2;0;131.34
17997;9177;4;1;0;32.8
17998;9178;105;1;0;63.54
17999;9178;63;1;0;91.09
18000;9178;114;2;15;87.94
18001;9179;74;1;10;42.98
18002;9179;19;1;0;62.12
18003;9179;80;1;5;39.96
18004;9180;73;1;15;12.75
18005;9180;33;3;10;111.29
18006;9180;85;1;10;37.35
18007;9181;42;1;0;18.28
18008;9181;92;3;0;439.68
18009;9181;59;1;0;19.9
18010;9182;93;1;15;12.75
18011;9183;97;1;15;12.75
18012;9184;90;3;0;145.92
18013;9184;67;1;5;22.03
18014;9185;74;1;0;47.75
18015;9186;59;1;15;16.91
18016;9187;96;1;5;153.17
18017;9187;82;2;0;37.62
18018;9188;33;1;0;41.22
18019;9189;97;1;10;13.5
18020;9189;61;1;0;61.23
18021;9190;68;1;20;128.7
18022;9191;114;1;10;46.56
18023;9191;19;2;0;124.24
18024;9191;79;3;0;364.08
18025;9192;24;2;5;417.2
18026;9192;27;1;15;66.26
18027;9192;66;1;10;52.77
18028;9192;99;1;10;24.43
18029;9193;96;1;0;161.23
18030;9193;15;3;15;61.94
18031;9193;116;1;10;88.25
18032;9194;15;1;5;23.08
18033;9194;24;1;15;186.64
18034;9194;82;2;0;37.62
18035;9195;89;1;5;19.72
18036;9196;31;1;0;67.64
18037;9196;42;1;20;14.62
18038;9196;62;3;0;107.73
18039;9197;82;1;0;18.81
18040;9197;80;1;5;39.96
18041;9197;24;1;0;219.58
18042;9198;70;1;0;222.92
18043;9198;37;1;5;23.74
18044;9199;41;1;10;20.28
18045;9200;65;1;0;49.07
18046;9201;73;1;5;14.25
18047;9201;20;1;0;58.07
18048;9201;75;1;0;38.89
18049;9202;88;1;10;41.07
18050;9202;14;1;0;193.43
18051;9202;20;1;5;55.17
18052;9202;30;1;20;12.0
18053;9203;12;2;0;94.9
18054;9203;104;1;10;13.5
18055;9204;62;3;10;96.96
18056;9205;90;2;5;92.42
18057;9205;35;1;0;34.49
18058;9205;16;2;10;67.21
18059;9206;22;1;5;17.77
18060;9207;105;1;0;63.54
18061;9208;24;1;0;219.58
18062;9208;19;2;0;124.24
18063;9208;59;1;15;16.91
18064;9208;61;1;0;61.23
18065;9208;83;1;5;182.03
18066;9209;86;2;15;25.5
18067;9210;80;1;0;42.06
18068;9210;50;2;15;82.89
18069;9211;98;1;5;68.49
18070;9212;51;1;0;153.28
18071;9213;82;1;15;15.99
18072;9213;74;2;0;95.5
18073;9213;120;1;10;37.94
18074;9214;16;1;0;37.34
18075;9214;92;1;0;146.56
18076;9215;83;1;5;182.03
18077;9216;33;1;0;41.22
18078;9217;31;1;10;60.88
18079;9218;68;1;0;160.88
18080;9218;113;1;0;63.36
18081;9219;70;1;5;211.77
18082;9220;78;1;15;49.33
18083;9221;26;1;20;30.59
18084;9221;23;1;0;57.15
18085;9221;4;1;0;32.8
18086;9222;28;2;5;67.89
18087;9223;28;1;0;35.73
18088;9223;25;1;0;33.59
18089;9224;70;1;0;222.92
18090;9225;100;2;5;172.69
18091;9225;5;1;0;38.13
18092;9225;61;1;15;52.05
18093;9226;77;2;10;27.0
18094;9226;2;1;0;19.02
18095;9227;3;1;0;80.78
18096;9228;15;1;5;23.08
18097;9229;92;1;0;146.56
18098;9229;19;1;0;62.12
18099;9229;68;1;0;160.88
18100;9229;117;2;0;139.96
18101;9230;51;1;0;153.28
18102;9230;116;3;0;294.15
18103;9230;15;1;0;24.29
18104;9231;103;1;10;26.9
18105;9231;84;1;5;24.39
18106;9231;28;1;15;30.37
18107;9231;26;1;0;38.24
18108;9232;34;1;5;20.26
18109;9232;76;2;0;73.44
18110;9233;71;1;10;20.03
18111;9233;14;1;0;193.43
18112;9234;34;1;5;20.26
18113;9234;23;1;0;57.15
18114;9235;49;1;0;93.55
18115;9236;92;1;0;146.56
18116;9236;73;1;0;15.0
18117;9237;75;1;0;38.89
18118;9237;90;1;0;48.64
18119;9237;110;1;5;78.99
18120;9238;14;2;0;386.86
18121;9238;117;1;0;69.98
18122;9238;55;2;0;30.0
18123;9238;34;1;5;20.26
18124;9239;27;1;0;77.95
18125;9239;114;3;5;147.43
18126;9240;64;2;10;27.0
18127;9241;92;2;0;293.12
18128;9242;72;1;5;127.83
18129;9243;89;1;10;18.68
18130;9243;2;1;20;15.22
18131;9244;3;1;5;76.74
18132;9244;78;2;10;104.47
18133;9244;29;1;10;13.5
18134;9244;57;1;0;36.53
18135;9245;88;1;20;36.5
18136;9246;9;1;0;20.64
18137;9247;119;1;15;80.47
18138;9248;106;2;15;58.75
18139;9248;3;1;0;80.78
18140;9248;50;1;0;48.76
18141;9248;39;1;0;36.63
18142;9249;19;1;5;59.01
18143;9249;73;1;10;13.5
18144;9249;87;2;15;45.36
18145;9250;98;2;10;129.76
18146;9250;51;1;15;130.29
18147;9251;110;1;15;70.68
18148;9251;107;1;0;77.52
18149;9252;45;1;0;156.28
18150;9252;11;1;5;101.37
18151;9252;66;1;0;58.63
18152;9253;81;1;0;18.14
18153;9253;61;1;0;61.23
18154;9254;82;2;0;37.62
18155;9255;12;1;5;45.08
18156;9256;87;2;20;42.69
18157;9256;67;1;5;22.03
18158;9256;19;1;0;62.12
18159;9256;17;3;0;90.06
18160;9257;7;1;10;31.52
18161;9258;87;1;5;25.35
18162;9259;96;1;0;161.23
18163;9260;59;1;5;18.9
18164;9261;83;1;0;191.61
18165;9261;59;2;0;39.8
18166;9262;34;1;10;19.2
18167;9263;72;2;5;255.66
18168;9263;51;2;0;306.56
18169;9263;3;1;5;76.74
18170;9264;72;1;0;134.56
18171;9265;52;3;0;77.64
18172;9265;87;2;5;50.69
18173;9265;62;2;5;68.23
18174;9265;30;3;0;45.0
18175;9266;9;1;15;17.54
18176;9267;41;2;5;42.81
18177;9267;119;1;0;94.67
18178;9268;37;1;0;24.99
18179;9269;21;2;5;67.81
18180;9270;47;2;5;31.67
18181;9270;86;1;0;15.0
18182;9271;71;1;10;20.03
18183;9271;99;1;5;25.79
18184;9272;81;1;0;18.14
18185;9273;69;1;0;21.21
18186;9273;104;1;10;13.5
18187;9273;48;1;0;32.73
18188;9274;1;2;0;42.64
18189;9274;113;2;0;126.72
18190;9275;21;1;0;35.69
18191;9276;32;1;5;48.13
18192;9276;9;1;5;19.61
18193;9277;52;1;5;24.59
18194;9277;73;1;0;15.0
18195;9278;21;1;5;33.91
18196;9279;99;1;5;25.79
18197;9279;55;1;10;13.5
18198;9279;14;1;0;193.43
18199;9280;117;3;0;209.94
18200;9281;24;2;0;439.16
18201;9282;26;1;15;32.5
18202;9282;91;3;0;78.63
18203;9282;68;1;0;160.88
18204;9282;86;1;15;12.75
18205;9283;54;1;5;28.86
18206;9283;51;1;5;145.62
18207;9283;21;2;5;67.81
18208;9284;86;2;0;30.0
18209;9285;26;1;0;38.24
18210;9285;73;3;0;45.0
18211;9286;31;1;0;67.64
18212;9286;94;1;0;97.26
18213;9286;96;1;10;145.11
18214;9286;30;1;10;13.5
18215;9287;45;1;5;148.47
18216;9288;48;1;5;31.09
18217;9288;13;1;0;33.04
18218;9289;22;1;0;18.71
18219;9289;81;1;0;18.14
18220;9290;84;1;10;23.1
18221;9290;37;1;0;24.99
18222;9291;70;1;0;222.92
18223;9292;56;1;15;20.27
18224;9293;72;1;5;127.83
18225;9294;29;1;0;15.0
18226;9295;95;2;5;92.93
18227;9296;24;1;10;197.62
18228;9296;119;1;0;94.67
18229;9296;102;1;10;21.19
18230;9296;8;2;0;30.0
18231;9297;69;1;5;20.15
18232;9297;32;2;5;96.25
18233;9297;23;1;15;48.58
18234;9298;98;1;0;72.09
18235;9299;70;1;0;222.92
18236;9300;113;1;5;60.19
18237;9300;52;1;0;25.88
18238;9301;21;1;5;33.91
18239;9302;96;2;0;322.46
18240;9302;21;1;10;32.12
18241;9302;89;1;0;20.76
18242;9303;12;1;0;47.45
18243;9304;61;3;5;174.51
18244;9305;30;1;10;13.5
18245;9305;106;1;0;34.56
18246;9306;37;1;0;24.99
18247;9306;87;1;0;26.68
18248;9307;35;1;5;32.77
18249;9307;4;1;0;32.8
18250;9307;8;1;20;12.0
18251;9307;56;1;10;21.47
18252;9307;21;1;0;35.69
18253;9308;46;1;0;163.24
18254;9309;79;1;10;109.22
18255;9310;14;1;20;154.74
18256;9311;70;3;0;668.76
18257;9312;21;1;15;30.34
18258;9312;45;1;10;140.65
18259;9313;27;2;0;155.9
18260;9314;39;2;0;73.26
18261;9315;47;1;0;16.67
18262;9315;44;1;0;84.44
18263;9315;36;1;0;48.55
18264;9315;105;1;5;60.36
18265;9316;110;1;0;83.15
18266;9317;25;1;0;33.59
18267;9318;36;2;0;97.1
18268;9319;107;1;0;77.52
18269;9319;105;1;5;60.36
18270;9319;34;1;20;17.06
18271;9319;46;1;10;146.92
18272;9320;54;1;0;30.38
18273;9321;47;2;0;33.34
18274;9321;103;1;0;29.89
18275;9321;86;1;0;15.0
18276;9322;74;1;0;47.75
18277;9322;38;2;10;100.22
18278;9323;79;2;10;218.45
18279;9323;64;1;15;12.75
18280;9323;115;1;20;17.13
18281;9324;95;1;0;48.91
18282;9324;115;1;10;19.27
18283;9324;47;1;0;16.67
18284;9325;46;1;0;163.24
18285;9325;36;1;0;48.55
18286;9326;49;1;5;88.87
18287;9326;86;3;10;40.5
18288;9327;55;1;5;14.25
18289;9327;42;1;0;18.28
18290;9328;110;1;5;78.99
18291;9329;80;1;10;37.85
18292;9330;89;1;10;18.68
18293;9331;73;1;20;12.0
18294;9331;7;1;10;31.52
18295;9331;21;1;15;30.34
18296;9332;19;1;0;62.12
18297;9332;55;1;5;14.25
18298;9333;73;1;5;14.25
18299;9334;102;2;15;40.02
18300;9334;73;2;0;30.0
18301;9334;7;1;10;31.52
18302;9335;76;2;5;69.77
18303;9336;109;1;0;15.0
18304;9337;40;1;0;15.0
18305;9337;105;1;15;54.01
18306;9338;1;2;0;42.64
18307;9338;18;1;0;44.38
18308;9338;95;1;10;44.02
18309;9339;65;1;0;49.07
18310;9340;89;1;15;17.65
18311;9340;114;1;0;51.73
18312;9341;102;1;15;20.01
18313;9341;35;3;0;103.47
18314;9342;85;1;0;41.5
18315;9342;33;1;0;41.22
18316;9343;52;1;0;25.88
18317;9343;63;1;0;91.09
18318;9343;37;1;20;19.99
18319;9343;64;1;0;15.0
18320;9344;104;1;0;15.0
18321;9344;51;1;0;153.28
18322;9344;46;1;5;155.08
18323;9345;107;1;0;77.52
18324;9345;40;1;15;12.75
18325;9346;69;1;0;21.21
18326;9347;79;1;0;121.36
18327;9348;12;1;0;47.45
18328;9348;63;1;5;86.54
18329;9348;74;1;0;47.75
18330;9348;86;3;15;38.25
18331;9348;97;1;0;15.0
18332;9349;60;1;0;94.95
18333;9350;21;1;0;35.69
18334;9350;31;1;0;67.64
18335;9350;40;1;0;15.0
18336;9351;88;1;0;45.63
18337;9351;109;3;5;42.75
18338;9352;55;1;0;15.0
18339;9352;86;1;0;15.0
18340;9353;102;2;0;47.08
18341;9354;104;2;0;30.0
18342;9354;16;1;0;37.34
18343;9354;110;1;15;70.68
18344;9355;118;1;15;36.47
18345;9355;94;1;20;77.81
18346;9355;5;1;5;36.22
18347;9355;66;1;0;58.63
18348;9356;10;1;0;65.67
18349;9356;91;1;0;26.21
18350;9357;108;1;0;54.95
18351;9357;68;2;0;321.76
18352;9357;64;1;0;15.0
18353;9358;89;1;15;17.65
18354;9359;44;2;0;168.88
18355;9359;6;1;20;52.7
18356;9360;22;1;0;18.71
18357;9360;72;1;0;134.56
18358;9361;63;1;0;91.09
18359;9361;21;1;0;35.69
18360;9362;103;2;0;59.78
18361;9362;77;1;20;12.0
18362;9362;17;1;0;30.02
18363;9363;90;1;0;48.64
18364;9364;74;1;0;47.75
18365;9365;96;1;10;145.11
18366;9366;23;1;10;51.44
18367;9366;118;1;0;42.91
18368;9366;20;2;0;116.14
18369;9367;66;1;0;58.63
18370;9367;22;3;20;44.9
18371;9368;36;1;0;48.55
18372;9368;67;1;5;22.03
18373;9368;109;1;0;15.0
18374;9368;68;1;0;160.88
18375;9368;19;2;10;111.82
18376;9369;9;1;0;20.64
18377;9370;68;1;0;160.88
18378;9370;66;1;10;52.77
18379;9371;69;2;0;42.42
18380;9372;68;1;0;160.88
18381;9373;17;2;10;54.04
18382;9374;109;1;0;15.0
18383;9374;87;2;0;53.36
18384;9374;67;1;0;23.19
18385;9375;38;3;0;167.04
18386;9375;89;3;5;59.17
18387;9375;62;1;0;35.91
18388;9375;93;2;0;30.0
18389;9376;91;3;0;78.63
18390;9376;31;1;0;67.64
18391;9376;21;2;0;71.38
18392;9377;5;1;0;38.13
18393;9378;60;1;20;75.96
18394;9378;94;2;0;194.52
18395;9378;62;1;5;34.11
18396;9378;103;1;0;29.89
18397;9379;70;1;0;222.92
18398;9379;13;1;0;33.04
18399;9379;2;1;0;19.02
18400;9379;63;2;0;182.18
18401;9379;29;2;0;30.0
18402;9380;102;1;5;22.36
18403;9380;82;1;0;18.81
18404;9380;113;3;5;180.58
18405;9381;57;2;0;73.06
18406;9382;82;1;10;16.93
18407;9382;52;1;0;25.88
18408;9383;17;1;0;30.02
18409;9384;26;1;0;38.24
18410;9385;113;3;5;180.58
18411;9385;83;1;15;162.87
18412;9385;108;1;20;43.96
18413;9385;102;2;0;47.08
18414;9386;69;1;0;21.21
18415;9386;21;1;0;35.69
18416;9386;13;2;0;66.08
18417;9386;10;1;0;65.67
18418;9387;51;3;0;459.84
18419;9387;95;2;0;97.82
18420;9387;52;1;0;25.88
18421;9388;47;2;0;33.34
18422;9389;79;3;0;364.08
18423;9389;49;2;0;187.1
18424;9389;63;2;0;182.18
18425;9389;12;2;0;94.9
18426;9390;6;1;5;62.58
18427;9390;51;2;20;245.25
18428;9391;105;1;0;63.54
18429;9392;4;1;0;32.8
18430;9392;83;1;0;191.61
18431;9393;55;1;10;13.5
18432;9394;79;1;0;121.36
18433;9395;88;1;5;43.35
18434;9395;86;1;15;12.75
18435;9395;53;1;0;70.97
18436;9396;110;1;15;70.68
18437;9397;6;1;0;65.87
18438;9397;94;1;0;97.26
18439;9398;65;2;0;98.14
18440;9399;6;1;0;65.87
18441;9400;70;1;0;222.92
18442;9401;79;2;10;218.45
18443;9401;81;2;5;34.47
18444;9401;13;1;10;29.74
18445;9401;106;2;0;69.12
18446;9401;28;2;0;71.46
18447;9402;37;2;10;44.98
18448;9403;40;2;20;24.0
18449;9403;10;2;0;131.34
18450;9403;88;1;10;41.07
18451;9404;62;1;0;35.91
18452;9404;68;1;0;160.88
18453;9405;27;1;0;77.95
18454;9405;42;1;5;17.37
18455;9405;100;1;0;90.89
18456;9405;90;1;0;48.64
18457;9406;63;1;5;86.54
18458;9407;54;1;0;30.38
18459;9407;59;2;0;39.8
18460;9408;52;2;5;49.17
18461;9408;88;3;20;109.51
18462;9408;91;1;0;26.21
18463;9408;104;2;0;30.0
18464;9409;118;1;10;38.62
18465;9409;21;2;10;64.24
18466;9410;30;1;0;15.0
18467;9411;32;1;0;50.66
18468;9411;56;1;20;19.08
18469;9412;20;1;5;55.17
18470;9412;96;1;15;137.05
18471;9413;2;1;15;16.17
18472;9414;39;1;0;36.63
18473;9414;56;1;0;23.85
18474;9415;41;1;5;21.4
18475;9415;84;1;10;23.1
18476;9416;43;2;15;187.32
18477;9417;28;1;0;35.73
18478;9417;90;1;5;46.21
18479;9418;42;1;0;18.28
18480;9419;68;1;15;136.75
18481;9420;106;2;0;69.12
18482;9420;89;1;0;20.76
18483;9421;72;1;0;134.56
18484;9421;23;1;0;57.15
18485;9421;87;1;15;22.68
18486;9422;29;1;15;12.75
18487;9422;79;2;0;242.72
18488;9423;67;1;10;20.87
18489;9423;107;2;5;147.29
18490;9424;102;2;0;47.08
18491;9425;50;2;0;97.52
18492;9426;80;1;5;39.96
18493;9426;27;1;5;74.05
18494;9427;13;1;20;26.43
18495;9428;14;1;15;164.42
18496;9428;43;1;5;104.68
18497;9428;9;1;0;20.64
18498;9429;103;1;15;25.41
18499;9430;113;3;0;190.08
18500;9430;17;1;0;30.02
18501;9430;12;1;0;47.45
18502;9431;79;2;0;242.72
18503;9431;118;1;0;42.91
18504;9431;50;2;5;92.64
18505;9431;51;1;0;153.28
18506;9432;47;1;5;15.84
18507;9432;73;1;20;12.0
18508;9433;104;1;10;13.5
18509;9434;103;2;0;59.78
18510;9435;36;2;5;92.24
18511;9436;79;2;5;230.58
18512;9436;71;1;15;18.92
18513;9436;118;1;0;42.91
18514;9437;109;3;0;45.0
18515;9437;114;1;0;51.73
18516;9437;115;2;0;42.82
18517;9437;70;1;0;222.92
18518;9438;102;2;15;40.02
18519;9439;29;1;0;15.0
18520;9440;61;1;15;52.05
18521;9440;9;1;5;19.61
18522;9441;50;2;10;87.77
18523;9442;19;1;0;62.12
18524;9443;116;1;5;93.15
18525;9444;96;2;0;322.46
18526;9445;86;2;5;28.5
18527;9445;48;1;0;32.73
18528;9446;68;2;0;321.76
18529;9446;18;3;0;133.14
18530;9446;100;1;20;72.71
18531;9446;34;1;0;21.33
18532;9447;59;1;20;15.92
18533;9448;44;1;0;84.44
18534;9448;56;1;5;22.66
18535;9449;27;1;5;74.05
18536;9450;118;1;0;42.91
18537;9451;67;1;0;23.19
18538;9451;47;1;5;15.84
18539;9451;43;1;15;93.66
18540;9451;103;1;0;29.89
18541;9451;98;1;0;72.09
18542;9452;4;1;0;32.8
18543;9453;68;1;0;160.88
18544;9454;33;1;0;41.22
18545;9455;68;1;0;160.88
18546;9455;104;1;5;14.25
18547;9455;71;2;0;44.52
18548;9456;112;1;0;15.0
18549;9456;117;1;0;69.98
18550;9456;119;1;0;94.67
18551;9457;56;1;5;22.66
18552;9458;49;1;0;93.55
18553;9459;16;2;0;74.68
18554;9459;72;1;10;121.1
18555;9460;41;1;0;22.53
18556;9461;32;1;15;43.06
18557;9461;39;1;0;36.63
18558;9461;91;1;0;26.21
18559;9461;55;1;15;12.75
18560;9462;79;1;0;121.36
18561;9463;54;1;5;28.86
18562;9464;33;1;0;41.22
18563;9464;7;1;0;35.02
18564;9464;90;1;0;48.64
18565;9464;25;2;0;67.18
18566;9465;11;1;10;96.04
18567;9465;77;1;0;15.0
18568;9465;2;1;10;17.12
18569;9465;64;1;10;13.5
18570;9466;9;1;0;20.64
18571;9467;87;1;5;25.35
18572;9467;108;1;15;46.71
18573;9467;96;3;5;459.51
18574;9467;71;1;15;18.92
18575;9468;82;1;0;18.81
18576;9469;59;1;0;19.9
18577;9469;103;1;0;29.89
18578;9469;110;1;10;74.84
18579;9470;16;1;5;35.47
18580;9471;101;1;5;20.05
18581;9472;79;1;20;97.09
18582;9472;55;1;0;15.0
18583;9473;115;1;0;21.41
18584;9474;80;1;5;39.96
18585;9474;94;1;15;82.67
18586;9474;48;1;10;29.46
18587;9474;22;1;15;15.9
18588;9474;30;3;10;40.5
18589;9475;116;2;10;176.49
18590;9475;49;1;15;79.52
18591;9475;79;1;5;115.29
18592;9475;13;2;10;59.47
18593;9475;51;1;5;145.62
18594;9476;19;2;5;118.03
18595;9477;97;1;5;14.25
18596;9477;10;1;15;55.82
18597;9477;13;1;5;31.39
18598;9477;4;3;0;98.4
18599;9477;19;1;10;55.91
18600;9478;95;1;10;44.02
18601;9478;112;2;5;28.5
18602;9479;64;1;0;15.0
18603;9480;52;1;15;22.0
18604;9481;76;2;20;58.75
18605;9481;60;1;5;90.2
18606;9482;79;2;0;242.72
18607;9482;93;1;0;15.0
18608;9482;100;1;0;90.89
18609;9483;29;2;15;25.5
18610;9484;30;2;0;30.0
18611;9484;76;1;0;36.72
18612;9485;1;1;5;20.25
18613;9485;73;1;0;15.0
18614;9485;16;1;5;35.47
18615;9486;120;2;5;80.08
18616;9486;7;1;5;33.27
18617;9487;13;3;0;99.12
18618;9488;16;1;0;37.34
18619;9488;4;2;5;62.32
18620;9488;21;1;5;33.91
18621;9488;45;1;0;156.28
18622;9488;12;1;0;47.45
18623;9489;81;1;5;17.23
18624;9490;43;1;10;99.17
18625;9490;120;1;20;33.72
18626;9490;29;1;10;13.5
18627;9490;22;1;5;17.77
18628;9491;110;1;5;78.99
18629;9491;46;1;10;146.92
18630;9492;96;1;0;161.23
18631;9493;74;2;0;95.5
18632;9493;21;1;0;35.69
18633;9494;81;1;0;18.14
18634;9495;20;1;10;52.26
18635;9495;102;1;0;23.54
18636;9496;12;1;5;45.08
18637;9496;98;2;5;136.97
18638;9496;44;1;0;84.44
18639;9496;51;1;0;153.28
18640;9497;37;1;0;24.99
18641;9497;103;1;0;29.89
18642;9497;117;1;0;69.98
18643;9498;28;2;0;71.46
18644;9499;81;1;0;18.14
18645;9499;92;1;10;131.9
18646;9500;78;2;10;104.47
18647;9500;11;1;0;106.71
18648;9500;27;1;0;77.95
