pedido_id;cliente_id;data_pedido;forma_pagamento;status_entrega;valor_total
1;41;2025-10-22;Cartao de Credito;Entregue;116.06
2;342;2024-10-31;Cartao de Credito;Cancelado;166.36
3;182;2024-12-24;Pix;Entregue;69.12
4;442;2026-04-04;Pix;Entregue;107.54
5;1592;2025-05-03;Pix;Entregue;64.88
6;567;2025-09-21;Pix;Entregue com Atraso;141.12
7;786;2026-02-20;Pix;Entregue;97.77
8;857;2026-04-05;Cartao de Credito;Entregue;330.43
9;388;2025-12-30;Cartao de Debito;Entregue;94.81
10;1767;2025-07-16;Cartao de Credito;Cancelado;66.48
11;5;2025-12-01;Cartao de Credito;Entregue;255.66
12;1331;2026-02-03;Cartao de Credito;Em Transito;70.98
13;1741;2025-08-21;Boleto;Entregue;43.44
14;226;2025-08-15;Cartao de Debito;Entregue;153.48
15;1257;2025-02-13;Cartao de Credito;Entregue;117.25
16;1731;2024-09-07;Cartao de Credito;Em Transito;89.35
17;1034;2025-12-19;Cartao de Credito;Entregue;127.45
18;416;2026-01-18;Pix;Entregue;177.58
19;1689;2024-09-23;Boleto;Entregue;189.35
20;513;2025-10-05;Pix;Entregue;104.68
21;47;2025-03-20;Cartao de Debito;Entregue;50.66
22;119;2026-05-03;Cartao de Credito;Entregue;178.01
23;1460;2026-01-15;Boleto;Cancelado;215.46
24;1602;2026-07-12;Cartao de Credito;Entregue;196.63
25;429;2026-04-06;Boleto;Entregue;112.56
26;1206;2024-08-27;Pix;Entregue;183.76
27;1075;2025-02-15;Cartao de Debito;Entregue;185.46
28;80;2024-12-09;Cartao de Credito;Entregue;242.19
29;1212;2024-09-28;Cartao de Credito;Entregue com Atraso;43.02
30;126;2025-02-10;Pix;Entregue;369.61
31;1229;2025-11-21;Pix;Entregue;166.69
32;57;2024-11-26;Cartao de Credito;Entregue;128.07
33;400;2025-04-26;Pix;Entregue;127.92
34;1211;2025-08-24;Pix;Em Transito;77.95
35;1434;2026-06-08;Cartao de Credito;Entregue;185.68
36;686;2025-08-19;Cartao de Credito;Entregue;213.27
37;266;2025-04-11;Cartao de Credito;Entregue com Atraso;127.52
38;914;2026-05-23;Boleto;Entregue;71.77
39;841;2026-03-19;Pix;Em Transito;194.03
40;570;2025-08-22;Pix;Em Transito;20.03
41;543;2026-01-14;Cartao de Credito;Entregue;118.06
42;588;2025-08-27;Cartao de Credito;Entregue;65.67
43;1505;2026-01-08;Pix;Entregue;15.0
44;65;2025-02-22;Cartao de Credito;Entregue;306.34
45;505;2026-07-24;Pix;Entregue;782.98
46;748;2026-03-17;Boleto;Entregue;202.25
47;429;2026-03-25;Boleto;Entregue com Atraso;265.9
48;1233;2025-03-03;Pix;Entregue com Atraso;44.38
49;1691;2024-08-10;Pix;Entregue;14.25
50;741;2026-07-09;Pix;Entregue;21.1
51;1752;2025-07-05;Pix;Entregue com Atraso;315.99
52;172;2024-11-15;Pix;Entregue;362.47
53;129;2024-09-28;Cartao de Credito;Entregue;69.98
54;200;2026-02-01;Pix;Entregue com Atraso;196.1
55;386;2025-10-17;Boleto;Entregue;136.09
56;904;2026-07-03;Pix;Entregue;491.5
57;1240;2026-07-30;Boleto;Entregue;130.66
58;1033;2025-09-07;Pix;Entregue;204.07
59;226;2025-08-13;Cartao de Credito;Entregue;223.02
60;826;2025-07-18;Pix;Entregue com Atraso;18.07
61;245;2026-06-18;Pix;Entregue;21.15
62;814;2025-11-26;Boleto;Entregue com Atraso;80.78
63;226;2025-09-05;Cartao de Credito;Entregue;34.49
64;395;2024-09-05;Boleto;Entregue;63.04
65;1154;2026-06-07;Boleto;Entregue;35.02
66;682;2025-02-23;Cartao de Debito;Entregue;47.45
67;30;2025-02-13;Pix;Entregue;151.57
68;966;2025-10-13;Cartao de Credito;Entregue;54.29
69;22;2025-03-06;Pix;Entregue;85.85
70;1262;2026-03-06;Cartao de Credito;Cancelado;112.7
71;325;2026-07-06;Cartao de Credito;Entregue com Atraso;181.42
72;428;2026-03-25;Pix;Entregue;144.18
73;1290;2025-04-07;Pix;Entregue;55.68
74;1156;2025-04-01;Cartao de Debito;Entregue;531.6
75;1511;2025-07-06;Cartao de Credito;Entregue;42.91
76;1229;2025-03-16;Pix;Entregue;36.53
77;880;2025-02-14;Cartao de Credito;Cancelado;168.34
78;786;2026-04-13;Cartao de Credito;Entregue;16.93
79;854;2025-08-04;Cartao de Credito;Entregue;49.07
80;282;2025-12-07;Cartao de Credito;Entregue;184.98
81;523;2026-02-27;Pix;Entregue;52.05
82;7;2025-12-26;Pix;Entregue;72.91
83;672;2025-12-15;Cartao de Credito;Cancelado;43.97
84;699;2026-03-03;Cartao de Credito;Entregue com Atraso;125.77
85;845;2025-08-06;Pix;Entregue;253.73
86;1090;2026-06-10;Boleto;Entregue;694.66
87;305;2025-10-12;Cartao de Credito;Entregue;300.43
88;1311;2026-07-17;Cartao de Credito;Cancelado;96.32
89;350;2024-12-16;Cartao de Credito;Entregue;242.26
90;1123;2026-05-14;Cartao de Credito;Entregue;48.55
91;432;2025-12-10;Pix;Entregue;42.75
92;1394;2024-09-12;Cartao de Credito;Entregue;46.43
93;490;2025-12-11;Pix;Entregue;32.73
94;583;2025-04-03;Cartao de Debito;Entregue;38.25
95;1431;2024-08-04;Pix;Entregue;238.48
96;1237;2025-04-12;Cartao de Credito;Entregue;201.94
97;1441;2024-08-18;Pix;Em Transito;203.04
98;1282;2025-05-28;Pix;Entregue com Atraso;189.75
99;983;2025-11-22;Cartao de Credito;Entregue;41.5
100;316;2026-06-07;Pix;Entregue;450.11
101;1412;2025-07-07;Boleto;Em Transito;204.81
102;1731;2025-10-22;Boleto;Entregue;47.45
103;1073;2025-02-09;Pix;Entregue;83.15
104;1287;2025-06-15;Cartao de Credito;Entregue;86.46
105;723;2026-02-03;Boleto;Entregue;124.13
106;1243;2026-04-06;Cartao de Credito;Entregue;78.55
107;1245;2025-08-21;Cartao de Credito;Entregue com Atraso;139.23
108;1438;2026-07-19;Pix;Em Transito;440.28
109;618;2026-06-26;Pix;Entregue;65.67
110;1231;2025-02-16;Pix;Entregue;34.73
111;1428;2026-07-28;Cartao de Credito;Entregue;74.83
112;367;2026-05-29;Cartao de Credito;Entregue com Atraso;143.34
113;1502;2024-09-27;Cartao de Credito;Cancelado;35.02
114;621;2025-10-19;Cartao de Debito;Entregue;38.13
115;567;2026-04-03;Cartao de Debito;Entregue;59.17
116;165;2025-11-18;Boleto;Entregue;25.67
117;216;2024-12-03;Pix;Entregue;111.62
118;1409;2025-02-02;Cartao de Credito;Cancelado;79.61
119;966;2025-09-20;Boleto;Entregue;62.47
120;1264;2026-05-30;Cartao de Credito;Entregue com Atraso;323.95
121;154;2024-12-06;Pix;Entregue;139.5
122;1377;2026-06-06;Pix;Entregue;59.24
123;1229;2026-06-10;Boleto;Entregue;73.26
124;240;2026-02-17;Cartao de Credito;Entregue;42.06
125;482;2026-05-28;Cartao de Debito;Entregue;35.04
126;263;2025-02-25;Cartao de Credito;Entregue com Atraso;696.31
127;496;2026-01-27;Cartao de Credito;Entregue;15.99
128;1363;2024-12-28;Boleto;Entregue;280.65
129;1709;2024-12-05;Cartao de Credito;Entregue com Atraso;69.12
130;633;2026-03-09;Boleto;Entregue;53.22
131;1298;2026-01-27;Pix;Em Transito;36.72
132;922;2025-01-07;Pix;Entregue;97.05
133;1212;2025-10-03;Pix;Entregue;329.38
134;1143;2024-10-18;Pix;Cancelado;15.0
135;1670;2024-08-11;Cartao de Debito;Entregue;210.43
136;1233;2025-09-20;Cartao de Credito;Entregue;199.98
137;1577;2026-01-23;Pix;Entregue;15.9
138;945;2025-03-19;Cartao de Credito;Entregue;489.72
139;687;2025-08-18;Cartao de Debito;Entregue;362.46
140;489;2024-08-03;Pix;Entregue;24.0
141;928;2024-09-06;Cartao de Debito;Em Transito;220.88
142;643;2024-11-12;Pix;Entregue;135.6
143;462;2025-11-25;Cartao de Credito;Entregue;219.58
144;1776;2026-06-04;Boleto;Entregue;20.27
145;1257;2024-11-22;Cartao de Credito;Entregue;161.23
146;1200;2025-12-04;Cartao de Debito;Cancelado;81.98
147;1266;2025-06-29;Boleto;Entregue com Atraso;27.0
148;708;2024-11-21;Cartao de Debito;Entregue com Atraso;140.65
149;436;2026-06-26;Boleto;Entregue;42.87
150;1109;2026-01-06;Cartao de Credito;Entregue;63.99
151;1458;2025-02-20;Pix;Entregue com Atraso;97.26
152;1786;2026-03-29;Pix;Entregue;20.7
153;1670;2025-10-11;Cartao de Credito;Entregue;320.72
154;1161;2025-06-08;Cartao de Credito;Entregue;394.04
155;801;2025-04-16;Cartao de Debito;Entregue;31.39
156;1345;2024-12-12;Cartao de Credito;Entregue com Atraso;86.35
157;440;2025-05-10;Cartao de Credito;Entregue;332.24
158;978;2025-07-18;Cartao de Credito;Entregue;140.74
159;1633;2025-07-22;Boleto;Entregue;141.53
160;37;2026-04-06;Cartao de Credito;Cancelado;12.0
161;359;2025-09-12;Pix;Entregue;84.38
162;1095;2025-02-28;Cartao de Credito;Entregue;41.34
163;921;2025-12-29;Pix;Entregue;15.0
164;223;2025-03-18;Cartao de Credito;Entregue;186.36
165;239;2024-09-22;Pix;Entregue;147.39
166;488;2024-12-15;Pix;Entregue;15.0
167;647;2025-05-14;Cartao de Credito;Cancelado;129.1
168;1695;2025-04-21;Boleto;Entregue;96.42
169;1318;2025-01-07;Pix;Entregue com Atraso;124.24
170;339;2025-02-06;Boleto;Entregue;316.84
171;721;2026-04-15;Cartao de Credito;Entregue;31.84
172;185;2026-01-22;Cartao de Credito;Entregue com Atraso;33.04
173;1468;2026-05-22;Cartao de Debito;Entregue;103.28
174;1523;2024-10-27;Cartao de Credito;Entregue;100.07
175;1229;2026-05-05;Pix;Entregue;222.92
176;1490;2024-12-24;Cartao de Credito;Entregue;46.32
177;413;2026-07-02;Cartao de Credito;Em Transito;364.85
178;656;2024-10-26;Boleto;Entregue;160.88
179;787;2026-06-15;Pix;Entregue;53.86
180;1189;2025-04-29;Boleto;Entregue com Atraso;34.11
181;1363;2024-12-29;Cartao de Credito;Entregue;76.31
182;263;2025-06-27;Cartao de Debito;Entregue;22.53
183;1743;2026-04-09;Boleto;Entregue;119.24
184;152;2025-10-06;Pix;Entregue com Atraso;198.88
185;1657;2024-10-01;Cartao de Debito;Entregue;281.31
186;1469;2024-09-27;Pix;Entregue;152.56
187;194;2026-03-19;Cartao de Credito;Entregue com Atraso;103.71
188;838;2024-12-22;Pix;Entregue;70.97
189;1163;2024-08-14;Cartao de Credito;Entregue;274.07
190;903;2026-07-28;Cartao de Credito;Em Transito;37.96
191;226;2025-03-05;Pix;Entregue;32.83
192;1502;2026-07-11;Pix;Entregue;124.65
193;197;2024-10-19;Cartao de Credito;Entregue com Atraso;67.64
194;122;2026-04-04;Cartao de Credito;Em Transito;38.24
195;496;2026-03-07;Pix;Entregue;228.01
196;581;2025-09-05;Pix;Cancelado;130.56
197;269;2026-03-25;Boleto;Entregue;179.83
198;1431;2026-06-01;Cartao de Credito;Entregue com Atraso;358.26
199;442;2026-04-18;Pix;Cancelado;96.08
200;1735;2024-10-29;Pix;Entregue;55.68
201;662;2024-10-31;Cartao de Credito;Entregue com Atraso;192.53
202;1740;2025-12-13;Cartao de Credito;Entregue com Atraso;78.99
203;817;2026-01-07;Boleto;Cancelado;45.63
204;1569;2026-06-30;Cartao de Credito;Cancelado;21.19
205;17;2024-11-16;Cartao de Credito;Entregue;55.82
206;1202;2025-07-24;Pix;Entregue;711.25
207;867;2026-07-21;Pix;Entregue;723.93
208;1773;2025-08-25;Cartao de Credito;Entregue com Atraso;167.71
209;260;2025-05-08;Pix;Entregue;41.59
210;172;2025-10-13;Cartao de Credito;Entregue com Atraso;468.84
211;966;2025-01-12;Cartao de Debito;Entregue;138.59
212;1283;2025-06-21;Cartao de Credito;Em Transito;173.05
213;1151;2026-03-16;Cartao de Credito;Entregue;366.96
214;1457;2024-12-06;Pix;Entregue;217.89
215;208;2025-01-28;Pix;Entregue;247.46
216;1141;2026-07-20;Pix;Em Transito;109.54
217;1668;2024-11-11;Pix;Entregue;153.83
218;226;2025-11-19;Pix;Entregue com Atraso;202.19
219;1574;2025-04-28;Cartao de Credito;Em Transito;254.93
220;316;2026-03-09;Cartao de Debito;Entregue;544.54
221;1257;2024-12-08;Pix;Entregue;189.14
222;22;2026-03-31;Cartao de Credito;Entregue;149.12
223;1135;2025-08-02;Cartao de Credito;Entregue;33.59
224;1368;2025-08-23;Boleto;Entregue;42.15
225;1768;2024-11-14;Cartao de Credito;Em Transito;52.8
226;172;2025-12-20;Boleto;Em Transito;33.04
227;133;2026-05-03;Cartao de Credito;Entregue;22.53
228;295;2025-06-02;Cartao de Credito;Entregue;295.88
229;1107;2026-02-11;Cartao de Credito;Entregue;37.34
230;40;2026-01-07;Boleto;Entregue;98.05
231;402;2026-07-10;Cartao de Debito;Entregue;185.73
232;808;2025-09-14;Cartao de Debito;Entregue;30.0
233;718;2026-03-21;Boleto;Entregue;233.85
234;1584;2025-10-08;Pix;Entregue;193.43
235;1028;2025-08-18;Boleto;Entregue com Atraso;51.73
236;1062;2025-05-28;Pix;Em Transito;494.11
237;581;2024-08-10;Cartao de Credito;Entregue;94.95
238;428;2024-10-07;Cartao de Credito;Entregue;425.97
239;136;2026-05-24;Pix;Entregue com Atraso;22.53
240;884;2024-09-17;Cartao de Debito;Entregue;17.77
241;435;2024-08-22;Cartao de Credito;Entregue;268.57
242;1163;2024-10-11;Pix;Entregue com Atraso;32.97
243;734;2026-02-21;Boleto;Entregue;36.63
244;1514;2024-12-03;Boleto;Em Transito;15.0
245;192;2025-06-27;Boleto;Entregue com Atraso;40.33
246;666;2026-02-02;Cartao de Debito;Em Transito;92.05
247;688;2026-07-17;Cartao de Credito;Entregue;90.09
248;765;2025-11-01;Pix;Entregue;28.73
249;601;2025-12-08;Cartao de Credito;Entregue;96.04
250;447;2026-05-25;Pix;Entregue;15.0
251;393;2025-08-30;Cartao de Credito;Entregue;73.44
252;580;2025-06-16;Pix;Entregue;336.31
253;354;2025-05-12;Pix;Entregue;494.91
254;637;2024-11-30;Cartao de Debito;Entregue;58.07
255;618;2025-10-26;Cartao de Credito;Entregue;187.2
256;955;2025-12-19;Pix;Entregue;151.98
257;92;2024-09-06;Pix;Entregue;107.24
258;402;2026-07-10;Cartao de Credito;Entregue;222.57
259;1294;2026-07-06;Cartao de Credito;Entregue;219.58
260;1728;2026-06-14;Pix;Entregue;42.66
261;1327;2024-08-10;Pix;Cancelado;119.59
262;1780;2025-03-22;Pix;Entregue;29.74
263;618;2025-12-16;Pix;Cancelado;91.09
264;1469;2025-06-05;Pix;Em Transito;307.45
265;761;2025-03-14;Pix;Entregue;85.89
266;367;2025-08-22;Pix;Cancelado;684.63
267;615;2026-03-27;Pix;Cancelado;62.58
268;1486;2024-12-04;Pix;Entregue;291.27
269;30;2024-09-11;Cartao de Credito;Entregue com Atraso;91.09
270;1186;2024-08-01;Cartao de Credito;Entregue;141.4
271;370;2026-03-23;Cartao de Debito;Entregue;37.94
272;1150;2025-10-07;Cartao de Credito;Em Transito;137.34
273;377;2025-06-09;Cartao de Credito;Entregue;409.06
274;819;2025-06-17;Pix;Entregue;163.24
275;761;2024-08-29;Cartao de Debito;Entregue;106.83
276;1024;2025-05-28;Cartao de Credito;Entregue com Atraso;13.5
277;1563;2025-11-15;Boleto;Entregue;24.39
278;1460;2026-03-03;Pix;Entregue;48.91
279;1266;2026-07-20;Cartao de Credito;Entregue;83.41
280;1429;2026-05-01;Pix;Entregue;116.08
281;456;2024-11-15;Pix;Entregue com Atraso;30.0
282;862;2025-02-05;Boleto;Entregue com Atraso;152.46
283;1147;2025-02-06;Cartao de Credito;Entregue com Atraso;58.63
284;842;2025-05-24;Cartao de Credito;Entregue;62.73
285;1442;2024-12-30;Cartao de Credito;Entregue;91.96
286;77;2025-07-30;Cartao de Debito;Entregue;183.69
287;633;2026-07-25;Pix;Entregue;55.17
288;622;2024-12-22;Cartao de Credito;Entregue com Atraso;137.95
289;862;2025-11-27;Pix;Entregue;135.42
290;1055;2026-03-22;Pix;Entregue;83.15
291;1196;2025-12-25;Cartao de Debito;Entregue;134.39
292;778;2024-10-05;Cartao de Credito;Entregue;145.11
293;1094;2024-08-31;Cartao de Debito;Entregue;311.0
294;813;2025-05-20;Cartao de Credito;Entregue com Atraso;321.76
295;1057;2026-05-07;Cartao de Debito;Entregue;88.76
296;754;2026-02-11;Boleto;Entregue;254.77
297;841;2025-07-27;Cartao de Credito;Em Transito;123.59
298;219;2025-03-25;Cartao de Credito;Entregue;88.13
299;462;2026-07-22;Cartao de Credito;Em Transito;23.74
300;1523;2026-04-18;Pix;Entregue;92.42
301;1674;2025-04-27;Pix;Entregue;34.42
302;254;2026-02-12;Boleto;Entregue;245.05
303;59;2024-10-12;Cartao de Debito;Entregue;142.43
304;59;2026-01-02;Cartao de Credito;Entregue;87.2
305;1374;2025-02-17;Pix;Em Transito;202.39
306;797;2025-10-12;Pix;Entregue;364.08
307;367;2025-10-22;Cartao de Debito;Entregue;18.07
308;1597;2026-02-01;Pix;Cancelado;15.0
309;100;2025-10-24;Cartao de Credito;Entregue;41.07
310;232;2025-09-12;Pix;Entregue;123.66
311;1246;2025-08-01;Boleto;Entregue com Atraso;98.9
312;540;2026-06-01;Cartao de Credito;Em Transito;222.92
313;1620;2026-07-24;Cartao de Debito;Entregue;55.98
314;423;2026-02-18;Cartao de Credito;Entregue;164.78
315;513;2025-08-29;Cartao de Credito;Cancelado;83.15
316;1536;2025-08-29;Pix;Entregue;41.5
317;568;2026-02-06;Boleto;Em Transito;238.24
318;1376;2024-09-28;Boleto;Entregue;451.23
319;1786;2025-04-01;Cartao de Credito;Entregue;254.47
320;462;2026-05-31;Boleto;Entregue;13.5
321;1512;2025-10-29;Pix;Entregue;189.19
322;143;2026-04-17;Pix;Cancelado;42.66
323;1552;2024-12-09;Cartao de Credito;Entregue;72.19
324;1266;2024-10-02;Cartao de Debito;Cancelado;352.53
325;1220;2024-10-13;Pix;Em Transito;18.28
326;1749;2026-05-30;Cartao de Credito;Cancelado;32.8
327;1670;2026-03-29;Cartao de Credito;Entregue;263.7
328;1178;2025-01-01;Cartao de Credito;Cancelado;157.61
329;1023;2026-03-12;Pix;Entregue com Atraso;81.46
330;941;2025-06-21;Cartao de Credito;Entregue com Atraso;45.59
331;1753;2025-03-25;Pix;Entregue com Atraso;54.11
332;760;2024-10-21;Cartao de Credito;Entregue;146.03
333;1059;2024-12-20;Pix;Entregue com Atraso;37.34
334;1767;2026-03-13;Pix;Em Transito;439.16
335;226;2025-04-27;Boleto;Entregue com Atraso;89.49
336;132;2026-01-10;Boleto;Em Transito;268.68
337;82;2025-07-30;Cartao de Debito;Em Transito;117.66
338;1273;2026-03-27;Cartao de Debito;Em Transito;20.34
339;1202;2025-11-08;Cartao de Credito;Entregue;158.71
340;1018;2026-01-20;Pix;Entregue com Atraso;16.45
341;1710;2024-09-12;Boleto;Entregue com Atraso;394.74
342;1094;2024-11-17;Cartao de Debito;Entregue;77.95
343;310;2026-04-05;Cartao de Debito;Cancelado;60.49
344;1687;2026-03-08;Pix;Entregue;19.9
345;1250;2024-12-01;Pix;Entregue;43.1
346;1202;2025-07-29;Boleto;Entregue com Atraso;65.67
347;507;2026-05-08;Pix;Entregue;17.65
348;801;2026-07-24;Boleto;Entregue;144.08
349;402;2025-02-17;Cartao de Credito;Entregue;132.39
350;803;2025-12-16;Pix;Entregue;28.86
351;1133;2025-03-29;Pix;Entregue;282.94
352;1412;2025-09-06;Pix;Entregue;12.75
353;1321;2025-05-22;Pix;Entregue;15.0
354;593;2024-11-25;Cartao de Credito;Entregue;57.02
355;874;2025-09-26;Pix;Entregue;64.31
356;111;2025-06-27;Cartao de Credito;Entregue;36.53
357;94;2025-12-11;Pix;Entregue;196.26
358;1101;2024-12-11;Pix;Entregue;196.79
359;995;2026-06-02;Cartao de Credito;Entregue;81.58
360;1643;2025-07-06;Pix;Entregue;19.02
361;1682;2024-11-13;Pix;Entregue com Atraso;24.99
362;1350;2025-04-11;Cartao de Credito;Entregue com Atraso;139.13
363;1330;2025-09-30;Cartao de Credito;Entregue com Atraso;93.02
364;1528;2025-06-28;Pix;Entregue com Atraso;19.9
365;1176;2025-11-26;Cartao de Credito;Entregue;70.97
366;1635;2026-01-29;Pix;Entregue;611.01
367;1131;2024-10-25;Cartao de Credito;Entregue;255.72
368;106;2025-12-19;Cartao de Credito;Entregue;55.17
369;1084;2024-08-06;Cartao de Credito;Entregue;295.79
370;860;2026-02-20;Boleto;Cancelado;193.43
371;226;2024-08-14;Cartao de Credito;Entregue com Atraso;73.06
372;1591;2025-12-21;Cartao de Credito;Entregue com Atraso;176.23
373;541;2026-06-24;Cartao de Credito;Entregue;135.21
374;614;2024-12-17;Cartao de Credito;Entregue com Atraso;113.67
375;1240;2025-02-21;Pix;Entregue;14.25
376;123;2026-05-14;Pix;Entregue;149.02
377;570;2026-05-02;Boleto;Em Transito;223.53
378;333;2026-03-01;Cartao de Credito;Entregue com Atraso;73.19
379;1431;2026-04-23;Pix;Entregue;21.1
380;1670;2026-04-22;Cartao de Credito;Entregue;207.59
381;1327;2025-04-04;Pix;Entregue;55.11
382;588;2024-10-20;Boleto;Entregue com Atraso;419.46
383;332;2025-08-10;Boleto;Entregue com Atraso;14.25
384;1796;2025-02-12;Cartao de Credito;Entregue;119.36
385;905;2024-08-14;Pix;Entregue;28.73
386;1245;2025-05-08;Pix;Cancelado;277.45
387;975;2024-11-15;Cartao de Credito;Entregue;243.34
388;971;2025-02-15;Pix;Entregue com Atraso;53.36
389;1257;2026-03-24;Pix;Entregue;13.5
390;1202;2024-10-06;Cartao de Credito;Entregue com Atraso;34.49
391;505;2025-02-20;Pix;Entregue;73.52
392;1490;2024-10-28;Pix;Entregue;47.45
393;590;2026-05-04;Cartao de Debito;Entregue com Atraso;114.62
394;1543;2024-12-14;Cartao de Credito;Entregue;48.55
395;413;2025-02-09;Cartao de Credito;Entregue;319.44
396;1033;2026-07-21;Pix;Entregue;94.04
397;496;2026-01-08;Boleto;Entregue;130.89
398;1062;2025-08-17;Pix;Entregue;246.74
399;299;2026-02-11;Cartao de Credito;Entregue;100.98
400;859;2025-09-15;Cartao de Credito;Cancelado;279.48
401;301;2025-01-18;Cartao de Debito;Em Transito;340.54
402;266;2025-01-24;Cartao de Credito;Entregue;74.05
403;279;2026-02-20;Boleto;Entregue;176.55
404;1202;2025-11-18;Pix;Entregue com Atraso;25.52
405;733;2025-07-01;Boleto;Entregue com Atraso;157.29
406;333;2025-03-29;Cartao de Credito;Entregue;151.36
407;172;2025-08-29;Pix;Entregue;48.76
408;483;2025-10-06;Cartao de Credito;Entregue;477.06
409;744;2024-08-13;Cartao de Credito;Entregue;63.25
410;94;2025-10-10;Cartao de Credito;Entregue;99.87
411;966;2025-08-09;Cartao de Credito;Entregue;68.49
412;269;2025-07-12;Cartao de Debito;Entregue com Atraso;111.4
413;825;2024-09-19;Pix;Entregue;86.0
414;968;2025-01-31;Cartao de Credito;Entregue;34.8
415;650;2024-09-07;Pix;Entregue;20.15
416;1137;2025-10-16;Boleto;Entregue;208.28
417;1034;2024-09-11;Cartao de Credito;Entregue;12.75
418;692;2024-10-20;Cartao de Credito;Entregue;20.7
419;470;2026-05-31;Pix;Entregue;123.46
420;1327;2025-10-22;Cartao de Credito;Entregue;46.62
421;1640;2026-06-26;Cartao de Credito;Entregue;21.1
422;492;2026-04-06;Boleto;Entregue;15.0
423;119;2025-05-22;Pix;Entregue;48.25
424;626;2025-06-24;Cartao de Credito;Entregue;168.17
425;59;2026-03-09;Cartao de Debito;Entregue;231.73
426;583;2026-06-22;Pix;Entregue;335.89
427;525;2025-12-16;Cartao de Debito;Entregue;338.69
428;200;2025-05-24;Cartao de Credito;Entregue;90.87
429;193;2026-07-05;Cartao de Debito;Entregue com Atraso;21.21
430;742;2025-11-19;Cartao de Credito;Em Transito;15.0
431;962;2025-07-09;Boleto;Entregue;81.8
432;56;2025-03-18;Cartao de Credito;Entregue;297.07
433;1539;2025-01-13;Pix;Entregue com Atraso;156.14
434;603;2025-05-28;Cartao de Credito;Entregue;70.56
435;825;2026-05-19;Cartao de Credito;Entregue;85.82
436;1269;2024-10-11;Cartao de Credito;Entregue;139.56
437;481;2026-02-02;Cartao de Credito;Entregue com Atraso;167.77
438;730;2024-09-10;Cartao de Credito;Entregue com Atraso;62.2
439;1468;2024-11-23;Pix;Entregue;132.1
440;1229;2025-11-13;Boleto;Entregue;20.26
441;614;2025-11-05;Pix;Entregue;116.47
442;661;2025-05-26;Cartao de Credito;Entregue com Atraso;69.36
443;228;2026-04-15;Cartao de Credito;Entregue;47.8
444;1267;2026-01-12;Pix;Entregue;148.47
445;901;2026-01-18;Cartao de Credito;Em Transito;48.71
446;1699;2025-07-17;Cartao de Credito;Entregue;104.47
447;1171;2025-08-01;Pix;Entregue;110.54
448;1298;2025-08-08;Pix;Entregue;110.19
449;1726;2026-02-02;Boleto;Cancelado;15.0
450;1413;2025-02-04;Pix;Entregue;20.76
451;1758;2025-04-30;Pix;Entregue;131.78
452;238;2025-06-07;Cartao de Credito;Entregue;110.71
453;1141;2025-02-18;Pix;Entregue;254.31
454;797;2024-11-23;Pix;Entregue;78.05
455;751;2025-05-05;Pix;Entregue;225.87
456;505;2026-02-26;Pix;Entregue;45.0
457;593;2026-01-04;Pix;Entregue;23.85
458;1534;2025-07-17;Pix;Entregue;90.89
459;572;2025-06-09;Cartao de Credito;Entregue;73.26
460;1202;2025-06-28;Cartao de Credito;Entregue com Atraso;240.2
461;1279;2025-03-23;Cartao de Debito;Entregue;159.27
462;1331;2024-08-06;Boleto;Entregue;617.27
463;1007;2025-02-21;Boleto;Entregue;48.55
464;607;2025-12-05;Cartao de Debito;Entregue;234.7
465;507;2025-08-14;Pix;Entregue;195.8
466;1562;2026-03-27;Cartao de Credito;Entregue;50.66
467;1187;2026-02-22;Pix;Entregue;46.15
468;1237;2025-06-18;Cartao de Debito;Entregue;246.9
469;468;2024-08-24;Cartao de Credito;Entregue;15.0
470;952;2026-01-07;Cartao de Credito;Entregue;135.78
471;1522;2026-03-11;Cartao de Debito;Entregue;227.04
472;1295;2025-10-17;Boleto;Entregue;84.12
473;410;2025-10-12;Cartao de Credito;Entregue com Atraso;42.24
474;1661;2026-03-14;Cartao de Credito;Entregue com Atraso;219.58
475;1693;2024-09-10;Boleto;Entregue;147.1
476;248;2025-10-25;Cartao de Credito;Cancelado;14.25
477;690;2025-11-01;Pix;Entregue;191.06
478;226;2025-12-14;Pix;Entregue;204.73
479;573;2024-10-06;Pix;Entregue com Atraso;46.21
480;711;2025-11-26;Cartao de Credito;Cancelado;37.55
481;937;2024-12-22;Pix;Entregue com Atraso;28.4
482;540;2026-04-25;Pix;Entregue;42.15
483;1434;2026-06-16;Cartao de Credito;Em Transito;35.69
484;741;2025-08-18;Cartao de Debito;Entregue;21.1
485;838;2024-12-26;Cartao de Debito;Entregue;15.0
486;184;2025-07-24;Boleto;Entregue;397.65
487;1719;2026-06-16;Pix;Entregue;214.98
488;1266;2025-05-17;Boleto;Entregue;219.58
489;1258;2025-11-17;Pix;Entregue;136.23
490;1051;2024-09-05;Pix;Entregue com Atraso;105.04
491;438;2025-09-11;Cartao de Credito;Entregue;174.24
492;390;2026-04-29;Cartao de Credito;Entregue;222.9
493;984;2026-06-11;Cartao de Credito;Entregue com Atraso;103.28
494;202;2026-02-15;Pix;Entregue;112.65
495;150;2025-12-30;Cartao de Credito;Entregue com Atraso;195.54
496;85;2026-01-28;Cartao de Credito;Entregue;267.9
497;1100;2025-02-24;Cartao de Credito;Cancelado;506.92
498;577;2026-04-20;Pix;Entregue;211.59
499;1166;2025-09-05;Pix;Entregue;45.0
500;1605;2024-12-05;Pix;Entregue;112.65
501;941;2026-01-19;Cartao de Credito;Entregue;78.03
502;130;2025-07-16;Boleto;Cancelado;109.9
503;836;2026-03-23;Cartao de Credito;Entregue com Atraso;352.23
504;1553;2026-06-12;Pix;Entregue com Atraso;13.5
505;515;2025-05-10;Cartao de Debito;Entregue;24.0
506;150;2024-11-12;Pix;Entregue;114.14
507;870;2026-04-14;Boleto;Entregue;103.44
508;1712;2026-03-13;Cartao de Credito;Cancelado;33.06
509;784;2025-09-08;Pix;Entregue;116.03
510;1428;2025-10-17;Pix;Entregue;131.05
511;1279;2025-04-17;Cartao de Credito;Entregue;45.59
512;605;2026-07-17;Cartao de Debito;Entregue;323.5
513;897;2024-10-31;Cartao de Credito;Entregue;146.68
514;350;2025-08-27;Cartao de Credito;Entregue com Atraso;99.44
515;30;2025-02-11;Pix;Em Transito;322.02
516;376;2024-11-01;Pix;Em Transito;104.48
517;699;2025-05-28;Pix;Cancelado;15.0
518;981;2026-06-15;Cartao de Debito;Entregue;62.28
519;413;2026-05-26;Boleto;Entregue;161.56
520;814;2026-02-21;Pix;Entregue;15.0
521;1045;2025-09-01;Pix;Entregue com Atraso;212.73
522;229;2026-01-02;Pix;Entregue;32.83
523;1266;2026-05-23;Cartao de Debito;Entregue com Atraso;34.49
524;1112;2025-12-23;Pix;Entregue;464.44
525;1083;2025-10-16;Pix;Cancelado;256.98
526;1739;2024-09-24;Pix;Entregue;65.67
527;1279;2025-02-16;Cartao de Credito;Entregue;345.68
528;1240;2026-07-03;Cartao de Credito;Entregue;58.63
529;1574;2025-12-25;Cartao de Credito;Entregue;445.4
530;622;2024-11-05;Pix;Entregue;146.56
531;23;2025-07-01;Cartao de Credito;Entregue;195.97
532;1085;2026-03-11;Cartao de Credito;Entregue;120.84
533;1683;2025-06-16;Cartao de Debito;Entregue;59.91
534;1105;2025-07-12;Cartao de Debito;Em Transito;69.86
535;666;2025-04-03;Cartao de Debito;Entregue;402.99
536;182;2026-01-15;Cartao de Credito;Entregue;125.18
537;743;2025-08-22;Cartao de Credito;Entregue;134.56
538;892;2025-05-22;Boleto;Entregue;226.16
539;968;2026-05-19;Cartao de Credito;Entregue;36.63
540;966;2026-07-02;Boleto;Entregue com Atraso;171.55
541;1707;2025-03-15;Pix;Entregue;74.05
542;82;2025-08-26;Cartao de Credito;Entregue;491.98
543;260;2025-04-10;Pix;Entregue;318.56
544;682;2025-02-11;Boleto;Entregue;36.95
545;405;2026-05-15;Cartao de Credito;Entregue;289.77
546;966;2025-05-19;Boleto;Entregue;321.19
547;838;2024-11-20;Cartao de Credito;Entregue;192.08
548;446;2026-04-23;Cartao de Credito;Entregue com Atraso;23.08
549;1339;2025-02-10;Boleto;Entregue com Atraso;57.06
550;1707;2025-01-27;Cartao de Credito;Entregue;246.83
551;367;2026-06-05;Pix;Entregue;54.95
552;998;2024-12-25;Pix;Entregue;20.64
553;1112;2025-01-21;Pix;Entregue;98.05
554;691;2026-02-28;Cartao de Credito;Entregue;181.3
555;1466;2025-12-01;Cartao de Debito;Entregue;103.16
556;438;2025-12-16;Pix;Entregue;240.37
557;801;2025-06-04;Cartao de Credito;Entregue;389.22
558;1687;2025-10-06;Boleto;Entregue;138.96
559;387;2025-03-11;Pix;Entregue;235.12
560;968;2025-11-07;Cartao de Credito;Entregue com Atraso;281.96
561;1690;2024-08-25;Pix;Entregue;184.21
562;1421;2025-01-02;Pix;Entregue;214.85
563;179;2024-10-06;Cartao de Credito;Entregue;383.9
564;122;2026-05-01;Cartao de Debito;Entregue;282.53
565;221;2026-04-26;Pix;Entregue;179.71
566;265;2025-10-30;Cartao de Credito;Entregue;449.81
567;880;2026-06-19;Pix;Em Transito;258.37
568;1384;2025-07-30;Pix;Entregue com Atraso;17.13
569;666;2025-04-16;Cartao de Credito;Entregue;69.27
570;572;2025-11-03;Cartao de Debito;Entregue;68.49
571;618;2024-09-02;Cartao de Credito;Cancelado;144.41
572;59;2026-06-20;Cartao de Credito;Entregue;105.53
573;751;2025-07-17;Cartao de Credito;Entregue;33.59
574;1645;2026-06-19;Cartao de Credito;Entregue;117.26
575;228;2024-11-18;Cartao de Credito;Entregue;85.95
576;1540;2024-08-10;Pix;Entregue com Atraso;69.98
577;1124;2025-11-15;Pix;Entregue;184.84
578;348;2024-11-02;Cartao de Credito;Entregue com Atraso;35.02
579;1124;2025-02-14;Pix;Entregue;558.31
580;358;2024-12-05;Pix;Entregue;36.56
581;722;2026-03-30;Cartao de Credito;Entregue;50.73
582;1602;2026-07-01;Cartao de Credito;Entregue com Atraso;17.54
583;109;2025-10-15;Cartao de Credito;Entregue com Atraso;293.11
584;1233;2026-04-13;Pix;Entregue;54.95
585;1440;2025-08-15;Pix;Entregue com Atraso;153.17
586;77;2025-07-28;Pix;Em Transito;37.66
587;832;2025-11-19;Pix;Entregue;138.86
588;1401;2026-06-09;Cartao de Debito;Entregue;448.03
589;359;2026-04-14;Pix;Entregue;325.3
590;394;2025-12-16;Cartao de Credito;Entregue;17.23
591;1102;2026-04-06;Cartao de Credito;Entregue;92.28
592;825;2025-10-02;Cartao de Credito;Cancelado;162.96
593;516;2025-07-15;Pix;Entregue;81.05
594;1038;2025-03-23;Pix;Entregue;170.25
595;148;2025-12-16;Pix;Em Transito;322.18
596;5;2025-07-31;Boleto;Entregue;103.47
597;581;2026-02-01;Cartao de Credito;Entregue com Atraso;94.67
598;1280;2025-02-16;Pix;Entregue;84.19
599;21;2025-04-25;Cartao de Credito;Entregue;383.22
600;835;2024-12-30;Pix;Entregue;73.06
601;505;2025-05-10;Cartao de Credito;Entregue;29.38
602;226;2025-07-01;Pix;Entregue;15.0
603;803;2025-06-28;Cartao de Credito;Entregue;249.67
604;888;2024-10-09;Cartao de Credito;Entregue;131.9
605;1741;2025-07-13;Cartao de Credito;Entregue;25.88
606;1156;2025-09-10;Pix;Entregue;77.95
607;1645;2025-04-25;Cartao de Credito;Entregue;66.18
608;1323;2025-01-04;Cartao de Debito;Entregue;92.64
609;31;2025-05-24;Pix;Entregue;40.76
610;15;2026-07-20;Cartao de Credito;Em Transito;95.29
611;1119;2025-04-30;Pix;Entregue;76.48
612;367;2025-04-24;Cartao de Credito;Entregue;517.39
613;206;2025-09-01;Boleto;Entregue com Atraso;125.33
614;833;2026-05-26;Pix;Entregue;165.45
615;712;2025-01-17;Cartao de Debito;Entregue;59.83
616;1523;2026-04-27;Cartao de Credito;Entregue;21.32
617;1031;2025-01-11;Cartao de Credito;Entregue;78.91
618;1345;2024-12-01;Cartao de Credito;Entregue;280.74
619;1277;2025-11-10;Boleto;Entregue;115.27
620;121;2026-06-26;Cartao de Credito;Entregue;75.96
621;1047;2024-09-15;Pix;Cancelado;78.58
622;825;2024-08-02;Cartao de Debito;Entregue;124.3
623;1298;2025-05-21;Cartao de Credito;Entregue;269.94
624;263;2026-05-17;Cartao de Credito;Entregue;256.37
625;266;2026-06-20;Boleto;Entregue;36.94
626;1164;2025-11-05;Boleto;Em Transito;55.99
627;1766;2024-12-27;Pix;Entregue;82.45
628;1577;2025-12-27;Pix;Entregue;75.08
629;1388;2025-12-14;Cartao de Credito;Entregue com Atraso;200.13
630;195;2026-05-18;Pix;Entregue;103.44
631;886;2024-10-13;Pix;Entregue;183.7
632;349;2026-06-28;Cartao de Credito;Entregue;266.08
633;1077;2026-06-27;Pix;Entregue;32.8
634;1413;2026-02-03;Boleto;Entregue;649.42
635;1730;2024-10-28;Pix;Entregue;28.5
636;174;2025-08-24;Pix;Entregue;183.81
637;338;2025-05-09;Pix;Entregue;113.38
638;199;2025-01-06;Cartao de Debito;Entregue;69.45
639;682;2025-06-06;Cartao de Credito;Entregue;27.75
640;187;2024-12-21;Cartao de Credito;Cancelado;64.22
641;1612;2025-08-13;Pix;Entregue;72.4
642;1704;2025-08-02;Pix;Entregue;189.34
643;296;2026-03-08;Cartao de Credito;Entregue;316.2
644;1057;2024-11-27;Pix;Entregue;44.38
645;669;2026-01-05;Boleto;Entregue;169.81
646;1531;2025-03-07;Cartao de Credito;Entregue;82.83
647;263;2024-12-09;Boleto;Entregue;207.11
648;487;2024-10-01;Boleto;Entregue;145.62
649;1670;2025-09-05;Pix;Entregue com Atraso;66.48
650;1398;2025-09-21;Pix;Entregue com Atraso;15.0
651;136;2026-04-07;Cartao de Credito;Entregue;38.54
652;69;2025-05-12;Cartao de Credito;Entregue;270.15
653;1323;2026-07-06;Pix;Entregue;69.42
654;1749;2026-01-28;Pix;Entregue;87.95
655;1079;2025-03-22;Cartao de Credito;Em Transito;211.31
656;1385;2026-07-06;Cartao de Credito;Entregue;222.92
657;829;2026-01-15;Cartao de Credito;Entregue com Atraso;216.83
658;716;2025-05-05;Cartao de Debito;Entregue;41.22
659;1731;2026-02-15;Cartao de Debito;Entregue;42.15
660;1672;2026-02-15;Pix;Entregue;136.54
661;843;2025-09-01;Cartao de Credito;Entregue;144.18
662;1511;2025-05-12;Cartao de Credito;Entregue;62.78
663;385;2026-06-08;Pix;Entregue;42.06
664;444;2025-03-14;Pix;Entregue;22.26
665;40;2026-03-22;Cartao de Credito;Entregue;143.24
666;1434;2024-12-06;Cartao de Credito;Entregue com Atraso;16.91
667;1649;2025-05-14;Cartao de Credito;Entregue;70.0
668;825;2025-03-26;Cartao de Credito;Entregue;94.6
669;966;2025-05-06;Cartao de Credito;Entregue;63.36
670;895;2026-04-23;Cartao de Credito;Entregue;59.01
671;1236;2025-08-22;Cartao de Credito;Entregue;163.24
672;538;2025-03-25;Cartao de Credito;Em Transito;576.28
673;468;2025-03-23;Cartao de Credito;Em Transito;32.12
674;1163;2026-04-06;Pix;Entregue;84.19
675;166;2025-01-10;Cartao de Credito;Entregue;106.71
676;266;2024-12-24;Boleto;Entregue;147.18
677;325;2026-02-13;Pix;Entregue;161.56
678;1262;2024-10-08;Boleto;Entregue;329.1
679;18;2025-01-23;Boleto;Entregue;98.14
680;306;2025-11-24;Cartao de Credito;Entregue;233.88
681;1094;2024-09-13;Cartao de Credito;Entregue;19.9
682;1320;2026-02-15;Pix;Entregue;204.06
683;1316;2026-01-19;Cartao de Debito;Entregue;81.65
684;679;2025-08-18;Cartao de Credito;Entregue;165.01
685;566;2025-04-08;Cartao de Credito;Em Transito;300.15
686;187;2025-08-19;Cartao de Credito;Entregue;51.34
687;541;2026-01-07;Pix;Entregue;334.52
688;44;2025-09-18;Cartao de Credito;Entregue;18.28
689;932;2024-12-05;Boleto;Entregue com Atraso;52.77
690;1279;2026-03-03;Pix;Cancelado;32.83
691;814;2026-05-13;Cartao de Credito;Entregue;234.56
692;271;2026-02-12;Pix;Cancelado;20.64
693;1279;2024-10-07;Cartao de Credito;Em Transito;26.68
694;825;2025-07-17;Pix;Cancelado;198.05
695;1222;2026-03-27;Pix;Entregue;72.07
696;914;2025-12-24;Cartao de Debito;Cancelado;33.05
697;196;2024-12-30;Pix;Entregue com Atraso;50.66
698;182;2026-02-07;Pix;Entregue;15.0
699;298;2025-12-06;Cartao de Debito;Entregue;149.68
700;221;2025-03-30;Pix;Cancelado;243.56
701;186;2024-10-24;Boleto;Entregue;52.68
702;1784;2024-08-03;Pix;Entregue;52.2
703;1468;2025-08-01;Pix;Entregue;15.0
704;1058;2024-09-10;Pix;Entregue com Atraso;33.68
705;876;2025-05-01;Pix;Entregue;198.88
706;1160;2026-07-18;Pix;Entregue;22.49
707;1196;2026-07-13;Pix;Entregue;255.32
708;1244;2024-09-07;Cartao de Credito;Entregue;580.29
709;1270;2025-05-17;Boleto;Entregue;177.08
710;992;2026-03-25;Cartao de Credito;Entregue com Atraso;164.71
711;1731;2026-07-28;Boleto;Entregue;189.66
712;301;2025-04-14;Pix;Entregue;288.36
713;618;2024-11-16;Pix;Entregue com Atraso;96.06
714;959;2026-01-24;Cartao de Debito;Entregue;90.19
715;979;2026-02-03;Cartao de Debito;Entregue;76.74
716;1403;2025-11-29;Boleto;Entregue;160.05
717;489;2026-05-30;Boleto;Entregue com Atraso;80.11
718;1459;2025-04-02;Cartao de Credito;Entregue;227.97
719;1193;2025-12-22;Cartao de Debito;Entregue;284.03
720;613;2026-02-10;Pix;Entregue;93.66
721;35;2024-12-11;Cartao de Debito;Entregue com Atraso;55.68
722;1632;2025-02-25;Pix;Entregue;228.22
723;1710;2024-10-07;Boleto;Entregue com Atraso;304.55
724;648;2024-11-03;Cartao de Credito;Entregue;35.04
725;1116;2024-10-28;Cartao de Debito;Entregue;46.38
726;848;2026-05-09;Cartao de Credito;Entregue;13.5
727;1359;2025-09-17;Cartao de Credito;Entregue;201.05
728;1178;2025-12-20;Pix;Entregue;32.73
729;825;2024-08-04;Pix;Entregue;56.76
730;832;2024-12-16;Boleto;Entregue;128.94
731;622;2026-05-02;Boleto;Entregue com Atraso;65.66
732;1680;2026-06-12;Cartao de Debito;Entregue;280.65
733;1516;2024-10-16;Cartao de Debito;Entregue;85.54
734;172;2024-12-19;Cartao de Debito;Entregue;100.69
735;141;2024-09-20;Cartao de Credito;Entregue com Atraso;467.74
736;1229;2025-06-01;Cartao de Debito;Entregue;51.76
737;1653;2025-10-05;Cartao de Credito;Entregue;180.16
738;966;2025-04-28;Cartao de Credito;Em Transito;388.86
739;1290;2026-06-30;Pix;Cancelado;44.06
740;1279;2025-02-09;Pix;Entregue;121.36
741;951;2025-07-19;Cartao de Credito;Cancelado;38.89
742;1523;2024-12-06;Pix;Entregue;45.61
743;345;2026-05-19;Pix;Cancelado;117.25
744;1303;2024-10-13;Pix;Entregue;23.08
745;1266;2026-07-14;Cartao de Credito;Entregue;59.01
746;226;2025-08-13;Cartao de Credito;Entregue;94.18
747;640;2026-06-13;Boleto;Entregue;72.4
748;1600;2024-10-01;Pix;Entregue;48.58
749;515;2025-10-11;Boleto;Entregue;74.39
750;712;2025-01-12;Pix;Entregue;90.89
751;400;2026-02-16;Pix;Em Transito;15.0
752;182;2026-06-06;Pix;Entregue;17.54
753;445;2025-05-17;Cartao de Credito;Entregue;905.02
754;1229;2026-02-19;Pix;Entregue;392.36
755;501;2025-02-21;Pix;Entregue;341.13
756;1229;2024-11-14;Pix;Entregue;65.87
757;1792;2024-10-14;Cartao de Credito;Cancelado;190.94
758;22;2026-03-25;Pix;Cancelado;371.0
759;172;2025-04-14;Boleto;Entregue;132.75
760;1231;2024-08-07;Cartao de Debito;Entregue;359.26
761;179;2026-05-05;Pix;Entregue;32.83
762;1279;2025-02-17;Boleto;Entregue;15.0
763;242;2024-11-29;Pix;Entregue com Atraso;30.0
764;1229;2025-01-05;Pix;Entregue com Atraso;93.55
765;963;2026-07-02;Boleto;Entregue;35.69
766;198;2025-03-23;Pix;Entregue;548.78
767;1727;2026-03-23;Cartao de Debito;Em Transito;14.25
768;1710;2025-10-10;Cartao de Credito;Entregue com Atraso;22.53
769;1280;2024-08-21;Cartao de Credito;Entregue;315.45
770;1707;2024-11-24;Pix;Entregue;334.69
771;1417;2025-04-04;Cartao de Debito;Entregue;114.81
772;480;2025-07-07;Pix;Entregue com Atraso;182.18
773;1426;2025-03-14;Pix;Entregue;34.7
774;978;2025-06-26;Pix;Entregue;307.15
775;1229;2025-12-06;Cartao de Debito;Entregue;627.71
776;687;2024-11-26;Boleto;Entregue;55.68
777;1441;2026-04-07;Pix;Entregue;46.38
778;325;2025-05-23;Pix;Entregue com Atraso;61.23
779;50;2026-04-06;Cartao de Credito;Entregue;339.96
780;918;2025-06-26;Cartao de Credito;Entregue;37.42
781;74;2024-09-10;Pix;Entregue;67.42
782;825;2025-07-30;Boleto;Entregue;120.77
783;85;2024-12-04;Boleto;Entregue;226.12
784;1728;2026-05-22;Cartao de Credito;Cancelado;143.47
785;120;2025-05-02;Cartao de Credito;Entregue;25.88
786;317;2026-03-09;Pix;Entregue;36.63
787;777;2024-12-12;Cartao de Credito;Entregue com Atraso;196.58
788;1461;2025-05-26;Cartao de Debito;Entregue;15.0
789;1560;2025-02-08;Pix;Entregue;652.89
790;41;2024-10-26;Pix;Entregue;197.52
791;666;2026-02-21;Pix;Entregue;381.03
792;1229;2024-09-28;Cartao de Debito;Entregue;32.16
793;645;2026-01-21;Cartao de Credito;Entregue;250.54
794;1085;2026-01-21;Pix;Em Transito;35.02
795;1076;2026-05-09;Pix;Entregue;191.61
796;1582;2024-09-05;Pix;Cancelado;377.38
797;1605;2024-08-11;Cartao de Debito;Entregue;15.0
798;1364;2024-11-23;Pix;Entregue com Atraso;69.68
799;1279;2026-04-03;Cartao de Credito;Entregue com Atraso;40.51
800;717;2026-04-17;Boleto;Entregue;13.5
801;1557;2026-05-17;Boleto;Entregue;43.5
802;1321;2025-09-22;Cartao de Credito;Entregue com Atraso;35.73
803;132;2025-11-06;Cartao de Credito;Entregue;117.48
804;1523;2025-05-29;Cartao de Credito;Entregue;156.65
805;177;2024-12-10;Pix;Entregue com Atraso;130.46
806;132;2025-03-06;Cartao de Credito;Entregue;21.41
807;797;2026-02-15;Cartao de Credito;Entregue;187.32
808;1767;2025-04-28;Cartao de Credito;Cancelado;73.26
809;951;2025-11-02;Boleto;Entregue;40.95
810;1605;2024-12-18;Pix;Entregue;135.61
811;30;2024-09-18;Pix;Cancelado;104.8
812;825;2025-04-19;Pix;Entregue;201.52
813;1476;2026-05-20;Pix;Entregue;224.22
814;966;2025-08-10;Pix;Entregue;249.44
815;1035;2025-02-16;Cartao de Debito;Em Transito;98.91
816;542;2024-12-23;Boleto;Entregue;85.97
817;1153;2025-11-12;Boleto;Cancelado;36.53
818;1013;2025-03-22;Pix;Entregue;267.98
819;1611;2024-08-18;Boleto;Cancelado;262.26
820;985;2024-12-29;Pix;Entregue com Atraso;84.78
821;631;2026-05-08;Cartao de Credito;Entregue com Atraso;71.82
822;1476;2024-12-28;Boleto;Entregue com Atraso;227.99
823;463;2025-02-13;Boleto;Entregue;73.44
824;914;2026-05-04;Boleto;Entregue com Atraso;103.28
825;118;2024-09-26;Cartao de Credito;Cancelado;36.33
826;1444;2025-07-09;Boleto;Entregue com Atraso;20.64
827;1168;2024-10-22;Cartao de Credito;Entregue;73.2
828;762;2024-12-26;Cartao de Credito;Entregue;149.76
829;104;2025-11-03;Boleto;Entregue com Atraso;143.01
830;1468;2025-08-29;Cartao de Debito;Cancelado;87.27
831;1202;2025-04-27;Cartao de Credito;Entregue;15.0
832;1671;2025-08-02;Pix;Entregue;25.88
833;142;2024-08-11;Cartao de Credito;Cancelado;448.89
834;977;2025-07-20;Cartao de Credito;Entregue;21.41
835;489;2024-09-20;Pix;Entregue;125.95
836;801;2025-05-19;Cartao de Debito;Entregue;82.44
837;966;2024-12-24;Cartao de Debito;Entregue com Atraso;152.81
838;1571;2026-03-27;Pix;Entregue;87.18
839;1474;2026-07-05;Pix;Entregue;31.1
840;448;2024-11-26;Boleto;Entregue;136.08
841;40;2026-07-21;Pix;Entregue com Atraso;91.26
842;847;2024-10-02;Pix;Em Transito;23.29
843;1531;2024-08-16;Cartao de Credito;Entregue;254.92
844;291;2025-09-07;Pix;Entregue;110.19
845;191;2025-04-29;Pix;Entregue;51.34
846;1762;2024-12-21;Cartao de Credito;Entregue;80.87
847;1121;2026-02-06;Cartao de Credito;Entregue;30.34
848;1520;2024-09-04;Cartao de Debito;Entregue;43.96
849;1083;2026-07-10;Cartao de Credito;Cancelado;93.16
850;122;2024-10-26;Cartao de Credito;Entregue;54.8
851;1658;2025-03-29;Boleto;Entregue;30.59
852;352;2026-04-23;Pix;Entregue;115.29
853;1745;2025-12-20;Pix;Entregue;121.0
854;1490;2024-12-11;Cartao de Credito;Entregue;360.59
855;1160;2026-06-30;Pix;Entregue;65.53
856;1550;2025-09-04;Cartao de Credito;Entregue;53.13
857;1364;2025-07-17;Boleto;Entregue;152.84
858;368;2025-07-28;Boleto;Entregue;50.66
859;962;2026-03-13;Boleto;Entregue com Atraso;89.44
860;1228;2025-07-02;Cartao de Credito;Entregue com Atraso;64.56
861;319;2026-03-27;Cartao de Credito;Entregue;116.08
862;407;2025-12-30;Cartao de Credito;Entregue com Atraso;98.4
863;487;2025-08-31;Cartao de Debito;Entregue;32.9
864;531;2025-04-25;Cartao de Credito;Entregue;91.2
865;208;2025-12-06;Pix;Entregue;73.64
866;496;2024-09-08;Cartao de Credito;Entregue;47.45
867;610;2025-07-02;Cartao de Credito;Entregue;75.71
868;841;2026-01-20;Cartao de Credito;Entregue com Atraso;18.02
869;489;2025-01-01;Pix;Entregue;54.3
870;641;2025-11-11;Cartao de Credito;Entregue;635.39
871;299;2024-12-19;Cartao de Debito;Entregue;334.66
872;251;2026-07-25;Cartao de Credito;Entregue;464.06
873;1502;2025-05-22;Cartao de Credito;Entregue;209.43
874;1151;2026-03-24;Pix;Entregue;496.86
875;384;2026-05-11;Pix;Entregue com Atraso;61.62
876;1115;2025-12-16;Cartao de Credito;Cancelado;64.33
877;540;2025-09-28;Cartao de Credito;Entregue;167.1
878;1654;2025-05-22;Cartao de Credito;Cancelado;135.73
879;360;2024-10-04;Cartao de Credito;Entregue;231.07
880;487;2025-01-11;Cartao de Credito;Entregue;21.21
881;937;2024-10-29;Pix;Entregue;156.28
882;1307;2025-08-07;Pix;Entregue;98.72
883;606;2026-04-26;Cartao de Credito;Entregue com Atraso;206.38
884;814;2024-12-02;Pix;Entregue;70.27
885;1057;2025-02-07;Cartao de Debito;Em Transito;45.72
886;1640;2025-03-08;Pix;Em Transito;154.66
887;1242;2025-04-08;Boleto;Entregue com Atraso;195.42
888;830;2025-12-18;Cartao de Credito;Entregue com Atraso;80.78
889;466;2025-12-24;Pix;Entregue com Atraso;126.73
890;1057;2024-08-03;Cartao de Credito;Entregue;14.25
891;1081;2026-01-22;Cartao de Debito;Entregue com Atraso;52.42
892;1052;2026-02-23;Cartao de Debito;Entregue;59.04
893;182;2025-08-09;Cartao de Credito;Entregue com Atraso;198.02
894;836;2025-12-29;Pix;Entregue;74.05
895;1572;2026-06-15;Pix;Entregue;289.42
896;1340;2025-02-23;Cartao de Credito;Cancelado;43.88
897;1523;2026-03-11;Cartao de Credito;Entregue;15.0
898;1279;2024-11-04;Cartao de Credito;Entregue;181.02
899;567;2025-12-03;Cartao de Credito;Em Transito;122.59
900;150;2026-07-05;Pix;Entregue;331.1
901;1347;2026-06-21;Cartao de Credito;Entregue;60.04
902;1109;2024-09-02;Pix;Entregue com Atraso;313.78
903;1279;2024-09-07;Cartao de Credito;Entregue;74.05
904;825;2026-06-13;Boleto;Entregue com Atraso;144.18
905;166;2024-08-24;Boleto;Entregue;120.12
906;269;2025-05-21;Cartao de Credito;Entregue;84.9
907;1176;2025-03-08;Pix;Entregue;90.89
908;30;2024-11-08;Cartao de Credito;Entregue;33.59
909;609;2025-08-11;Cartao de Credito;Entregue com Atraso;12.75
910;1596;2025-01-07;Cartao de Credito;Cancelado;166.1
911;801;2026-03-28;Cartao de Credito;Entregue;21.24
912;196;2025-06-24;Cartao de Credito;Em Transito;271.24
913;662;2025-09-20;Cartao de Debito;Entregue;326.35
914;670;2025-10-10;Boleto;Cancelado;49.46
915;462;2025-10-19;Cartao de Credito;Entregue;74.68
916;66;2024-08-28;Boleto;Entregue com Atraso;15.0
917;1334;2024-11-01;Pix;Entregue;17.12
918;1202;2025-11-02;Cartao de Credito;Entregue;304.08
919;1262;2025-07-07;Cartao de Credito;Entregue;226.1
920;805;2025-07-24;Pix;Entregue;14.25
921;887;2025-02-26;Cartao de Credito;Entregue;27.0
922;1094;2025-01-08;Boleto;Em Transito;70.07
923;811;2024-12-31;Cartao de Credito;Entregue;113.02
924;740;2025-10-10;Cartao de Credito;Cancelado;47.8
925;836;2025-04-16;Cartao de Credito;Entregue com Atraso;57.49
926;126;2026-02-28;Boleto;Entregue com Atraso;177.74
927;1380;2024-09-13;Cartao de Credito;Entregue;33.05
928;1460;2025-09-09;Boleto;Entregue;206.61
929;769;2026-04-10;Pix;Entregue;280.65
930;867;2024-09-20;Pix;Entregue;77.52
931;343;2026-07-07;Cartao de Debito;Entregue;77.22
932;1260;2025-04-28;Cartao de Credito;Entregue;312.27
933;1187;2025-04-23;Cartao de Credito;Em Transito;282.75
934;203;2025-10-30;Cartao de Debito;Entregue com Atraso;79.31
935;1522;2026-02-11;Cartao de Debito;Em Transito;44.38
936;1699;2025-07-31;Pix;Entregue com Atraso;109.59
937;1672;2026-02-04;Cartao de Credito;Entregue com Atraso;65.87
938;1200;2025-02-01;Boleto;Entregue;13.5
939;1202;2025-01-09;Pix;Entregue;100.28
940;1690;2026-06-18;Cartao de Debito;Entregue;90.48
941;162;2026-03-18;Pix;Entregue;98.05
942;869;2026-06-22;Boleto;Entregue;152.94
943;1528;2026-06-06;Pix;Entregue;111.98
944;1241;2025-05-17;Boleto;Entregue;66.33
945;271;2025-10-29;Cartao de Credito;Entregue;52.8
946;1054;2025-04-06;Boleto;Entregue;71.16
947;966;2026-01-28;Pix;Entregue;23.85
948;850;2026-01-22;Pix;Entregue;84.12
949;133;2024-11-24;Pix;Entregue com Atraso;376.56
950;1559;2025-09-22;Cartao de Credito;Entregue;38.45
951;998;2024-11-05;Pix;Entregue com Atraso;93.4
952;486;2026-04-24;Cartao de Credito;Entregue;33.59
953;1388;2025-10-01;Pix;Entregue;194.55
954;978;2024-09-12;Pix;Cancelado;66.83
955;499;2026-01-12;Boleto;Entregue;15.54
956;1125;2025-04-29;Pix;Entregue;52.76
957;815;2026-01-01;Cartao de Credito;Entregue;182.67
958;1229;2025-12-03;Cartao de Debito;Entregue;430.96
959;723;2025-10-06;Cartao de Credito;Entregue;63.06
960;867;2024-09-20;Cartao de Credito;Entregue;56.38
961;1657;2025-08-20;Pix;Entregue;358.43
962;1544;2025-12-15;Boleto;Entregue;251.81
963;474;2025-09-19;Boleto;Entregue com Atraso;275.75
964;1661;2024-08-10;Pix;Entregue;219.58
965;338;2025-11-06;Pix;Em Transito;70.11
966;190;2025-01-29;Cartao de Credito;Cancelado;209.94
967;1718;2026-01-29;Boleto;Entregue;367.05
968;654;2024-08-14;Cartao de Debito;Entregue;146.56
969;301;2025-10-10;Cartao de Credito;Entregue com Atraso;299.41
970;85;2026-02-19;Cartao de Credito;Entregue com Atraso;63.99
971;226;2026-06-19;Pix;Entregue com Atraso;180.68
972;1206;2025-10-14;Cartao de Credito;Entregue;94.95
973;370;2024-10-18;Cartao de Credito;Cancelado;439.68
974;966;2025-12-17;Pix;Entregue;381.89
975;306;2025-01-21;Cartao de Credito;Em Transito;136.9
976;1176;2024-10-02;Boleto;Entregue;240.78
977;605;2026-02-10;Pix;Entregue;124.67
978;1538;2026-05-12;Pix;Entregue;219.03
979;631;2025-01-24;Cartao de Credito;Entregue;35.87
980;1574;2026-07-06;Cartao de Credito;Entregue;52.42
981;1156;2026-05-29;Boleto;Entregue com Atraso;259.25
982;1188;2026-02-03;Pix;Entregue com Atraso;79.6
983;1084;2025-06-10;Cartao de Debito;Entregue;99.33
984;682;2024-09-07;Boleto;Em Transito;578.29
985;206;2026-05-24;Pix;Entregue;54.01
986;388;2025-01-24;Pix;Entregue;47.75
987;263;2024-09-15;Boleto;Entregue;51.73
988;944;2025-11-16;Pix;Entregue;198.74
989;671;2024-11-04;Cartao de Credito;Em Transito;22.26
990;450;2024-10-27;Pix;Entregue com Atraso;136.76
991;1068;2026-06-24;Boleto;Entregue;81.45
992;1316;2025-02-03;Cartao de Credito;Entregue com Atraso;314.04
993;813;2024-10-16;Cartao de Credito;Em Transito;67.97
994;784;2024-11-03;Cartao de Credito;Em Transito;32.73
995;167;2025-03-19;Cartao de Debito;Entregue;17.37
996;1658;2026-03-29;Cartao de Credito;Entregue;109.22
997;1327;2025-10-15;Pix;Entregue;110.08
998;825;2024-08-16;Pix;Entregue;43.53
999;1154;2026-04-22;Cartao de Credito;Entregue;251.25
1000;39;2024-10-29;Cartao de Credito;Em Transito;521.63
1001;141;2024-08-06;Boleto;Cancelado;158.18
1002;1740;2024-11-29;Pix;Entregue;160.11
1003;179;2026-06-21;Boleto;Entregue;45.08
1004;1681;2025-10-21;Cartao de Credito;Entregue;140.59
1005;1791;2025-04-28;Pix;Entregue;433.28
1006;226;2025-08-11;Pix;Entregue;156.79
1007;760;2024-09-24;Pix;Entregue;24.0
1008;906;2026-02-25;Pix;Em Transito;151.21
1009;1788;2024-10-14;Cartao de Credito;Em Transito;97.4
1010;1748;2026-04-18;Cartao de Credito;Entregue;145.37
1011;1535;2025-10-26;Cartao de Credito;Entregue;34.32
1012;1077;2026-06-28;Cartao de Credito;Cancelado;92.42
1013;1569;2026-03-11;Boleto;Entregue;52.9
1014;1413;2026-01-17;Pix;Entregue;109.62
1015;1339;2025-09-28;Boleto;Entregue;82.63
1016;966;2025-03-07;Cartao de Debito;Entregue com Atraso;21.33
1017;1356;2026-06-11;Pix;Entregue;189.9
1018;1579;2025-08-04;Pix;Entregue;209.99
1019;981;2025-04-15;Boleto;Em Transito;97.92
1020;1413;2026-05-08;Cartao de Debito;Entregue;636.82
1021;292;2026-03-02;Cartao de Credito;Entregue com Atraso;242.78
1022;1239;2024-08-29;Pix;Entregue;310.75
1023;709;2026-07-05;Pix;Entregue;124.58
1024;583;2025-05-02;Pix;Entregue;40.51
1025;340;2025-06-18;Boleto;Em Transito;13.5
1026;1326;2026-07-18;Cartao de Debito;Entregue;60.74
1027;1633;2025-07-22;Cartao de Debito;Entregue;56.79
1028;1716;2025-12-18;Cartao de Credito;Entregue;28.52
1029;1670;2026-07-27;Pix;Entregue;74.98
1030;532;2026-06-25;Pix;Cancelado;136.75
1031;82;2026-04-19;Pix;Entregue com Atraso;211.77
1032;173;2025-03-15;Cartao de Debito;Entregue;178.53
1033;674;2026-03-04;Cartao de Credito;Entregue;30.5
1034;1034;2026-03-15;Cartao de Credito;Entregue;104.54
1035;487;2026-07-14;Boleto;Cancelado;63.28
1036;1513;2025-06-11;Pix;Cancelado;15.0
1037;825;2025-01-08;Cartao de Credito;Entregue;312.56
1038;388;2025-08-24;Cartao de Credito;Entregue;24.99
1039;344;2024-10-02;Pix;Entregue;148.96
1040;30;2024-09-02;Pix;Entregue;332.86
1041;216;2025-08-29;Cartao de Credito;Entregue;80.47
1042;618;2025-11-11;Cartao de Credito;Em Transito;467.03
1043;1077;2026-03-31;Boleto;Entregue;45.0
1044;1202;2025-01-31;Boleto;Em Transito;32.73
1045;468;2025-11-18;Boleto;Entregue;69.98
1046;630;2025-01-13;Cartao de Credito;Entregue com Atraso;26.87
1047;182;2026-04-15;Pix;Entregue;69.98
1048;1039;2025-12-14;Pix;Entregue;241.13
1049;988;2024-10-23;Pix;Em Transito;305.61
1050;932;2026-07-27;Cartao de Credito;Cancelado;60.88
1051;1238;2025-03-10;Cartao de Credito;Cancelado;174.77
1052;616;2025-06-15;Boleto;Entregue;142.31
1053;463;2025-05-12;Cartao de Credito;Cancelado;205.09
1054;1745;2025-08-04;Pix;Entregue com Atraso;53.87
1055;1755;2025-05-11;Cartao de Debito;Entregue;30.02
1056;655;2024-12-09;Pix;Entregue;30.23
1057;233;2024-11-04;Pix;Em Transito;145.62
1058;1468;2025-07-19;Pix;Entregue;401.82
1059;770;2026-07-04;Cartao de Debito;Entregue;38.79
1060;291;2026-01-26;Cartao de Credito;Cancelado;96.25
1061;1459;2024-10-08;Pix;Entregue;213.42
1062;222;2025-12-12;Cartao de Credito;Entregue;46.56
1063;1502;2025-09-07;Pix;Entregue com Atraso;299.11
1064;468;2026-06-03;Cartao de Credito;Cancelado;36.33
1065;356;2025-03-19;Pix;Entregue;58.04
1066;231;2025-01-20;Cartao de Credito;Entregue;142.84
1067;996;2025-06-25;Cartao de Credito;Entregue;70.63
1068;1770;2026-07-05;Pix;Entregue com Atraso;156.42
1069;442;2024-12-16;Pix;Cancelado;59.7
1070;666;2024-09-28;Cartao de Credito;Entregue;114.72
1071;1229;2024-10-19;Cartao de Credito;Entregue com Atraso;193.96
1072;1229;2026-06-23;Cartao de Credito;Entregue;198.0
1073;1622;2026-05-13;Cartao de Credito;Entregue;202.01
1074;530;2024-08-23;Pix;Em Transito;296.36
1075;624;2025-09-13;Pix;Entregue;441.85
1076;1266;2024-11-30;Cartao de Credito;Entregue;115.34
1077;573;2024-09-27;Pix;Entregue;46.91
1078;1165;2024-12-03;Pix;Entregue;18.71
1079;666;2026-02-14;Pix;Em Transito;54.19
1080;326;2025-12-31;Boleto;Entregue;112.41
1081;1210;2026-07-10;Pix;Entregue com Atraso;146.24
1082;367;2024-08-04;Cartao de Credito;Em Transito;295.56
1083;1672;2024-10-04;Cartao de Credito;Em Transito;23.19
1084;47;2025-01-03;Pix;Entregue;50.64
1085;788;2026-04-11;Cartao de Credito;Cancelado;93.0
1086;159;2025-01-16;Cartao de Debito;Entregue;39.96
1087;934;2025-09-05;Cartao de Credito;Entregue com Atraso;293.12
1088;1266;2026-04-23;Cartao de Credito;Em Transito;98.71
1089;821;2026-07-18;Pix;Em Transito;70.63
1090;1374;2025-03-16;Boleto;Entregue;15.0
1091;59;2025-09-11;Cartao de Credito;Entregue;704.19
1092;642;2026-02-18;Cartao de Credito;Cancelado;212.13
1093;1131;2026-07-26;Boleto;Entregue;25.88
1094;1318;2024-12-13;Cartao de Credito;Cancelado;214.87
1095;1447;2026-07-03;Pix;Entregue;181.87
1096;1619;2025-04-06;Boleto;Entregue;68.68
1097;728;2025-12-17;Cartao de Credito;Entregue com Atraso;13.5
1098;1707;2024-12-03;Pix;Entregue;37.35
1099;325;2026-06-08;Cartao de Credito;Entregue com Atraso;77.75
1100;1279;2025-12-01;Cartao de Credito;Entregue;142.34
1101;1266;2024-10-13;Cartao de Credito;Entregue com Atraso;118.93
1102;679;2025-03-05;Pix;Entregue;452.66
1103;310;2025-01-10;Pix;Entregue;83.02
1104;798;2026-04-28;Pix;Entregue;64.01
1105;876;2025-12-09;Cartao de Credito;Entregue com Atraso;484.28
1106;1672;2026-05-09;Pix;Em Transito;91.48
1107;355;2026-01-07;Pix;Entregue com Atraso;234.58
1108;1503;2025-07-24;Pix;Entregue;209.22
1109;553;2025-11-02;Pix;Em Transito;243.15
1110;1236;2025-11-25;Cartao de Credito;Entregue;32.77
1111;1731;2025-10-26;Cartao de Credito;Em Transito;207.62
1112;667;2025-11-21;Pix;Entregue;35.69
1113;1202;2025-10-11;Cartao de Credito;Cancelado;252.35
1114;520;2026-06-05;Pix;Entregue;36.26
1115;540;2025-03-15;Cartao de Credito;Entregue;21.41
1116;1034;2026-04-10;Pix;Entregue com Atraso;78.63
1117;1050;2025-05-19;Cartao de Credito;Em Transito;272.01
1118;899;2024-12-10;Pix;Entregue;167.78
1119;1327;2025-10-31;Cartao de Credito;Entregue;71.82
1120;563;2026-01-14;Cartao de Credito;Entregue;93.33
1121;62;2024-08-11;Cartao de Credito;Entregue;36.63
1122;1272;2025-03-17;Pix;Entregue com Atraso;97.82
1123;1364;2025-02-25;Pix;Entregue;367.22
1124;5;2025-10-15;Cartao de Debito;Entregue;56.37
1125;611;2025-09-02;Cartao de Credito;Entregue;203.19
1126;573;2025-05-27;Cartao de Credito;Entregue;117.41
1127;1229;2026-06-05;Cartao de Credito;Entregue com Atraso;107.16
1128;691;2026-03-20;Cartao de Debito;Entregue;375.46
1129;388;2025-06-23;Cartao de Credito;Entregue;121.46
1130;1316;2025-01-11;Cartao de Credito;Entregue;144.0
1131;1282;2024-12-04;Pix;Entregue;101.48
1132;1100;2025-06-19;Cartao de Credito;Entregue com Atraso;191.61
1133;1686;2025-01-25;Cartao de Debito;Entregue com Atraso;81.69
1134;1708;2024-12-13;Cartao de Credito;Entregue;131.58
1135;825;2025-01-14;Cartao de Debito;Entregue;70.04
1136;1444;2025-09-28;Cartao de Debito;Entregue;643.03
1137;1672;2025-02-04;Cartao de Debito;Entregue;189.48
1138;816;2026-06-25;Pix;Entregue;58.66
1139;1375;2025-07-18;Cartao de Credito;Entregue com Atraso;78.32
1140;266;2025-04-11;Pix;Entregue;106.84
1141;224;2025-11-12;Cartao de Debito;Entregue;38.8
1142;1602;2024-10-15;Pix;Entregue;151.64
1143;462;2025-07-30;Cartao de Credito;Entregue;304.81
1144;656;2025-05-24;Cartao de Credito;Entregue;24.01
1145;1073;2026-05-24;Cartao de Credito;Cancelado;357.14
1146;895;2026-04-06;Pix;Entregue;161.56
1147;674;2026-07-01;Cartao de Credito;Entregue;242.72
1148;1390;2025-11-02;Pix;Entregue;247.1
1149;1410;2025-01-11;Cartao de Debito;Entregue;213.42
1150;152;2026-04-12;Cartao de Credito;Entregue;125.01
1151;1715;2025-09-25;Cartao de Credito;Entregue;14.25
1152;428;2025-04-08;Pix;Entregue com Atraso;67.42
1153;549;2025-02-01;Cartao de Credito;Entregue;21.33
1154;1202;2025-07-14;Cartao de Credito;Entregue;23.1
1155;79;2026-03-11;Pix;Entregue com Atraso;112.66
1156;1471;2024-10-18;Cartao de Credito;Entregue;100.31
1157;966;2025-09-16;Cartao de Credito;Entregue;185.89
1158;1202;2024-09-13;Boleto;Entregue;187.74
1159;1555;2025-06-15;Boleto;Entregue;28.52
1160;203;2024-12-23;Pix;Entregue;65.67
1161;1229;2024-09-16;Cartao de Credito;Entregue;44.19
1162;1351;2026-07-18;Boleto;Entregue;357.27
1163;1172;2026-01-09;Pix;Entregue;44.25
1164;308;2024-08-03;Cartao de Credito;Entregue;35.69
1165;726;2024-11-07;Cartao de Credito;Entregue;48.58
1166;1616;2026-02-15;Pix;Em Transito;117.32
1167;1339;2024-10-03;Cartao de Credito;Entregue;70.25
1168;1507;2025-02-28;Boleto;Entregue;215.07
1169;1441;2025-09-17;Cartao de Credito;Entregue;20.03
1170;1;2024-10-16;Cartao de Credito;Entregue;141.49
1171;1612;2025-11-16;Pix;Entregue com Atraso;30.52
1172;1287;2026-07-19;Cartao de Credito;Cancelado;81.8
1173;1056;2024-08-07;Pix;Em Transito;191.97
1174;1094;2025-09-24;Cartao de Credito;Em Transito;183.64
1175;557;2026-06-08;Pix;Entregue com Atraso;293.12
1176;713;2025-08-13;Pix;Entregue com Atraso;109.51
1177;825;2025-06-12;Pix;Entregue;150.13
1178;40;2025-05-02;Pix;Entregue;114.77
1179;727;2024-08-23;Pix;Entregue;58.35
1180;1038;2025-09-20;Cartao de Credito;Cancelado;104.47
1181;206;2025-11-17;Cartao de Credito;Entregue com Atraso;101.67
1182;1794;2025-05-27;Boleto;Entregue;21.4
1183;1191;2026-01-10;Boleto;Em Transito;15.9
1184;59;2025-09-13;Cartao de Credito;Entregue;47.33
1185;30;2026-02-09;Cartao de Credito;Entregue;23.19
1186;998;2026-02-04;Pix;Entregue;172.77
1187;1079;2025-11-29;Cartao de Credito;Entregue com Atraso;312.94
1188;187;2026-04-03;Cartao de Credito;Entregue;344.91
1189;1035;2025-12-28;Boleto;Em Transito;315.55
1190;85;2025-05-05;Cartao de Debito;Entregue;261.37
1191;226;2025-06-28;Cartao de Debito;Entregue;30.52
1192;1340;2025-02-05;Cartao de Debito;Entregue;172.32
1193;56;2025-12-24;Cartao de Credito;Em Transito;24.99
1194;1083;2026-04-08;Pix;Entregue;107.69
1195;398;2025-01-18;Pix;Em Transito;70.23
1196;1552;2025-11-27;Cartao de Credito;Entregue com Atraso;94.95
1197;498;2026-05-20;Pix;Entregue;18.28
1198;605;2025-02-02;Pix;Entregue;191.78
1199;613;2025-08-13;Pix;Entregue;38.62
1200;85;2025-06-12;Pix;Entregue;89.6
1201;553;2026-01-24;Pix;Entregue com Atraso;155.04
1202;648;2025-06-04;Pix;Cancelado;96.21
1203;915;2024-09-01;Cartao de Credito;Entregue;213.42
1204;380;2026-05-22;Pix;Entregue;42.15
1205;966;2025-01-27;Boleto;Entregue;57.15
1206;18;2026-02-20;Pix;Entregue;208.6
1207;755;2026-06-08;Cartao de Credito;Entregue;30.0
1208;187;2026-03-02;Boleto;Entregue;89.27
1209;1298;2025-01-14;Pix;Entregue;295.57
1210;1100;2026-03-12;Pix;Entregue;33.27
1211;850;2026-03-15;Cartao de Credito;Em Transito;141.33
1212;316;2025-05-29;Cartao de Credito;Entregue com Atraso;89.31
1213;825;2025-08-15;Pix;Entregue;166.36
1214;202;2026-03-30;Cartao de Credito;Entregue;38.89
1215;1186;2026-06-10;Boleto;Entregue com Atraso;497.78
1216;1314;2026-01-24;Cartao de Credito;Cancelado;116.11
1217;1279;2026-05-16;Cartao de Credito;Entregue;47.7
1218;150;2025-04-09;Pix;Cancelado;235.42
1219;1731;2026-03-10;Pix;Entregue;94.95
1220;266;2025-10-10;Cartao de Debito;Entregue;22.36
1221;1178;2025-12-30;Pix;Entregue;324.41
1222;32;2024-12-03;Cartao de Credito;Entregue;138.12
1223;572;2026-05-24;Boleto;Entregue;15.0
1224;960;2026-01-30;Boleto;Entregue com Atraso;79.73
1225;388;2024-10-11;Cartao de Debito;Em Transito;268.83
1226;1085;2026-03-05;Cartao de Credito;Entregue;120.54
1227;666;2025-05-26;Pix;Entregue;134.96
1228;631;2024-11-27;Cartao de Credito;Entregue;25.35
1229;1494;2025-04-03;Pix;Entregue;35.69
1230;1338;2025-08-23;Pix;Entregue;57.15
1231;468;2024-10-10;Boleto;Entregue;17.13
1232;826;2025-06-28;Pix;Entregue;142.13
1233;1731;2024-09-08;Cartao de Credito;Entregue;273.27
1234;262;2025-10-04;Cartao de Credito;Entregue;227.94
1235;1409;2024-08-23;Pix;Entregue;14.25
1236;1531;2026-06-07;Boleto;Entregue;51.32
1237;1106;2025-11-09;Boleto;Em Transito;355.53
1238;878;2025-11-08;Cartao de Credito;Entregue;29.25
1239;697;2025-05-05;Boleto;Entregue com Atraso;42.75
1240;1327;2024-10-06;Pix;Entregue;186.9
1241;525;2025-11-30;Pix;Entregue com Atraso;146.56
1242;1645;2025-07-24;Cartao de Credito;Entregue com Atraso;523.28
1243;1176;2025-01-22;Boleto;Entregue;38.13
1244;826;2024-08-08;Cartao de Credito;Entregue;24.9
1245;1496;2025-05-06;Cartao de Credito;Entregue;86.35
1246;136;2026-04-29;Pix;Entregue;37.62
1247;510;2025-11-20;Cartao de Credito;Entregue com Atraso;541.76
1248;343;2025-08-18;Cartao de Credito;Entregue;62.12
1249;1480;2026-07-12;Pix;Entregue;183.76
1250;59;2025-06-09;Cartao de Credito;Entregue;69.0
1251;314;2025-01-03;Boleto;Entregue;20.01
1252;768;2024-12-17;Cartao de Credito;Entregue;222.92
1253;835;2026-04-12;Cartao de Credito;Entregue;225.65
1254;393;2025-11-16;Cartao de Credito;Entregue com Atraso;140.81
1255;384;2025-08-25;Pix;Entregue com Atraso;88.77
1256;466;2026-07-28;Boleto;Entregue com Atraso;101.37
1257;450;2024-09-25;Cartao de Debito;Entregue;32.97
1258;1623;2025-02-05;Cartao de Credito;Entregue;62.12
1259;1064;2024-10-24;Cartao de Credito;Entregue com Atraso;320.53
1260;1155;2025-07-28;Cartao de Credito;Entregue;70.97
1261;1456;2026-02-22;Cartao de Credito;Cancelado;312.56
1262;966;2024-11-23;Cartao de Credito;Entregue;12.0
1263;966;2024-11-02;Cartao de Credito;Entregue;362.07
1264;226;2025-11-18;Cartao de Credito;Entregue;160.88
1265;43;2025-03-25;Pix;Entregue;365.8
1266;1688;2025-02-23;Cartao de Credito;Cancelado;162.27
1267;812;2025-11-03;Cartao de Debito;Entregue;15.0
1268;593;2025-10-17;Cartao de Credito;Entregue com Atraso;61.92
1269;1279;2026-07-04;Cartao de Debito;Entregue;83.34
1270;1327;2024-08-03;Cartao de Credito;Entregue;71.67
1271;202;2024-08-05;Cartao de Credito;Entregue;134.76
1272;1029;2026-05-05;Cartao de Credito;Entregue;70.25
1273;1048;2025-11-14;Pix;Entregue;445.84
1274;969;2024-10-24;Cartao de Debito;Em Transito;56.17
1275;1501;2026-03-27;Pix;Entregue;70.95
1276;450;2025-10-31;Cartao de Credito;Entregue;182.81
1277;358;2025-04-24;Boleto;Entregue;77.95
1278;765;2024-08-31;Pix;Entregue;53.97
1279;818;2024-09-24;Cartao de Credito;Entregue;172.45
1280;1250;2026-02-04;Cartao de Debito;Entregue;44.38
1281;1083;2025-05-23;Cartao de Debito;Entregue;558.06
1282;365;2025-06-16;Cartao de Credito;Em Transito;19.9
1283;292;2024-11-05;Cartao de Debito;Entregue;48.64
1284;1229;2024-10-11;Pix;Entregue com Atraso;463.33
1285;447;2024-12-25;Pix;Entregue;195.46
1286;1661;2025-10-12;Cartao de Credito;Entregue;98.05
1287;675;2025-12-23;Pix;Entregue;120.73
1288;1745;2025-04-22;Cartao de Credito;Entregue com Atraso;198.64
1289;1266;2026-05-03;Cartao de Debito;Cancelado;15.0
1290;1002;2025-10-06;Cartao de Credito;Cancelado;90.34
1291;1709;2025-09-08;Pix;Entregue;30.38
1292;636;2026-07-17;Boleto;Cancelado;311.06
1293;496;2026-05-01;Cartao de Credito;Entregue;33.91
1294;659;2024-09-07;Pix;Em Transito;112.7
1295;572;2025-06-11;Pix;Em Transito;96.38
1296;301;2025-04-20;Pix;Entregue;159.8
1297;1523;2025-10-14;Cartao de Credito;Entregue;66.47
1298;952;2025-05-11;Pix;Entregue;23.29
1299;30;2024-11-09;Boleto;Cancelado;71.38
1300;368;2025-05-13;Cartao de Credito;Entregue com Atraso;32.8
1301;575;2026-01-23;Pix;Entregue com Atraso;59.01
1302;1558;2025-08-30;Cartao de Credito;Entregue;46.21
1303;989;2026-03-30;Pix;Em Transito;94.9
1304;25;2025-06-01;Cartao de Debito;Entregue;386.86
1305;182;2025-11-21;Boleto;Entregue;153.17
1306;706;2025-01-07;Boleto;Em Transito;360.13
1307;528;2026-05-14;Pix;Entregue;79.16
1308;40;2025-01-18;Pix;Entregue;203.42
1309;770;2025-10-11;Cartao de Credito;Entregue;109.22
1310;232;2025-02-24;Pix;Em Transito;85.1
1311;1491;2024-09-11;Pix;Entregue;435.93
1312;1549;2025-12-26;Cartao de Credito;Entregue;13.5
1313;243;2025-09-09;Cartao de Debito;Entregue;383.58
1314;730;2025-11-27;Cartao de Credito;Entregue com Atraso;173.66
1315;1645;2025-08-09;Pix;Em Transito;129.64
1316;84;2026-05-27;Pix;Entregue;72.97
1317;1523;2025-12-29;Cartao de Credito;Entregue;183.76
1318;1434;2024-08-16;Cartao de Credito;Entregue;65.46
1319;1266;2026-02-15;Cartao de Debito;Entregue;22.36
1320;1672;2025-07-04;Cartao de Credito;Entregue;18.28
1321;1327;2025-12-24;Pix;Entregue com Atraso;93.23
1322;786;2024-12-04;Cartao de Credito;Entregue;290.21
1323;246;2024-10-18;Cartao de Debito;Em Transito;31.39
1324;1335;2025-12-23;Pix;Entregue;177.74
1325;1331;2026-04-05;Pix;Entregue;58.07
1326;1323;2025-08-14;Boleto;Entregue;100.25
1327;1468;2025-11-18;Cartao de Credito;Entregue;20.54
1328;1318;2025-12-06;Pix;Entregue;22.53
1329;30;2025-02-07;Boleto;Entregue;36.63
1330;825;2025-02-02;Cartao de Credito;Entregue;42.66
1331;951;2024-12-30;Boleto;Entregue;102.5
1332;1605;2026-07-01;Cartao de Credito;Entregue;65.89
1333;388;2026-02-13;Cartao de Debito;Entregue;44.38
1334;1605;2025-10-16;Pix;Entregue com Atraso;89.17
1335;945;2025-09-07;Pix;Entregue;198.34
1336;480;2025-07-22;Boleto;Entregue;308.56
1337;581;2026-06-30;Pix;Entregue;102.8
1338;468;2025-10-21;Boleto;Entregue;164.15
1339;825;2025-02-28;Cartao de Credito;Entregue com Atraso;191.61
1340;1328;2025-11-19;Boleto;Entregue;207.73
1341;285;2026-02-08;Cartao de Credito;Entregue;221.59
1342;1059;2025-01-31;Cartao de Credito;Em Transito;81.34
1343;139;2025-10-07;Pix;Em Transito;268.0
1344;367;2024-09-10;Boleto;Entregue;191.57
1345;292;2025-05-13;Boleto;Entregue;134.56
1346;1016;2025-09-12;Boleto;Entregue;60.19
1347;1453;2026-02-15;Cartao de Credito;Entregue;58.04
1348;287;2025-12-19;Cartao de Credito;Em Transito;47.75
1349;631;2024-09-18;Cartao de Credito;Entregue com Atraso;114.79
1350;995;2025-06-08;Cartao de Credito;Entregue;203.29
1351;1528;2025-10-20;Cartao de Credito;Entregue;119.31
1352;1723;2025-01-23;Pix;Entregue;349.18
1353;1645;2026-03-22;Cartao de Credito;Em Transito;33.59
1354;1720;2025-04-08;Cartao de Credito;Entregue;124.64
1355;524;2026-07-01;Boleto;Entregue;88.33
1356;528;2025-03-02;Pix;Entregue com Atraso;57.02
1357;721;2025-01-15;Pix;Entregue;216.08
1358;1318;2024-11-01;Cartao de Credito;Entregue;220.38
1359;1635;2026-04-19;Pix;Entregue;62.12
1360;374;2025-12-06;Pix;Entregue;41.28
1361;1079;2025-05-02;Pix;Entregue;180.98
1362;786;2025-05-08;Pix;Entregue;151.43
1363;825;2025-03-23;Cartao de Credito;Entregue;83.15
1364;584;2024-12-19;Cartao de Credito;Entregue;181.82
1365;499;2024-12-21;Cartao de Credito;Entregue;30.0
1366;818;2026-03-29;Pix;Entregue;56.2
1367;903;2025-03-30;Pix;Entregue;97.56
1368;860;2024-09-12;Pix;Entregue;175.65
1369;1109;2024-09-28;Cartao de Credito;Entregue;71.18
1370;1380;2026-01-22;Pix;Entregue com Atraso;104.63
1371;320;2026-01-03;Cartao de Credito;Entregue;112.81
1372;593;2025-08-18;Cartao de Credito;Entregue;32.12
1373;18;2024-11-17;Pix;Entregue;79.23
1374;463;2025-02-01;Pix;Entregue;248.37
1375;1478;2025-10-29;Cartao de Credito;Entregue;85.82
1376;1497;2026-03-18;Cartao de Credito;Entregue;54.95
1377;1266;2026-04-22;Cartao de Credito;Entregue com Atraso;13.5
1378;966;2025-01-29;Cartao de Credito;Entregue;79.43
1379;36;2026-01-24;Cartao de Credito;Entregue;25.88
1380;1229;2025-10-03;Boleto;Entregue;258.27
1381;265;2025-03-17;Pix;Entregue;135.31
1382;559;2025-02-21;Pix;Entregue;54.01
1383;370;2025-01-30;Pix;Entregue;16.67
1384;1652;2024-09-02;Pix;Entregue;333.3
1385;622;2026-01-06;Pix;Entregue;14.25
1386;357;2025-06-03;Pix;Entregue;134.56
1387;1347;2024-10-19;Boleto;Entregue;27.0
1388;900;2025-09-03;Pix;Entregue;379.43
1389;1005;2024-09-12;Cartao de Credito;Entregue;23.85
1390;1174;2024-08-04;Pix;Entregue;89.68
1391;1071;2024-08-17;Boleto;Entregue;117.39
1392;540;2025-11-10;Pix;Em Transito;35.73
1393;678;2026-02-07;Boleto;Entregue com Atraso;334.79
1394;1581;2024-10-29;Pix;Entregue com Atraso;97.47
1395;573;2024-09-11;Pix;Entregue;363.52
1396;1248;2025-10-29;Cartao de Credito;Entregue;66.74
1397;744;2026-07-19;Boleto;Em Transito;483.54
1398;1044;2025-05-15;Boleto;Entregue;371.89
1399;704;2025-02-27;Pix;Entregue;105.32
1400;1772;2024-08-25;Pix;Entregue;174.64
1401;736;2025-10-28;Cartao de Credito;Entregue;30.0
1402;299;2026-06-24;Boleto;Entregue;15.0
1403;1490;2026-04-23;Cartao de Credito;Cancelado;234.66
1404;429;2024-11-01;Pix;Em Transito;30.0
1405;487;2025-09-19;Pix;Entregue;46.21
1406;1196;2024-10-29;Pix;Entregue;130.05
1407;31;2025-05-17;Cartao de Credito;Entregue;314.74
1408;920;2025-05-12;Pix;Entregue;118.03
1409;1461;2024-10-17;Pix;Entregue;98.14
1410;1141;2026-05-19;Cartao de Credito;Entregue;49.14
1411;1321;2024-09-23;Cartao de Credito;Entregue;25.79
1412;260;2026-06-01;Pix;Entregue;281.62
1413;93;2026-04-06;Cartao de Debito;Entregue;281.62
1414;922;2026-02-04;Cartao de Credito;Entregue;119.59
1415;1344;2025-06-03;Boleto;Entregue;153.14
1416;136;2026-02-04;Cartao de Credito;Em Transito;43.5
1417;749;2024-12-14;Cartao de Credito;Entregue;80.78
1418;100;2025-01-27;Cartao de Debito;Entregue;106.02
1419;1171;2026-05-20;Cartao de Credito;Cancelado;213.26
1420;1438;2026-06-05;Cartao de Credito;Entregue;164.28
1421;342;2025-04-30;Pix;Entregue;141.22
1422;592;2026-07-08;Cartao de Credito;Entregue;72.09
1423;142;2026-01-28;Boleto;Entregue com Atraso;338.72
1424;266;2025-07-27;Boleto;Entregue;345.38
1425;524;2024-10-15;Cartao de Credito;Entregue;239.55
1426;1709;2025-02-07;Pix;Entregue;70.97
1427;697;2025-09-12;Cartao de Credito;Entregue;450.18
1428;1090;2026-02-13;Cartao de Credito;Entregue;145.44
1429;1101;2025-08-17;Cartao de Debito;Entregue;50.66
1430;945;2025-04-15;Boleto;Entregue com Atraso;36.33
1431;1750;2026-04-06;Cartao de Credito;Cancelado;32.8
1432;552;2026-05-31;Cartao de Debito;Entregue;304.25
1433;1018;2025-03-11;Cartao de Credito;Entregue;70.59
1434;59;2026-04-20;Pix;Entregue;116.86
1435;1257;2025-01-02;Cartao de Credito;Entregue;12.75
1436;1787;2025-10-13;Pix;Entregue com Atraso;298.32
1437;1751;2026-02-10;Cartao de Debito;Cancelado;83.15
1438;1574;2024-10-27;Pix;Entregue;443.75
1439;618;2025-12-05;Cartao de Credito;Entregue com Atraso;502.42
1440;1178;2025-12-07;Pix;Entregue;19.02
1441;370;2025-01-21;Cartao de Credito;Cancelado;13.5
1442;1328;2025-01-31;Cartao de Debito;Entregue;39.96
1443;1269;2026-03-28;Cartao de Credito;Entregue;62.58
1444;1437;2025-06-14;Cartao de Credito;Entregue;94.03
1445;770;2024-12-10;Boleto;Entregue;46.56
1446;766;2024-10-18;Boleto;Entregue;165.05
1447;306;2026-02-03;Pix;Entregue;100.77
1448;1442;2026-02-23;Boleto;Entregue;211.77
1449;1431;2025-06-25;Boleto;Entregue;28.4
1450;461;2026-06-14;Cartao de Credito;Entregue;86.61
1451;1423;2025-06-15;Cartao de Credito;Entregue;140.75
1452;149;2026-02-04;Cartao de Credito;Entregue;23.08
1453;1279;2025-04-02;Pix;Em Transito;119.39
1454;825;2026-02-05;Cartao de Credito;Entregue;38.91
1455;693;2026-07-10;Pix;Entregue;335.96
1456;1517;2025-12-29;Cartao de Debito;Em Transito;335.66
1457;73;2026-06-27;Pix;Entregue;321.67
1458;404;2024-11-03;Cartao de Credito;Entregue com Atraso;48.76
1459;966;2026-02-18;Cartao de Credito;Entregue;24.59
1460;202;2026-06-03;Pix;Entregue;162.24
1461;838;2024-08-08;Pix;Cancelado;46.12
1462;1721;2024-09-28;Boleto;Entregue;87.29
1463;712;2024-10-15;Boleto;Entregue;98.16
1464;237;2025-09-22;Cartao de Credito;Entregue;190.83
1465;232;2025-12-11;Boleto;Em Transito;69.98
1466;614;2024-09-23;Cartao de Credito;Entregue;47.7
1467;230;2026-01-26;Boleto;Entregue;83.95
1468;1061;2026-03-30;Cartao de Credito;Entregue;115.97
1469;825;2025-08-15;Pix;Entregue;78.99
1470;351;2025-09-06;Cartao de Credito;Entregue;207.19
1471;1672;2026-06-09;Cartao de Credito;Entregue com Atraso;185.9
1472;1079;2025-07-23;Pix;Entregue;98.91
1473;729;2025-09-20;Cartao de Credito;Entregue;120.67
1474;754;2025-10-05;Boleto;Entregue;140.81
1475;1153;2025-10-06;Cartao de Debito;Entregue;326.48
1476;907;2024-08-28;Cartao de Credito;Cancelado;129.2
1477;1433;2025-06-20;Pix;Entregue;15.0
1478;566;2025-03-03;Cartao de Credito;Entregue;21.33
1479;488;2025-08-10;Cartao de Credito;Entregue;42.91
1480;1270;2024-12-05;Pix;Entregue com Atraso;490.01
1481;390;2025-07-05;Cartao de Credito;Entregue;60.19
1482;488;2026-06-18;Pix;Entregue;388.35
1483;1523;2026-05-20;Cartao de Credito;Entregue;16.67
1484;359;2024-12-26;Pix;Entregue;111.31
1485;69;2026-02-26;Cartao de Debito;Entregue;281.76
1486;814;2025-03-31;Pix;Entregue com Atraso;40.3
1487;85;2025-04-02;Pix;Entregue;62.28
1488;1109;2025-03-22;Boleto;Entregue;44.38
1489;1185;2026-04-12;Pix;Entregue;80.26
1490;496;2025-07-17;Cartao de Credito;Entregue;100.17
1491;1768;2025-03-07;Pix;Entregue;124.03
1492;1594;2026-01-01;Pix;Entregue;94.67
1493;1662;2025-10-28;Cartao de Credito;Entregue;187.1
1494;579;2026-05-01;Pix;Entregue;397.27
1495;92;2025-12-21;Cartao de Credito;Entregue;154.42
1496;1663;2025-01-11;Cartao de Credito;Entregue;40.37
1497;1692;2025-04-26;Cartao de Debito;Entregue com Atraso;133.77
1498;1165;2025-03-02;Cartao de Credito;Em Transito;227.85
1499;1116;2025-06-19;Boleto;Entregue;97.28
1500;1465;2025-10-21;Cartao de Credito;Entregue;96.14
1501;1429;2024-10-16;Pix;Em Transito;24.99
1502;462;2024-08-05;Pix;Entregue;173.36
1503;1073;2026-01-26;Pix;Entregue;141.41
1504;1306;2026-07-14;Pix;Entregue com Atraso;614.74
1505;978;2025-05-25;Cartao de Credito;Entregue;197.01
1506;1271;2026-03-13;Pix;Entregue;57.98
1507;1216;2026-01-10;Pix;Entregue;181.78
1508;1212;2025-04-05;Cartao de Debito;Entregue com Atraso;229.15
1509;698;2024-12-14;Cartao de Credito;Entregue;21.4
1510;750;2025-05-12;Cartao de Credito;Entregue;59.85
1511;1782;2025-01-24;Cartao de Credito;Entregue;35.02
1512;941;2025-09-29;Boleto;Entregue com Atraso;15.0
1513;639;2025-06-29;Cartao de Credito;Entregue;32.97
1514;1068;2025-11-27;Cartao de Debito;Entregue;276.64
1515;838;2024-09-12;Pix;Entregue;215.31
1516;618;2024-09-19;Pix;Entregue com Atraso;116.08
1517;128;2025-05-03;Pix;Entregue;111.71
1518;243;2025-05-07;Cartao de Credito;Entregue;74.05
1519;948;2025-06-02;Cartao de Credito;Entregue;27.0
1520;882;2026-01-04;Cartao de Debito;Entregue;18.81
1521;462;2024-08-20;Boleto;Entregue;80.39
1522;462;2024-12-29;Pix;Entregue com Atraso;45.0
1523;958;2024-12-22;Cartao de Credito;Entregue;285.35
1524;531;2025-10-22;Pix;Entregue;95.2
1525;1274;2026-04-13;Cartao de Credito;Entregue;234.55
1526;1604;2024-09-01;Pix;Entregue;335.18
1527;1670;2025-03-03;Cartao de Credito;Cancelado;21.32
1528;1073;2026-06-04;Cartao de Debito;Em Transito;142.35
1529;1605;2024-11-01;Pix;Entregue;111.82
1530;1460;2026-02-28;Cartao de Credito;Entregue;120.82
1531;402;2025-11-29;Cartao de Credito;Entregue;199.18
1532;1559;2026-02-07;Pix;Entregue;81.74
1533;131;2025-10-30;Pix;Entregue;144.79
1534;1543;2026-02-05;Pix;Entregue;172.9
1535;103;2026-03-18;Cartao de Credito;Entregue;164.7
1536;988;2025-10-28;Pix;Entregue;154.65
1537;1384;2026-04-10;Cartao de Credito;Entregue com Atraso;94.28
1538;1176;2024-11-09;Pix;Entregue;134.2
1539;85;2026-03-24;Cartao de Credito;Entregue;127.83
1540;1605;2025-03-18;Cartao de Credito;Entregue com Atraso;38.1
1541;1265;2024-09-15;Pix;Entregue;101.9
1542;620;2026-07-09;Pix;Entregue com Atraso;48.91
1543;1429;2025-03-12;Cartao de Credito;Entregue;121.26
1544;1161;2026-01-20;Pix;Entregue;86.74
1545;1741;2025-06-15;Cartao de Credito;Em Transito;450.21
1546;605;2025-09-07;Boleto;Entregue com Atraso;233.68
1547;966;2024-12-24;Cartao de Credito;Cancelado;379.11
1548;1327;2025-03-26;Boleto;Entregue;180.95
1549;1189;2024-11-30;Cartao de Credito;Cancelado;49.8
1550;1244;2024-12-29;Pix;Entregue;209.63
1551;616;2025-08-13;Cartao de Debito;Entregue;46.56
1552;671;2026-02-15;Cartao de Credito;Entregue com Atraso;101.63
1553;540;2025-08-29;Boleto;Entregue com Atraso;92.4
1554;1038;2026-02-09;Cartao de Credito;Entregue;136.86
1555;5;2024-08-14;Cartao de Debito;Em Transito;14.25
1556;131;2025-05-21;Boleto;Entregue;187.16
1557;1230;2025-11-04;Cartao de Credito;Entregue com Atraso;15.0
1558;747;2026-06-12;Pix;Entregue;42.15
1559;1726;2026-05-12;Cartao de Credito;Em Transito;15.0
1560;1457;2024-11-28;Pix;Entregue;18.9
1561;1778;2025-09-28;Pix;Entregue;19.15
1562;513;2024-09-02;Cartao de Credito;Entregue com Atraso;45.63
1563;1107;2026-02-09;Cartao de Credito;Em Transito;104.11
1564;1602;2025-12-13;Cartao de Credito;Entregue com Atraso;43.1
1565;268;2025-06-08;Cartao de Credito;Entregue;32.8
1566;1360;2025-07-25;Cartao de Credito;Entregue;16.67
1567;1551;2025-08-21;Boleto;Entregue;182.18
1568;122;2026-03-22;Boleto;Entregue;265.5
1569;556;2024-09-16;Cartao de Credito;Em Transito;288.2
1570;468;2026-02-14;Cartao de Credito;Entregue;45.21
1571;122;2025-08-05;Cartao de Credito;Entregue com Atraso;76.72
1572;209;2026-07-15;Boleto;Entregue;105.84
1573;27;2025-06-26;Cartao de Credito;Entregue;48.04
1574;90;2024-11-11;Pix;Entregue;348.99
1575;825;2024-09-16;Pix;Entregue;86.76
1576;981;2024-08-03;Cartao de Credito;Entregue;123.32
1577;1252;2025-02-17;Cartao de Credito;Entregue;35.02
1578;1563;2026-05-25;Pix;Entregue;71.64
1579;536;2025-01-05;Cartao de Credito;Entregue;22.53
1580;1068;2024-12-24;Cartao de Credito;Cancelado;19.27
1581;939;2024-12-10;Cartao de Credito;Entregue;18.02
1582;233;2026-06-12;Cartao de Credito;Entregue;31.16
1583;1107;2024-09-17;Boleto;Entregue;21.21
1584;187;2025-03-22;Pix;Entregue;47.83
1585;1530;2026-06-27;Cartao de Credito;Entregue;44.16
1586;554;2025-10-28;Pix;Entregue;58.63
1587;325;2024-09-25;Pix;Entregue;45.31
1588;841;2025-04-06;Cartao de Credito;Entregue;66.44
1589;171;2026-07-06;Cartao de Credito;Entregue;321.71
1590;1115;2025-10-01;Pix;Entregue;44.46
1591;1571;2025-05-05;Cartao de Debito;Entregue;28.5
1592;753;2026-05-12;Boleto;Entregue;410.19
1593;283;2025-11-12;Boleto;Entregue;38.24
1594;410;2025-05-05;Cartao de Credito;Entregue;110.19
1595;1202;2024-08-27;Pix;Entregue;136.12
1596;138;2024-11-07;Cartao de Credito;Entregue;410.48
1597;106;2026-07-09;Cartao de Credito;Entregue com Atraso;31.39
1598;1444;2026-02-19;Cartao de Debito;Entregue;281.24
1599;728;2025-06-28;Pix;Entregue com Atraso;129.87
1600;199;2024-12-21;Pix;Entregue;145.49
1601;199;2026-05-20;Pix;Em Transito;74.7
1602;1222;2026-02-15;Cartao de Credito;Entregue;288.48
1603;52;2025-09-15;Boleto;Entregue;126.42
1604;1741;2025-03-09;Pix;Entregue;340.18
1605;1229;2024-10-30;Pix;Cancelado;70.58
1606;1050;2026-07-29;Pix;Entregue;73.27
1607;771;2025-10-02;Cartao de Debito;Entregue;258.46
1608;263;2025-02-22;Cartao de Credito;Em Transito;235.41
1609;1491;2026-03-29;Cartao de Credito;Em Transito;106.71
1610;1523;2024-10-28;Boleto;Entregue;101.6
1611;1202;2024-08-05;Cartao de Credito;Em Transito;120.57
1612;1136;2025-06-21;Cartao de Credito;Entregue;116.39
1613;878;2025-05-29;Boleto;Entregue;44.52
1614;1650;2025-12-25;Cartao de Credito;Cancelado;185.15
1615;223;2025-05-18;Boleto;Entregue;42.91
1616;762;2026-06-11;Pix;Entregue;63.87
1617;618;2025-06-27;Cartao de Credito;Entregue;144.47
1618;968;2026-07-23;Pix;Entregue;303.98
1619;1279;2025-10-18;Pix;Em Transito;267.92
1620;1175;2025-09-19;Cartao de Credito;Entregue;308.72
1621;1771;2025-08-23;Pix;Cancelado;197.62
1622;919;2024-11-14;Boleto;Entregue;117.14
1623;1427;2024-11-11;Pix;Entregue;70.97
1624;202;2025-07-26;Boleto;Entregue;62.12
1625;998;2025-05-18;Cartao de Credito;Entregue;58.07
1626;1094;2026-04-02;Cartao de Credito;Entregue;30.0
1627;1093;2024-11-27;Cartao de Credito;Em Transito;72.87
1628;56;2025-06-18;Cartao de Credito;Cancelado;274.68
1629;655;2025-12-15;Pix;Entregue;327.32
1630;1641;2026-07-31;Cartao de Debito;Entregue;220.38
1631;1329;2024-11-06;Cartao de Debito;Entregue;95.82
1632;325;2026-05-19;Pix;Entregue;219.75
1633;1258;2024-08-26;Pix;Entregue;73.3
1634;1628;2025-10-30;Cartao de Credito;Em Transito;14.25
1635;593;2025-07-06;Pix;Cancelado;177.32
1636;798;2026-05-15;Cartao de Credito;Entregue;334.04
1637;825;2024-09-14;Cartao de Credito;Entregue;94.9
1638;1008;2025-06-03;Pix;Entregue;15.0
1639;367;2025-09-13;Pix;Entregue;253.5
1640;338;2024-08-10;Pix;Entregue;124.24
1641;564;2024-08-05;Boleto;Entregue;42.77
1642;1085;2025-07-02;Pix;Entregue;77.78
1643;1486;2026-02-28;Boleto;Entregue;32.73
1644;1332;2025-03-15;Pix;Entregue;15.0
1645;403;2024-10-24;Cartao de Credito;Entregue;266.27
1646;1229;2026-04-07;Cartao de Credito;Entregue;50.69
1647;966;2025-01-29;Cartao de Debito;Entregue;114.3
1648;388;2024-08-06;Cartao de Credito;Cancelado;83.5
1649;654;2025-02-06;Cartao de Credito;Entregue;217.03
1650;874;2025-12-12;Cartao de Credito;Entregue;76.74
1651;624;2024-11-10;Cartao de Credito;Entregue;146.56
1652;882;2026-01-09;Pix;Entregue;211.58
1653;1;2025-07-19;Pix;Cancelado;15.0
1654;1127;2025-11-20;Cartao de Debito;Entregue;110.19
1655;532;2025-04-08;Pix;Entregue com Atraso;167.04
1656;1211;2026-07-18;Cartao de Debito;Em Transito;57.75
1657;1185;2026-05-26;Boleto;Entregue;20.05
1658;1459;2026-05-26;Cartao de Credito;Entregue;124.77
1659;282;2025-04-09;Cartao de Credito;Entregue;90.15
1660;794;2025-07-10;Cartao de Credito;Entregue;483.18
1661;1146;2025-05-19;Pix;Entregue;15.0
1662;273;2025-06-16;Cartao de Credito;Entregue;289.46
1663;263;2025-10-22;Cartao de Credito;Entregue;317.56
1664;474;2025-12-16;Pix;Entregue;144.76
1665;945;2024-09-12;Cartao de Credito;Entregue com Atraso;96.34
1666;344;2025-10-30;Boleto;Em Transito;63.77
1667;461;2025-08-10;Pix;Entregue;246.46
1668;1050;2026-07-27;Cartao de Credito;Entregue;18.14
1669;765;2024-12-11;Cartao de Debito;Entregue;94.67
1670;1456;2024-09-25;Boleto;Entregue com Atraso;237.13
1671;1362;2025-04-21;Pix;Entregue;30.02
1672;1551;2026-06-04;Cartao de Credito;Entregue;38.24
1673;988;2026-07-08;Cartao de Debito;Entregue;59.1
1674;1568;2025-08-18;Cartao de Credito;Entregue;54.92
1675;540;2026-02-20;Pix;Cancelado;242.15
1676;825;2025-09-09;Cartao de Credito;Entregue;70.1
1677;124;2024-12-20;Boleto;Entregue com Atraso;46.71
1678;1206;2025-05-27;Pix;Entregue;74.2
1679;383;2025-03-06;Pix;Entregue;91.02
1680;894;2026-05-16;Cartao de Credito;Entregue;110.19
1681;1649;2025-10-20;Boleto;Entregue;65.46
1682;1266;2024-09-23;Cartao de Credito;Entregue;65.46
1683;1018;2025-03-09;Cartao de Credito;Entregue com Atraso;486.11
1684;945;2026-01-04;Pix;Entregue com Atraso;82.2
1685;622;2026-07-05;Cartao de Credito;Entregue;217.82
1686;637;2024-09-21;Cartao de Credito;Entregue;80.47
1687;691;2025-11-02;Cartao de Credito;Entregue com Atraso;50.54
1688;1398;2026-06-04;Cartao de Credito;Em Transito;326.17
1689;666;2025-09-03;Pix;Entregue com Atraso;328.29
1690;1543;2025-07-07;Cartao de Debito;Entregue;41.22
1691;1066;2025-10-07;Cartao de Credito;Entregue com Atraso;137.42
1692;1327;2025-01-15;Cartao de Credito;Entregue;157.73
1693;1221;2026-02-04;Boleto;Em Transito;91.09
1694;1445;2025-02-24;Cartao de Credito;Entregue com Atraso;71.38
1695;849;2025-08-29;Pix;Entregue;63.75
1696;594;2026-01-13;Cartao de Credito;Entregue;67.64
1697;1456;2024-08-08;Pix;Entregue;128.29
1698;1543;2025-01-18;Cartao de Debito;Entregue com Atraso;451.19
1699;256;2024-12-10;Pix;Entregue;78.82
1700;264;2024-09-19;Boleto;Entregue com Atraso;33.59
1701;395;2026-06-26;Cartao de Debito;Entregue;46.1
1702;1486;2026-07-30;Cartao de Debito;Em Transito;57.03
1703;1349;2025-09-17;Boleto;Entregue;121.36
1704;1523;2025-02-16;Cartao de Credito;Entregue;146.56
1705;1466;2025-05-16;Cartao de Debito;Cancelado;131.9
1706;1122;2026-07-13;Cartao de Credito;Entregue com Atraso;89.82
1707;1229;2025-12-03;Pix;Entregue;161.29
1708;129;2026-07-27;Boleto;Entregue;49.07
1709;1009;2025-03-02;Pix;Entregue com Atraso;348.66
1710;196;2026-03-08;Pix;Entregue;212.7
1711;1441;2024-08-24;Boleto;Entregue;261.05
1712;1202;2025-05-25;Cartao de Credito;Entregue com Atraso;75.59
1713;567;2025-08-22;Boleto;Entregue;157.64
1714;734;2026-05-30;Cartao de Credito;Entregue;81.33
1715;396;2026-04-05;Pix;Entregue com Atraso;19.02
1716;1270;2026-03-27;Cartao de Credito;Entregue com Atraso;39.56
1717;1523;2026-01-27;Cartao de Debito;Entregue;108.66
1718;1085;2025-02-01;Pix;Entregue;170.6
1719;966;2026-05-21;Cartao de Credito;Entregue com Atraso;44.38
1720;123;2026-03-09;Cartao de Credito;Entregue;67.01
1721;133;2024-10-30;Cartao de Credito;Entregue;124.82
1722;1670;2026-04-12;Pix;Entregue;379.67
1723;793;2026-07-08;Boleto;Entregue;57.82
1724;1666;2025-10-17;Pix;Em Transito;122.96
1725;825;2025-09-16;Cartao de Credito;Entregue;21.47
1726;927;2026-03-07;Pix;Entregue;450.42
1727;1090;2026-02-02;Cartao de Debito;Entregue;38.89
1728;966;2024-12-17;Cartao de Credito;Entregue;79.02
1729;985;2025-02-09;Cartao de Debito;Entregue;179.22
1730;1371;2025-07-04;Pix;Entregue;73.76
1731;1424;2026-01-30;Pix;Entregue;15.0
1732;1559;2025-08-05;Boleto;Entregue;54.75
1733;1487;2025-12-17;Cartao de Credito;Entregue;13.5
1734;1070;2024-08-19;Cartao de Credito;Entregue com Atraso;17.87
1735;715;2026-05-03;Cartao de Credito;Entregue;102.62
1736;416;2025-02-10;Pix;Entregue;134.56
1737;74;2025-12-24;Pix;Entregue;36.26
1738;1172;2025-10-08;Cartao de Credito;Entregue com Atraso;69.11
1739;1231;2025-07-01;Pix;Entregue com Atraso;383.22
1740;1696;2026-04-04;Cartao de Credito;Entregue;91.24
1741;671;2025-04-18;Cartao de Credito;Entregue;24.0
1742;1191;2025-10-03;Cartao de Credito;Em Transito;322.46
1743;1384;2026-02-27;Pix;Entregue;273.36
1744;56;2026-06-10;Boleto;Entregue;105.45
1745;1171;2026-04-17;Pix;Entregue;213.98
1746;1548;2024-09-02;Cartao de Credito;Entregue com Atraso;66.29
1747;1463;2024-09-22;Pix;Entregue;211.06
1748;1391;2025-07-20;Pix;Cancelado;269.12
1749;250;2026-02-24;Cartao de Debito;Entregue;28.52
1750;559;2025-07-18;Cartao de Credito;Entregue;90.7
1751;489;2026-07-02;Pix;Entregue;151.04
1752;261;2026-06-04;Cartao de Credito;Entregue;476.55
1753;407;2025-02-14;Pix;Entregue;253.32
1754;1321;2024-09-11;Boleto;Entregue com Atraso;51.64
1755;630;2025-08-02;Cartao de Credito;Entregue;135.41
1756;196;2025-11-10;Cartao de Credito;Entregue;54.95
1757;590;2025-12-01;Cartao de Credito;Entregue;337.46
1758;786;2026-01-09;Cartao de Credito;Entregue;279.89
1759;1707;2025-10-21;Pix;Cancelado;36.22
1760;1459;2026-02-04;Cartao de Credito;Entregue com Atraso;159.99
1761;998;2024-09-09;Cartao de Credito;Entregue;234.03
1762;1269;2024-11-18;Cartao de Credito;Entregue;32.73
1763;1094;2024-10-05;Cartao de Credito;Entregue;183.72
1764;383;2025-06-03;Cartao de Credito;Em Transito;72.95
1765;1229;2025-01-08;Pix;Entregue;208.71
1766;1705;2025-11-22;Pix;Entregue;203.49
1767;151;2024-09-24;Pix;Entregue;126.8
1768;825;2025-12-09;Cartao de Credito;Entregue;58.63
1769;820;2025-05-27;Cartao de Credito;Entregue;203.97
1770;19;2025-01-29;Cartao de Credito;Entregue com Atraso;14.25
1771;996;2024-09-05;Boleto;Entregue com Atraso;312.56
1772;586;2025-09-14;Pix;Entregue;90.89
1773;1371;2025-02-27;Cartao de Credito;Entregue;192.91
1774;786;2025-12-31;Cartao de Credito;Entregue;22.26
1775;131;2025-06-18;Cartao de Credito;Entregue;33.04
1776;5;2025-03-29;Pix;Entregue;60.88
1777;1296;2026-07-03;Pix;Em Transito;55.64
1778;437;2026-03-02;Pix;Entregue;174.53
1779;914;2026-07-25;Cartao de Credito;Entregue;146.65
1780;89;2025-11-29;Cartao de Debito;Entregue;29.32
1781;52;2026-06-01;Pix;Entregue com Atraso;219.58
1782;668;2024-11-21;Boleto;Entregue;42.66
1783;479;2025-08-08;Pix;Entregue;240.72
1784;141;2025-10-24;Pix;Entregue;15.0
1785;1312;2025-10-10;Cartao de Credito;Entregue;44.02
1786;1658;2025-10-26;Pix;Em Transito;15.0
1787;972;2026-01-20;Pix;Entregue;534.47
1788;1279;2024-08-01;Cartao de Credito;Entregue;19.9
1789;555;2026-05-04;Pix;Entregue;15.0
1790;961;2025-10-06;Cartao de Credito;Em Transito;65.6
1791;682;2026-03-02;Cartao de Credito;Entregue;183.93
1792;513;2025-03-14;Pix;Entregue;208.08
1793;338;2024-12-27;Boleto;Entregue com Atraso;246.43
1794;1229;2026-03-16;Cartao de Credito;Entregue;58.63
1795;936;2024-08-21;Cartao de Credito;Entregue;49.02
1796;945;2026-01-16;Pix;Entregue com Atraso;62.63
1797;1550;2024-11-18;Pix;Entregue;94.51
1798;1115;2026-06-10;Cartao de Credito;Cancelado;254.57
1799;1715;2025-07-27;Pix;Entregue;228.39
1800;1604;2026-01-21;Boleto;Entregue com Atraso;162.57
1801;209;2025-03-01;Pix;Entregue;13.5
1802;1231;2024-11-26;Cartao de Credito;Entregue com Atraso;68.1
1803;948;2025-05-02;Pix;Entregue com Atraso;20.76
1804;842;2025-01-15;Pix;Entregue com Atraso;90.89
1805;1230;2025-03-29;Pix;Em Transito;181.79
1806;1136;2024-12-27;Cartao de Debito;Entregue com Atraso;277.88
1807;1705;2025-04-18;Boleto;Em Transito;389.78
1808;653;2024-11-09;Boleto;Entregue com Atraso;51.03
1809;18;2025-11-25;Pix;Entregue;264.69
1810;244;2025-05-12;Cartao de Debito;Entregue;374.72
1811;393;2026-04-29;Pix;Em Transito;56.67
1812;22;2025-02-01;Cartao de Credito;Entregue;159.48
1813;1498;2025-03-24;Boleto;Entregue;270.24
1814;1604;2024-11-11;Pix;Entregue;105.79
1815;1523;2025-01-07;Pix;Entregue;43.7
1816;666;2026-07-16;Pix;Entregue;64.23
1817;1286;2025-10-11;Pix;Cancelado;43.7
1818;528;2025-06-13;Pix;Entregue;71.0
1819;240;2025-06-29;Cartao de Debito;Entregue;176.74
1820;1368;2024-08-28;Pix;Entregue;32.77
1821;1778;2024-09-06;Pix;Entregue;405.85
1822;1357;2026-03-07;Cartao de Credito;Entregue;13.5
1823;1124;2026-02-06;Boleto;Entregue;181.6
1824;1133;2024-12-31;Cartao de Credito;Entregue;219.86
1825;932;2026-04-12;Cartao de Credito;Entregue;26.18
1826;948;2025-10-21;Cartao de Debito;Entregue;47.7
1827;532;2025-05-19;Cartao de Credito;Entregue;119.87
1828;629;2025-11-04;Cartao de Credito;Entregue;228.08
1829;672;2025-05-06;Boleto;Em Transito;104.67
1830;1087;2025-11-25;Pix;Entregue;69.96
1831;622;2024-12-18;Pix;Cancelado;138.37
1832;1100;2025-09-16;Pix;Entregue;133.77
1833;475;2024-08-17;Pix;Entregue;438.9
1834;154;2025-04-25;Pix;Em Transito;72.09
1835;1412;2025-11-02;Cartao de Credito;Entregue;148.78
1836;177;2025-12-17;Pix;Entregue;466.54
1837;1785;2025-05-12;Cartao de Credito;Em Transito;161.99
1838;627;2024-09-16;Cartao de Credito;Entregue com Atraso;302.36
1839;1507;2025-07-05;Cartao de Credito;Em Transito;67.66
1840;1786;2024-10-13;Pix;Entregue com Atraso;191.61
1841;1311;2026-02-24;Boleto;Entregue;58.63
1842;1499;2024-08-23;Boleto;Entregue com Atraso;21.15
1843;153;2026-04-18;Pix;Entregue;42.91
1844;1633;2026-07-27;Pix;Entregue;61.23
1845;613;2024-12-29;Cartao de Credito;Entregue;41.22
1846;1129;2025-04-22;Pix;Entregue com Atraso;48.91
1847;966;2026-06-22;Cartao de Debito;Entregue;26.68
1848;1503;2024-09-18;Pix;Entregue;126.73
1849;825;2025-10-13;Cartao de Credito;Entregue;151.98
1850;579;2024-09-12;Pix;Em Transito;144.59
1851;1527;2026-04-20;Cartao de Credito;Entregue;47.48
1852;251;2025-07-29;Boleto;Entregue;209.16
1853;710;2025-10-04;Pix;Entregue;52.26
1854;783;2025-07-30;Cartao de Credito;Entregue;36.63
1855;840;2025-03-01;Pix;Entregue;35.35
1856;59;2025-09-23;Cartao de Credito;Entregue;196.62
1857;1420;2026-06-02;Pix;Entregue;395.24
1858;232;2025-09-26;Pix;Entregue;92.24
1859;1523;2026-03-08;Pix;Entregue;246.09
1860;903;2026-03-29;Pix;Entregue com Atraso;390.58
1861;915;2026-05-26;Pix;Entregue;14.25
1862;733;2026-05-29;Boleto;Entregue com Atraso;85.22
1863;627;2026-04-07;Pix;Entregue;68.16
1864;338;2026-07-23;Cartao de Credito;Entregue;72.7
1865;1219;2026-05-01;Pix;Entregue;41.22
1866;1564;2026-01-27;Cartao de Credito;Entregue;163.77
1867;1280;2025-12-26;Cartao de Credito;Entregue;73.26
1868;612;2025-04-26;Cartao de Credito;Entregue;140.42
1869;1321;2025-09-21;Pix;Em Transito;135.03
1870;646;2025-08-18;Cartao de Credito;Em Transito;254.82
1871;1431;2024-09-29;Boleto;Entregue;135.12
1872;677;2025-08-05;Boleto;Entregue com Atraso;493.8
1873;73;2024-09-26;Cartao de Debito;Cancelado;42.66
1874;226;2026-04-14;Cartao de Debito;Entregue;394.48
1875;119;2025-06-18;Cartao de Credito;Em Transito;47.45
1876;370;2024-10-25;Cartao de Credito;Entregue;15.0
1877;407;2025-02-11;Cartao de Credito;Entregue;34.7
1878;184;2024-09-18;Pix;Em Transito;115.29
1879;578;2025-11-11;Pix;Entregue com Atraso;322.46
1880;1593;2024-12-01;Boleto;Entregue com Atraso;36.72
1881;1107;2026-04-05;Cartao de Credito;Entregue;43.35
1882;1280;2024-11-14;Cartao de Credito;Cancelado;705.08
1883;462;2024-12-05;Pix;Entregue;170.63
1884;691;2026-04-26;Pix;Entregue;160.88
1885;1039;2026-07-27;Cartao de Credito;Entregue;13.5
1886;1139;2026-05-11;Cartao de Credito;Entregue;17.23
1887;287;2024-09-01;Cartao de Credito;Entregue;48.74
1888;361;2025-11-18;Cartao de Debito;Entregue;47.33
1889;1441;2025-07-06;Pix;Entregue;326.96
1890;1479;2025-04-26;Cartao de Credito;Entregue com Atraso;100.93
1891;41;2024-10-25;Pix;Cancelado;128.53
1892;709;2026-05-05;Boleto;Entregue;58.63
1893;1666;2025-10-28;Pix;Entregue;199.44
1894;438;2025-02-27;Cartao de Credito;Cancelado;60.04
1895;1073;2024-10-30;Cartao de Debito;Entregue com Atraso;374.16
1896;1318;2026-04-23;Cartao de Credito;Entregue;70.95
1897;1523;2026-01-16;Pix;Cancelado;40.53
1898;1035;2025-06-12;Cartao de Credito;Entregue com Atraso;37.81
1899;1719;2025-03-27;Cartao de Credito;Entregue;261.18
1900;756;2025-03-09;Pix;Entregue com Atraso;14.25
1901;884;2026-02-21;Cartao de Credito;Entregue;93.47
1902;1229;2024-12-31;Pix;Entregue;518.54
1903;200;2025-03-12;Cartao de Credito;Entregue;21.41
1904;966;2025-06-02;Pix;Entregue com Atraso;127.4
1905;1425;2025-03-13;Pix;Entregue;36.56
1906;264;2025-03-25;Cartao de Credito;Entregue;256.67
1907;508;2026-07-04;Cartao de Credito;Entregue;269.83
1908;647;2025-06-22;Cartao de Credito;Entregue;66.73
1909;1672;2024-08-09;Cartao de Debito;Entregue;297.26
1910;1152;2025-01-24;Cartao de Debito;Entregue;567.73
1911;850;2025-09-25;Pix;Entregue;63.88
1912;911;2024-09-04;Cartao de Credito;Entregue com Atraso;36.63
1913;1523;2025-03-13;Pix;Entregue;485.09
1914;1060;2025-09-07;Cartao de Credito;Em Transito;69.74
1915;244;2026-05-07;Cartao de Credito;Entregue;218.73
1916;1225;2025-12-27;Cartao de Credito;Entregue;374.67
1917;290;2025-02-03;Pix;Entregue;189.19
1918;1011;2024-08-23;Boleto;Entregue com Atraso;40.09
1919;1677;2026-04-14;Pix;Entregue;19.61
1920;511;2024-11-07;Boleto;Entregue;77.95
1921;505;2026-02-06;Cartao de Credito;Entregue com Atraso;285.37
1922;1057;2024-09-07;Pix;Entregue;109.22
1923;388;2025-06-10;Cartao de Credito;Entregue com Atraso;67.35
1924;258;2024-08-03;Boleto;Entregue;53.22
1925;206;2025-03-04;Cartao de Credito;Entregue;35.02
1926;1707;2026-05-21;Cartao de Credito;Entregue;24.99
1927;1192;2026-06-07;Cartao de Credito;Entregue;489.72
1928;899;2025-09-15;Cartao de Credito;Entregue;97.26
1929;719;2025-07-03;Boleto;Entregue;15.0
1930;263;2025-08-11;Cartao de Debito;Entregue;86.35
1931;1733;2025-07-19;Pix;Entregue;190.2
1932;487;2026-05-18;Cartao de Credito;Entregue;33.94
1933;1728;2025-06-06;Pix;Entregue;90.54
1934;468;2025-12-18;Pix;Entregue;175.1
1935;1263;2025-12-25;Cartao de Debito;Entregue;163.76
1936;59;2024-09-10;Boleto;Entregue;43.88
1937;496;2024-09-04;Pix;Entregue;205.94
1938;1311;2025-08-09;Pix;Entregue com Atraso;77.84
1939;1796;2025-10-13;Pix;Entregue;212.99
1940;496;2024-10-27;Cartao de Debito;Entregue;367.52
1941;135;2025-02-11;Cartao de Credito;Entregue;68.89
1942;1261;2026-03-05;Pix;Entregue com Atraso;217.47
1943;665;2026-05-06;Pix;Entregue;101.19
1944;1279;2026-03-29;Cartao de Debito;Entregue com Atraso;222.45
1945;228;2025-02-17;Boleto;Entregue;37.35
1946;1428;2024-10-24;Cartao de Debito;Entregue;642.38
1947;593;2025-04-28;Pix;Entregue;313.08
1948;1335;2026-07-14;Cartao de Credito;Entregue;207.1
1949;1269;2026-01-08;Cartao de Credito;Entregue;233.75
1950;944;2025-02-20;Cartao de Credito;Entregue;33.04
1951;966;2025-09-03;Cartao de Credito;Entregue;327.4
1952;20;2025-10-06;Pix;Entregue;222.92
1953;263;2026-04-11;Cartao de Credito;Entregue;185.61
1954;74;2026-02-10;Pix;Entregue;78.13
1955;1592;2026-06-19;Cartao de Credito;Entregue com Atraso;48.13
1956;151;2024-09-07;Cartao de Credito;Em Transito;366.25
1957;1314;2026-05-23;Cartao de Credito;Entregue;118.27
1958;1082;2026-07-01;Cartao de Credito;Entregue;208.31
1959;511;2024-11-29;Cartao de Debito;Em Transito;50.66
1960;251;2025-07-16;Cartao de Debito;Entregue;54.29
1961;1670;2024-08-26;Pix;Entregue;48.55
1962;1506;2026-04-10;Cartao de Credito;Entregue com Atraso;27.0
1963;363;2026-04-29;Pix;Entregue;135.28
1964;154;2025-06-15;Cartao de Credito;Entregue;66.59
1965;567;2024-10-30;Cartao de Credito;Entregue;47.75
1966;1143;2026-07-25;Pix;Entregue;229.63
1967;825;2024-09-28;Boleto;Entregue;209.94
1968;613;2025-09-06;Cartao de Credito;Entregue com Atraso;226.14
1969;1481;2025-11-12;Pix;Entregue;281.75
1970;825;2026-05-13;Pix;Entregue;72.09
1971;416;2025-01-29;Cartao de Credito;Entregue com Atraso;526.0
1972;1;2026-02-07;Cartao de Credito;Entregue;29.3
1973;1279;2025-03-11;Boleto;Entregue;367.58
1974;1479;2024-11-16;Cartao de Credito;Entregue;429.87
1975;911;2025-05-02;Cartao de Debito;Entregue;106.27
1976;801;2026-03-28;Pix;Entregue;215.33
1977;1339;2025-10-28;Boleto;Em Transito;29.46
1978;386;2026-03-02;Boleto;Entregue;15.0
1979;1305;2025-10-29;Cartao de Credito;Entregue com Atraso;58.45
1980;226;2026-02-19;Pix;Entregue;174.35
1981;301;2025-02-14;Pix;Entregue com Atraso;59.01
1982;421;2025-05-14;Cartao de Credito;Entregue com Atraso;187.82
1983;5;2026-04-19;Cartao de Credito;Entregue;42.42
1984;257;2025-06-09;Cartao de Credito;Entregue;293.12
1985;693;2025-04-29;Cartao de Credito;Em Transito;42.45
1986;1050;2026-01-15;Boleto;Entregue;30.0
1987;13;2025-04-11;Cartao de Debito;Entregue;244.28
1988;1709;2025-01-20;Cartao de Credito;Em Transito;331.5
1989;966;2025-11-27;Pix;Entregue com Atraso;51.73
1990;1413;2024-10-18;Cartao de Credito;Entregue;33.34
1991;1452;2025-11-29;Cartao de Debito;Entregue;24.29
1992;1327;2026-02-06;Pix;Entregue;18.28
1993;949;2025-06-16;Cartao de Credito;Entregue;227.65
1994;956;2026-04-27;Cartao de Credito;Em Transito;30.0
1995;236;2025-11-21;Cartao de Credito;Entregue com Atraso;197.08
1996;730;2025-12-06;Pix;Entregue com Atraso;601.88
1997;382;2026-03-10;Cartao de Debito;Entregue;162.31
1998;790;2024-10-30;Boleto;Entregue;224.75
1999;887;2025-12-08;Pix;Entregue;65.67
2000;1513;2025-01-06;Pix;Entregue com Atraso;12.0
2001;825;2024-08-04;Boleto;Entregue;197.66
2002;670;2025-06-27;Boleto;Entregue;471.15
2003;1673;2025-06-06;Pix;Entregue;314.61
2004;1088;2026-01-12;Cartao de Debito;Entregue;29.3
2005;1732;2025-11-25;Pix;Entregue;163.79
2006;1611;2026-01-14;Pix;Entregue;121.62
2007;1168;2025-01-08;Pix;Entregue;144.16
2008;89;2024-09-01;Pix;Entregue;20.64
2009;416;2025-09-30;Cartao de Credito;Em Transito;39.44
2010;251;2025-08-10;Cartao de Credito;Entregue;141.94
2011;1079;2024-10-26;Pix;Entregue;107.52
2012;1457;2025-09-10;Cartao de Credito;Entregue;144.67
2013;122;2025-04-30;Cartao de Credito;Entregue;88.15
2014;503;2025-06-10;Cartao de Credito;Entregue;244.47
2015;770;2026-07-12;Pix;Entregue;279.4
2016;20;2025-02-24;Cartao de Credito;Entregue;45.02
2017;1500;2025-06-16;Cartao de Credito;Entregue;103.86
2018;1658;2025-01-28;Pix;Entregue;76.37
2019;663;2025-05-02;Cartao de Debito;Entregue;15.0
2020;31;2025-06-24;Boleto;Entregue com Atraso;301.47
2021;1229;2025-07-09;Pix;Entregue;109.87
2022;1215;2024-09-21;Cartao de Credito;Entregue;15.0
2023;841;2025-04-17;Cartao de Credito;Entregue;293.12
2024;446;2025-07-22;Cartao de Credito;Em Transito;30.02
2025;177;2024-08-30;Pix;Entregue;175.22
2026;1229;2025-06-03;Cartao de Debito;Entregue;36.72
2027;671;2024-10-29;Cartao de Credito;Entregue;223.26
2028;1627;2025-07-24;Pix;Entregue;326.3
2029;199;2026-07-10;Pix;Entregue com Atraso;74.68
2030;1413;2025-01-25;Cartao de Debito;Entregue;48.55
2031;1379;2024-12-02;Pix;Entregue;45.78
2032;1;2025-10-21;Cartao de Debito;Entregue;14.25
2033;699;2025-08-03;Pix;Entregue;63.36
2034;393;2025-10-07;Cartao de Credito;Em Transito;72.09
2035;141;2025-05-19;Boleto;Entregue;33.27
2036;867;2026-01-08;Pix;Entregue;100.49
2037;1677;2026-02-20;Pix;Entregue;68.63
2038;780;2026-04-03;Cartao de Credito;Entregue;29.38
2039;1324;2026-02-01;Boleto;Entregue;32.41
2040;1266;2025-01-08;Boleto;Entregue com Atraso;194.8
2041;402;2025-09-14;Pix;Cancelado;53.14
2042;1752;2026-04-15;Pix;Entregue;117.06
2043;1605;2024-10-26;Pix;Entregue;15.0
2044;738;2025-06-07;Cartao de Credito;Entregue com Atraso;97.33
2045;59;2025-07-24;Pix;Cancelado;144.18
2046;838;2025-12-02;Pix;Entregue;115.58
2047;1499;2024-11-19;Cartao de Credito;Entregue;85.54
2048;1715;2025-05-25;Cartao de Credito;Entregue;67.55
2049;912;2024-09-07;Pix;Entregue;170.9
2050;847;2025-06-14;Cartao de Credito;Entregue;59.78
2051;946;2026-06-19;Cartao de Credito;Entregue;14.25
2052;1112;2025-03-20;Cartao de Debito;Entregue;475.41
2053;263;2025-01-06;Pix;Entregue;21.32
2054;232;2025-05-21;Cartao de Credito;Entregue;263.7
2055;937;2024-09-14;Boleto;Entregue;73.7
2056;765;2025-10-16;Cartao de Credito;Entregue;219.58
2057;949;2025-05-28;Boleto;Entregue;173.45
2058;713;2025-06-27;Boleto;Entregue com Atraso;187.46
2059;1490;2025-02-12;Pix;Entregue;272.26
2060;1558;2026-01-28;Cartao de Credito;Entregue;100.61
2061;460;2026-03-11;Pix;Entregue;53.73
2062;1559;2026-03-05;Boleto;Entregue;73.89
2063;1280;2025-08-23;Cartao de Debito;Entregue;36.63
2064;992;2025-03-05;Cartao de Credito;Cancelado;106.71
2065;129;2024-11-15;Cartao de Credito;Entregue com Atraso;397.57
2066;214;2026-03-25;Pix;Entregue;63.29
2067;1800;2025-08-31;Pix;Entregue;236.15
2068;581;2024-12-07;Cartao de Debito;Entregue;55.11
2069;825;2025-05-02;Cartao de Credito;Entregue;301.85
2070;163;2026-05-08;Pix;Entregue;48.76
2071;1325;2025-11-05;Cartao de Credito;Cancelado;180.25
2072;1490;2024-10-23;Cartao de Credito;Entregue;99.17
2073;305;2025-03-20;Cartao de Credito;Entregue;15.0
2074;941;2025-11-19;Pix;Em Transito;16.93
2075;1073;2026-01-03;Cartao de Credito;Entregue;23.1
2076;47;2024-09-24;Cartao de Debito;Entregue;144.09
2077;852;2026-03-11;Cartao de Debito;Entregue;226.21
2078;786;2024-09-23;Cartao de Debito;Entregue;94.67
2079;157;2025-08-01;Cartao de Credito;Entregue;14.25
2080;938;2026-06-11;Pix;Entregue;351.51
2081;1217;2025-03-05;Pix;Entregue;129.34
2082;202;2026-04-21;Pix;Entregue com Atraso;18.9
2083;567;2025-10-12;Pix;Entregue;151.58
2084;1463;2026-01-21;Cartao de Credito;Entregue;157.43
2085;1194;2025-04-25;Pix;Cancelado;276.28
2086;187;2025-03-23;Boleto;Entregue;63.36
2087;622;2025-09-07;Pix;Entregue;105.51
2088;1074;2026-07-12;Pix;Entregue;274.45
2089;182;2026-02-05;Cartao de Debito;Entregue;87.21
2090;1768;2024-08-08;Cartao de Credito;Entregue;129.23
2091;465;2026-05-01;Pix;Entregue;208.36
2092;1123;2026-06-28;Pix;Em Transito;217.71
2093;113;2026-06-13;Cartao de Credito;Entregue;106.8
2094;1736;2025-10-04;Cartao de Credito;Entregue;513.58
2095;1266;2024-08-30;Cartao de Credito;Entregue;60.03
2096;1512;2025-10-19;Cartao de Credito;Entregue com Atraso;21.1
2097;1038;2025-03-22;Pix;Cancelado;83.34
2098;1143;2025-09-16;Boleto;Em Transito;51.73
2099;481;2026-05-02;Pix;Entregue com Atraso;186.64
2100;769;2025-04-21;Cartao de Credito;Entregue;96.25
2101;795;2026-07-22;Pix;Entregue;51.73
2102;1739;2025-03-15;Cartao de Credito;Entregue;55.99
2103;1242;2026-04-01;Pix;Entregue com Atraso;35.74
2104;306;2025-12-07;Pix;Em Transito;94.67
2105;272;2025-04-30;Cartao de Debito;Cancelado;90.5
2106;394;2025-02-11;Cartao de Credito;Entregue;75.61
2107;875;2025-03-21;Pix;Cancelado;152.5
2108;1448;2025-04-18;Pix;Entregue;20.64
2109;716;2025-11-10;Cartao de Credito;Entregue com Atraso;155.08
2110;1537;2024-11-15;Cartao de Credito;Entregue;127.26
2111;659;2025-04-13;Cartao de Credito;Cancelado;56.91
2112;406;2025-01-23;Boleto;Entregue;169.75
2113;792;2025-07-28;Boleto;Entregue;219.58
2114;120;2025-11-03;Boleto;Entregue;58.17
2115;811;2025-01-12;Pix;Entregue;241.71
2116;31;2025-08-08;Boleto;Entregue;32.97
2117;1257;2024-12-10;Pix;Entregue;93.17
2118;65;2026-06-01;Pix;Entregue;317.41
2119;260;2026-02-25;Cartao de Credito;Entregue;344.82
2120;1207;2024-08-10;Cartao de Credito;Entregue com Atraso;97.1
2121;30;2024-11-10;Pix;Entregue;76.15
2122;184;2026-06-03;Cartao de Credito;Entregue;141.94
2123;5;2024-12-11;Cartao de Credito;Entregue;60.36
2124;1431;2026-04-23;Pix;Entregue com Atraso;30.0
2125;1490;2026-07-27;Cartao de Credito;Entregue;32.12
2126;994;2024-09-19;Cartao de Credito;Entregue com Atraso;18.9
2127;433;2025-05-05;Pix;Cancelado;68.29
2128;159;2025-07-04;Boleto;Entregue com Atraso;45.63
2129;825;2026-02-08;Pix;Entregue;320.13
2130;1064;2025-04-01;Cartao de Credito;Em Transito;88.25
2131;15;2026-03-31;Pix;Entregue com Atraso;53.8
2132;1468;2024-12-13;Cartao de Credito;Cancelado;46.21
2133;543;2025-08-09;Pix;Entregue;23.54
2134;598;2025-12-21;Pix;Cancelado;45.63
2135;1074;2026-02-13;Cartao de Credito;Entregue com Atraso;291.91
2136;986;2025-08-01;Cartao de Debito;Entregue;375.88
2137;679;2024-08-08;Cartao de Debito;Entregue;180.4
2138;1062;2025-03-21;Cartao de Credito;Cancelado;137.01
2139;1091;2026-05-17;Pix;Em Transito;454.4
2140;402;2026-01-16;Pix;Entregue com Atraso;369.67
2141;1351;2025-04-22;Boleto;Cancelado;89.47
2142;838;2025-12-22;Pix;Entregue;249.82
2143;1055;2025-01-22;Pix;Entregue;246.66
2144;1788;2024-11-20;Pix;Entregue;146.48
2145;1259;2026-03-05;Pix;Entregue;158.8
2146;1321;2026-06-20;Pix;Entregue;471.64
2147;1229;2025-11-21;Pix;Entregue;141.13
2148;1266;2025-12-27;Cartao de Credito;Entregue;221.36
2149;1670;2026-07-01;Boleto;Entregue;64.26
2150;615;2024-11-30;Cartao de Credito;Entregue;20.76
2151;226;2025-05-02;Pix;Entregue;121.36
2152;448;2025-08-01;Cartao de Credito;Entregue;267.59
2153;133;2025-10-03;Cartao de Debito;Entregue;111.85
2154;266;2026-06-25;Pix;Entregue com Atraso;120.86
2155;437;2026-07-29;Pix;Entregue;30.38
2156;1202;2025-04-20;Cartao de Credito;Entregue;286.9
2157;1658;2025-03-10;Cartao de Credito;Entregue;31.91
2158;487;2025-09-25;Cartao de Credito;Entregue;80.15
2159;260;2025-10-09;Boleto;Entregue;45.63
2160;825;2025-07-12;Pix;Entregue;81.74
2161;124;2025-07-15;Pix;Entregue;77.78
2162;1102;2025-11-12;Pix;Entregue;23.08
2163;991;2025-02-15;Pix;Entregue com Atraso;137.77
2164;265;2024-08-03;Boleto;Entregue;125.67
2165;1588;2026-01-06;Cartao de Credito;Entregue;316.74
2166;1394;2026-02-12;Cartao de Debito;Entregue;35.69
2167;1229;2024-08-27;Cartao de Debito;Cancelado;40.59
2168;477;2026-07-22;Pix;Entregue;97.82
2169;25;2026-03-05;Pix;Entregue;24.0
2170;814;2026-07-13;Pix;Em Transito;340.66
2171;847;2025-11-13;Boleto;Entregue;124.24
2172;1094;2025-01-04;Pix;Entregue;36.19
2173;1266;2026-07-26;Pix;Entregue;32.8
2174;882;2026-05-23;Pix;Entregue;97.26
2175;20;2025-02-23;Cartao de Credito;Entregue com Atraso;239.52
2176;120;2025-11-21;Pix;Entregue;91.44
2177;239;2026-07-03;Cartao de Credito;Cancelado;163.45
2178;1752;2026-02-21;Pix;Entregue;59.26
2179;1229;2025-12-11;Boleto;Entregue;35.91
2180;1706;2025-11-26;Boleto;Entregue;42.75
2181;1279;2026-04-04;Cartao de Credito;Entregue;268.59
2182;1665;2026-03-08;Cartao de Debito;Entregue;253.79
2183;670;2024-12-31;Cartao de Credito;Entregue;208.98
2184;150;2026-06-22;Cartao de Credito;Em Transito;236.06
2185;1175;2025-07-08;Pix;Em Transito;24.0
2186;1311;2025-04-18;Boleto;Entregue;39.42
2187;1298;2026-06-17;Pix;Entregue;22.49
2188;388;2025-05-26;Cartao de Credito;Entregue com Atraso;67.0
2189;1767;2025-03-24;Boleto;Entregue com Atraso;380.73
2190;1339;2024-08-05;Boleto;Entregue;108.4
2191;941;2026-04-23;Pix;Entregue;34.49
2192;104;2025-07-12;Pix;Entregue;218.29
2193;674;2025-04-07;Cartao de Credito;Cancelado;308.3
2194;131;2026-01-30;Cartao de Credito;Entregue;270.88
2195;1457;2025-11-08;Pix;Entregue;84.3
2196;1326;2025-01-07;Cartao de Credito;Entregue com Atraso;132.84
2197;1191;2024-12-16;Cartao de Credito;Entregue com Atraso;32.83
2198;1553;2025-12-09;Cartao de Debito;Entregue;121.36
2199;1324;2025-05-16;Pix;Entregue;269.04
2200;1672;2024-11-15;Pix;Entregue;156.14
2201;146;2025-10-15;Cartao de Credito;Entregue;70.04
2202;263;2025-02-02;Pix;Em Transito;131.94
2203;540;2025-07-04;Pix;Em Transito;269.34
2204;1767;2025-09-30;Cartao de Debito;Em Transito;81.89
2205;1234;2025-03-02;Cartao de Credito;Em Transito;105.67
2206;542;2026-04-11;Cartao de Credito;Entregue com Atraso;177.41
2207;738;2026-07-24;Cartao de Credito;Em Transito;181.92
2208;187;2024-09-05;Cartao de Credito;Entregue;100.89
2209;1432;2026-05-29;Pix;Em Transito;70.97
2210;555;2025-07-27;Pix;Em Transito;238.87
2211;966;2024-09-18;Cartao de Debito;Entregue;60.19
2212;915;2026-01-08;Pix;Entregue;52.42
2213;1670;2025-01-17;Pix;Entregue;126.6
2214;691;2026-03-22;Cartao de Credito;Em Transito;191.23
2215;1788;2026-01-28;Cartao de Debito;Entregue;58.07
2216;402;2026-06-22;Cartao de Credito;Entregue;132.95
2217;292;2024-08-18;Cartao de Credito;Entregue;71.55
2218;821;2025-12-06;Pix;Entregue;248.58
2219;860;2026-02-26;Cartao de Credito;Entregue;933.91
2220;1602;2025-01-25;Cartao de Credito;Entregue;210.01
2221;1248;2025-11-25;Cartao de Credito;Cancelado;192.09
2222;40;2026-07-28;Cartao de Credito;Entregue;238.48
2223;1050;2025-11-04;Boleto;Cancelado;229.77
2224;128;2026-03-21;Pix;Entregue com Atraso;15.0
2225;713;2025-07-18;Cartao de Credito;Entregue;292.63
2226;614;2026-01-30;Pix;Entregue;70.55
2227;442;2026-04-22;Cartao de Credito;Entregue;181.11
2228;388;2024-10-27;Cartao de Credito;Entregue com Atraso;50.66
2229;218;2025-12-30;Pix;Em Transito;222.92
2230;986;2024-09-24;Cartao de Credito;Em Transito;294.58
2231;373;2025-09-18;Pix;Entregue;138.8
2232;666;2025-10-16;Pix;Entregue;92.03
2233;1102;2025-08-15;Cartao de Debito;Entregue;20.34
2234;703;2026-02-28;Pix;Entregue;49.84
2235;1499;2024-10-16;Pix;Entregue;223.92
2236;899;2024-10-16;Cartao de Credito;Entregue;183.85
2237;109;2025-02-26;Cartao de Credito;Entregue com Atraso;17.23
2238;486;2025-02-24;Cartao de Credito;Entregue com Atraso;49.8
2239;1272;2024-11-02;Boleto;Entregue com Atraso;23.74
2240;1057;2025-10-21;Cartao de Credito;Entregue;157.22
2241;1185;2025-07-29;Pix;Entregue;56.39
2242;244;2026-06-03;Cartao de Credito;Entregue;16.17
2243;159;2024-11-25;Cartao de Credito;Entregue;186.95
2244;442;2024-12-10;Cartao de Credito;Entregue;15.9
2245;1254;2025-12-28;Cartao de Credito;Entregue;69.77
2246;299;2026-01-21;Cartao de Debito;Entregue;292.78
2247;286;2024-11-28;Boleto;Entregue;74.85
2248;1731;2026-07-14;Cartao de Credito;Entregue;64.88
2249;731;2024-09-25;Cartao de Debito;Cancelado;138.56
2250;981;2026-02-28;Cartao de Credito;Entregue;143.91
2251;1269;2025-01-10;Cartao de Credito;Em Transito;29.89
2252;52;2025-12-18;Cartao de Credito;Em Transito;286.27
2253;277;2026-07-26;Boleto;Entregue;32.83
2254;219;2024-08-27;Boleto;Entregue;263.43
2255;1739;2025-02-09;Boleto;Entregue;27.15
2256;1553;2024-08-24;Cartao de Credito;Entregue;62.98
2257;728;2026-07-04;Pix;Em Transito;25.79
2258;107;2025-12-18;Cartao de Credito;Entregue;61.22
2259;86;2025-10-05;Cartao de Credito;Entregue;13.5
2260;619;2026-01-30;Boleto;Entregue;393.38
2261;945;2025-06-29;Cartao de Debito;Entregue com Atraso;32.73
2262;505;2025-06-20;Cartao de Debito;Entregue;45.7
2263;574;2025-01-17;Boleto;Entregue;187.31
2264;1502;2025-02-14;Cartao de Credito;Entregue;21.33
2265;814;2026-01-14;Cartao de Credito;Entregue;143.7
2266;734;2024-11-17;Pix;Entregue;36.53
2267;481;2026-01-08;Cartao de Credito;Entregue;81.8
2268;666;2025-01-30;Pix;Entregue com Atraso;190.83
2269;572;2024-09-01;Boleto;Em Transito;23.19
2270;1311;2025-07-07;Cartao de Credito;Entregue com Atraso;312.56
2271;730;2025-04-10;Cartao de Credito;Entregue com Atraso;146.21
2272;1784;2026-03-04;Cartao de Credito;Entregue;19.02
2273;157;2026-04-08;Cartao de Debito;Entregue;24.0
2274;1734;2025-08-21;Boleto;Entregue;28.52
2275;1279;2025-10-30;Pix;Entregue com Atraso;160.88
2276;1384;2024-09-26;Cartao de Debito;Entregue;474.01
2277;1092;2024-10-27;Pix;Em Transito;222.92
2278;1427;2025-04-23;Boleto;Entregue com Atraso;334.8
2279;1438;2026-03-08;Cartao de Credito;Entregue;23.59
2280;1078;2025-07-30;Cartao de Credito;Entregue;47.75
2281;154;2026-07-15;Pix;Entregue;299.29
2282;384;2025-06-10;Pix;Entregue;15.0
2283;579;2024-11-29;Boleto;Entregue com Atraso;65.07
2284;169;2026-07-01;Boleto;Entregue;80.71
2285;226;2026-07-31;Pix;Entregue;73.76
2286;442;2025-05-05;Boleto;Entregue com Atraso;227.12
2287;1354;2026-02-06;Cartao de Credito;Entregue;40.3
2288;1528;2026-06-06;Pix;Cancelado;77.95
2289;1590;2025-08-23;Cartao de Credito;Entregue;65.87
2290;1767;2026-01-20;Boleto;Cancelado;172.22
2291;561;2025-09-15;Cartao de Credito;Entregue;464.64
2292;1419;2025-01-24;Pix;Entregue;421.85
2293;860;2025-05-27;Pix;Entregue com Atraso;59.41
2294;622;2025-01-24;Cartao de Credito;Entregue;24.39
2295;59;2025-01-15;Boleto;Entregue;51.95
2296;966;2025-08-05;Cartao de Debito;Entregue com Atraso;106.1
2297;739;2026-06-16;Pix;Cancelado;103.95
2298;36;2024-09-17;Boleto;Entregue;437.76
2299;410;2024-09-07;Pix;Entregue com Atraso;170.76
2300;880;2025-06-08;Pix;Em Transito;464.59
2301;723;2026-06-25;Cartao de Credito;Entregue com Atraso;230.38
2302;5;2024-09-11;Cartao de Credito;Entregue;58.07
2303;335;2026-04-19;Cartao de Debito;Entregue;14.25
2304;1627;2025-07-20;Cartao de Credito;Em Transito;498.54
2305;416;2024-10-28;Pix;Entregue;129.44
2306;1001;2025-12-07;Boleto;Entregue;291.58
2307;267;2025-07-30;Pix;Entregue;211.07
2308;429;2025-03-23;Pix;Entregue com Atraso;218.14
2309;384;2025-10-31;Cartao de Credito;Entregue;72.09
2310;1125;2026-01-09;Cartao de Credito;Entregue;81.45
2311;1165;2026-02-12;Pix;Entregue;65.92
2312;1672;2026-06-25;Cartao de Credito;Cancelado;261.93
2313;1507;2025-08-01;Cartao de Credito;Entregue com Atraso;96.85
2314;1202;2025-10-20;Cartao de Credito;Entregue;115.73
2315;944;2025-08-07;Pix;Entregue;352.45
2316;671;2025-04-01;Cartao de Credito;Entregue;77.78
2317;631;2025-08-07;Boleto;Entregue;239.38
2318;945;2026-05-16;Pix;Entregue;80.93
2319;1048;2026-01-27;Pix;Entregue;135.61
2320;573;2025-11-24;Cartao de Credito;Entregue;30.0
2321;1210;2025-05-30;Cartao de Credito;Entregue;14.25
2322;1648;2025-05-23;Cartao de Credito;Entregue;21.1
2323;806;2026-06-10;Pix;Entregue;149.72
2324;1189;2025-11-22;Cartao de Debito;Entregue;45.63
2325;1286;2026-06-04;Boleto;Entregue;696.16
2326;1019;2026-04-05;Cartao de Debito;Entregue;29.89
2327;1090;2025-06-06;Pix;Entregue;258.82
2328;573;2025-11-02;Boleto;Entregue;57.09
2329;515;2025-12-09;Cartao de Debito;Entregue com Atraso;381.58
2330;1189;2026-05-16;Cartao de Debito;Entregue;15.0
2331;501;2025-10-20;Cartao de Debito;Entregue com Atraso;28.5
2332;1734;2026-02-04;Pix;Entregue;46.15
2333;607;2025-12-27;Cartao de Debito;Entregue;19.08
2334;995;2025-10-28;Pix;Em Transito;103.89
2335;644;2026-04-13;Boleto;Entregue;112.49
2336;918;2026-03-08;Pix;Entregue com Atraso;245.25
2337;304;2025-03-16;Cartao de Credito;Em Transito;160.88
2338;1794;2025-02-08;Boleto;Entregue;34.56
2339;9;2026-02-11;Cartao de Credito;Entregue;42.06
2340;1628;2026-03-25;Boleto;Entregue;36.53
2341;1645;2024-12-04;Pix;Em Transito;197.62
2342;80;2025-04-01;Pix;Entregue com Atraso;64.21
2343;756;2025-12-28;Pix;Entregue com Atraso;107.06
2344;1090;2025-03-09;Cartao de Credito;Entregue;188.06
2345;1311;2024-08-27;Cartao de Credito;Entregue;115.69
2346;1523;2024-11-05;Cartao de Debito;Entregue;12.75
2347;1432;2026-04-05;Cartao de Credito;Entregue;89.71
2348;618;2026-03-13;Cartao de Credito;Entregue com Atraso;187.19
2349;16;2024-08-12;Pix;Entregue;15.0
2350;1488;2026-02-23;Cartao de Debito;Cancelado;385.72
2351;1441;2024-10-16;Boleto;Entregue;37.72
2352;1529;2025-04-29;Cartao de Credito;Entregue;247.9
2353;1650;2025-02-02;Cartao de Debito;Entregue com Atraso;71.17
2354;591;2026-06-21;Cartao de Credito;Entregue;182.31
2355;236;2026-06-16;Pix;Entregue com Atraso;373.8
2356;886;2024-12-17;Cartao de Credito;Entregue com Atraso;22.36
2357;1085;2026-02-20;Pix;Entregue;78.54
2358;196;2025-09-19;Boleto;Entregue;32.8
2359;258;2024-09-20;Boleto;Entregue com Atraso;37.34
2360;189;2026-07-07;Boleto;Entregue com Atraso;322.46
2361;76;2026-02-06;Pix;Entregue;256.53
2362;1018;2025-04-27;Cartao de Credito;Em Transito;24.59
2363;1516;2025-07-07;Boleto;Em Transito;29.38
2364;486;2025-09-12;Pix;Entregue;260.54
2365;260;2025-05-08;Cartao de Credito;Entregue;186.57
2366;1635;2025-01-31;Cartao de Credito;Entregue;64.85
2367;712;2025-05-20;Pix;Entregue;167.65
2368;1057;2024-08-15;Cartao de Credito;Entregue com Atraso;100.27
2369;703;2026-02-05;Cartao de Credito;Entregue;15.0
2370;1684;2026-02-13;Pix;Entregue;126.39
2371;544;2025-01-09;Cartao de Credito;Entregue;331.77
2372;1;2025-06-25;Pix;Entregue;69.01
2373;100;2025-01-01;Cartao de Credito;Entregue;216.67
2374;1104;2026-05-01;Cartao de Credito;Entregue;28.52
2375;13;2024-10-27;Boleto;Em Transito;105.02
2376;1636;2026-05-19;Boleto;Entregue;88.25
2377;919;2025-04-29;Pix;Entregue com Atraso;46.71
2378;856;2026-02-09;Cartao de Credito;Em Transito;58.07
2379;1670;2024-12-29;Cartao de Credito;Entregue;57.35
2380;30;2024-09-13;Boleto;Entregue;15.0
2381;1787;2026-01-14;Boleto;Entregue com Atraso;35.73
2382;841;2025-05-17;Boleto;Em Transito;159.29
2383;1466;2024-12-31;Cartao de Credito;Entregue;18.81
2384;125;2025-11-21;Cartao de Debito;Entregue;165.25
2385;1728;2025-01-10;Cartao de Credito;Entregue;23.85
2386;80;2024-12-10;Pix;Cancelado;26.21
2387;142;2026-06-13;Cartao de Credito;Entregue;59.1
2388;1266;2025-09-04;Pix;Entregue;181.78
2389;228;2026-06-04;Pix;Entregue;294.15
2390;1713;2025-03-14;Cartao de Credito;Entregue com Atraso;41.45
2391;647;2026-03-29;Boleto;Entregue;390.23
2392;415;2025-04-06;Boleto;Entregue com Atraso;138.38
2393;1085;2025-08-09;Pix;Entregue;21.15
2394;1280;2026-01-19;Pix;Entregue com Atraso;132.15
2395;666;2026-03-28;Cartao de Credito;Entregue;71.55
2396;226;2025-05-23;Pix;Entregue;155.93
2397;219;2025-06-16;Pix;Em Transito;224.71
2398;30;2025-09-17;Cartao de Credito;Entregue com Atraso;634.7
2399;226;2026-03-18;Boleto;Entregue;92.11
2400;392;2025-02-27;Cartao de Credito;Entregue;86.35
2401;1495;2026-03-07;Cartao de Credito;Entregue com Atraso;352.38
2402;941;2025-05-11;Pix;Cancelado;18.55
2403;1415;2025-07-26;Cartao de Credito;Cancelado;62.32
2404;836;2026-06-30;Cartao de Credito;Entregue com Atraso;114.38
2405;1394;2025-04-16;Pix;Entregue;67.42
2406;1662;2026-02-17;Boleto;Entregue com Atraso;40.04
2407;191;2025-09-24;Cartao de Credito;Entregue;15.0
2408;794;2025-12-18;Pix;Entregue;21.1
2409;1483;2025-06-13;Cartao de Credito;Entregue;160.02
2410;1173;2025-06-01;Cartao de Credito;Entregue com Atraso;128.19
2411;174;2024-10-23;Cartao de Credito;Entregue;21.32
2412;376;2025-04-15;Pix;Entregue;38.89
2413;1541;2026-01-20;Cartao de Debito;Entregue;245.06
2414;625;2025-12-06;Cartao de Credito;Entregue;18.9
2415;826;2025-03-25;Cartao de Credito;Entregue;26.68
2416;338;2025-02-15;Pix;Entregue;57.15
2417;703;2026-03-03;Pix;Entregue;16.67
2418;1195;2026-05-24;Cartao de Credito;Em Transito;32.5
2419;836;2024-11-30;Cartao de Credito;Entregue;163.93
2420;1279;2025-09-28;Cartao de Credito;Cancelado;80.22
2421;966;2026-05-19;Pix;Entregue;189.34
2422;1092;2025-02-22;Cartao de Debito;Entregue;279.46
2423;269;2025-09-10;Boleto;Entregue;239.75
2424;1058;2025-04-29;Cartao de Debito;Entregue com Atraso;52.2
2425;505;2025-10-28;Cartao de Debito;Em Transito;165.37
2426;313;2026-05-25;Cartao de Credito;Entregue com Atraso;314.07
2427;618;2024-08-28;Cartao de Credito;Entregue com Atraso;44.52
2428;1732;2026-01-20;Cartao de Credito;Entregue;82.67
2429;1054;2025-02-08;Pix;Entregue;88.87
2430;77;2025-05-11;Boleto;Entregue;70.16
2431;505;2025-07-27;Cartao de Credito;Em Transito;45.0
2432;56;2024-11-14;Cartao de Credito;Entregue com Atraso;15.0
2433;825;2026-03-19;Pix;Entregue;145.62
2434;491;2025-09-08;Boleto;Entregue com Atraso;30.0
2435;867;2026-03-08;Pix;Entregue;118.03
2436;1323;2025-05-18;Boleto;Entregue;231.36
2437;717;2026-01-13;Cartao de Credito;Em Transito;73.92
2438;793;2025-04-27;Cartao de Credito;Em Transito;24.39
2439;841;2026-03-28;Cartao de Credito;Entregue;333.49
2440;801;2025-11-25;Cartao de Credito;Entregue;385.74
2441;1536;2026-03-07;Cartao de Credito;Entregue;30.92
2442;1239;2025-03-01;Cartao de Debito;Entregue;49.07
2443;1229;2024-08-12;Pix;Entregue;53.8
2444;662;2024-08-31;Boleto;Entregue;180.78
2445;1279;2026-01-07;Cartao de Debito;Entregue com Atraso;46.38
2446;388;2025-07-03;Pix;Entregue;105.79
2447;849;2026-01-09;Cartao de Credito;Entregue;126.73
2448;450;2026-06-11;Boleto;Entregue com Atraso;146.73
2449;1301;2025-06-30;Pix;Entregue;54.39
2450;990;2026-06-06;Pix;Entregue;155.15
2451;1264;2025-07-17;Cartao de Credito;Entregue;186.5
2452;1118;2025-08-26;Cartao de Credito;Entregue;98.95
2453;1735;2025-04-08;Cartao de Credito;Entregue;190.14
2454;829;2025-01-15;Cartao de Credito;Entregue;778.49
2455;1672;2024-12-08;Boleto;Entregue;77.67
2456;1723;2025-06-01;Pix;Entregue com Atraso;20.87
2457;867;2025-11-01;Boleto;Entregue;211.24
2458;947;2024-11-16;Cartao de Credito;Entregue;124.24
2459;928;2024-12-20;Pix;Entregue;326.48
2460;628;2025-08-07;Cartao de Credito;Entregue;305.67
2461;142;2025-07-13;Pix;Entregue;183.89
2462;30;2026-07-27;Boleto;Entregue;46.46
2463;606;2024-09-01;Pix;Entregue;70.97
2464;1649;2024-08-28;Pix;Entregue com Atraso;297.35
2465;666;2025-07-07;Pix;Entregue;14.25
2466;825;2025-07-04;Cartao de Credito;Entregue com Atraso;99.3
2467;1574;2024-11-29;Cartao de Credito;Entregue;22.49
2468;460;2026-04-03;Pix;Entregue;69.55
2469;1479;2026-03-06;Pix;Entregue;158.83
2470;665;2025-03-15;Cartao de Credito;Entregue;140.81
2471;1282;2024-08-22;Cartao de Credito;Entregue;272.67
2472;1216;2025-09-11;Cartao de Credito;Entregue com Atraso;160.7
2473;998;2025-05-24;Cartao de Credito;Entregue;77.52
2474;353;2024-12-04;Pix;Entregue;343.75
2475;1300;2024-11-02;Cartao de Credito;Entregue;128.34
2476;1004;2025-01-10;Cartao de Credito;Entregue com Atraso;27.75
2477;1221;2025-04-06;Boleto;Entregue;128.7
2478;933;2026-01-01;Pix;Entregue;47.45
2479;1331;2025-02-18;Pix;Entregue;77.95
2480;528;2024-09-03;Pix;Entregue;89.16
2481;347;2024-08-03;Pix;Em Transito;438.42
2482;962;2025-03-05;Pix;Entregue;172.43
2483;558;2026-07-18;Cartao de Credito;Entregue;184.94
2484;1168;2025-02-15;Boleto;Entregue com Atraso;106.78
2485;841;2025-06-06;Cartao de Credito;Entregue;160.88
2486;1672;2025-04-21;Cartao de Credito;Entregue;423.18
2487;1058;2024-08-12;Boleto;Em Transito;226.1
2488;1770;2025-02-03;Boleto;Entregue;82.68
2489;1626;2025-03-20;Pix;Entregue;125.38
2490;766;2025-06-05;Pix;Cancelado;319.42
2491;1399;2025-08-16;Boleto;Entregue;22.68
2492;618;2024-12-13;Cartao de Debito;Entregue;29.81
2493;1645;2025-01-17;Pix;Entregue;20.27
2494;1418;2025-01-29;Cartao de Credito;Entregue;45.63
2495;825;2024-11-11;Boleto;Entregue;106.71
2496;1739;2025-07-22;Pix;Entregue;154.57
2497;487;2025-02-09;Cartao de Debito;Entregue com Atraso;95.42
2498;350;2025-12-15;Pix;Entregue;48.55
2499;177;2025-09-16;Cartao de Credito;Cancelado;357.3
2500;825;2026-06-02;Boleto;Em Transito;96.76
2501;30;2025-02-01;Cartao de Credito;Entregue;48.58
2502;1627;2025-12-29;Boleto;Entregue;175.43
2503;255;2025-09-16;Pix;Entregue;42.15
2504;522;2025-11-01;Cartao de Credito;Entregue com Atraso;50.66
2505;521;2024-10-29;Cartao de Credito;Entregue;83.15
2506;737;2025-09-28;Cartao de Debito;Entregue;72.09
2507;617;2025-01-01;Pix;Cancelado;187.09
2508;1508;2026-07-03;Cartao de Debito;Entregue;38.89
2509;137;2024-10-12;Cartao de Debito;Entregue;63.01
2510;444;2025-02-09;Pix;Entregue;91.74
2511;1240;2024-10-23;Boleto;Entregue;36.41
2512;951;2024-09-02;Cartao de Credito;Entregue;393.43
2513;199;2024-08-26;Cartao de Credito;Entregue;90.89
2514;1257;2026-02-09;Pix;Entregue com Atraso;58.04
2515;1356;2025-04-11;Cartao de Credito;Entregue;115.67
2516;1457;2025-05-16;Cartao de Credito;Entregue com Atraso;281.62
2517;1167;2024-11-07;Boleto;Entregue;271.49
2518;1303;2024-11-03;Pix;Entregue com Atraso;254.43
2519;1091;2025-12-19;Cartao de Debito;Entregue;207.02
2520;1267;2026-03-27;Cartao de Credito;Entregue;223.21
2521;938;2025-04-21;Pix;Entregue;293.12
2522;1786;2025-07-30;Boleto;Cancelado;114.72
2523;36;2025-12-23;Boleto;Cancelado;81.11
2524;1686;2025-02-03;Pix;Entregue;150.79
2525;226;2025-10-21;Pix;Em Transito;260.41
2526;1038;2026-02-21;Cartao de Credito;Entregue;114.72
2527;749;2025-01-20;Pix;Entregue;203.71
2528;834;2026-07-16;Cartao de Credito;Entregue;291.49
2529;1727;2025-08-06;Cartao de Credito;Entregue com Atraso;144.74
2530;225;2025-02-26;Cartao de Credito;Entregue;174.33
2531;786;2025-04-30;Boleto;Entregue com Atraso;61.23
2532;990;2024-11-24;Pix;Entregue;53.49
2533;1119;2026-06-26;Cartao de Debito;Entregue;21.21
2534;1050;2025-11-24;Boleto;Entregue;72.45
2535;114;2025-08-25;Boleto;Entregue;209.69
2536;1059;2025-02-10;Cartao de Credito;Entregue;16.33
2537;847;2025-03-10;Cartao de Credito;Entregue;82.66
2538;1506;2025-01-30;Pix;Entregue;26.68
2539;878;2025-12-05;Pix;Entregue;85.89
2540;825;2026-03-08;Cartao de Debito;Entregue com Atraso;14.25
2541;915;2025-07-10;Cartao de Debito;Entregue;24.39
2542;1507;2025-08-18;Boleto;Entregue;52.1
2543;885;2025-12-08;Boleto;Entregue;210.49
2544;388;2025-04-11;Pix;Entregue;110.19
2545;1064;2025-11-14;Cartao de Credito;Entregue;134.6
2546;637;2025-10-02;Cartao de Credito;Entregue;47.75
2547;1602;2025-11-15;Cartao de Debito;Entregue com Atraso;85.11
2548;1159;2025-05-07;Cartao de Credito;Entregue;138.05
2549;1502;2025-01-01;Cartao de Credito;Cancelado;321.76
2550;1569;2026-04-22;Pix;Em Transito;133.47
2551;666;2025-06-25;Cartao de Credito;Entregue;77.91
2552;559;2025-08-14;Cartao de Credito;Entregue;214.37
2553;604;2025-10-01;Cartao de Debito;Entregue;74.68
2554;462;2025-09-03;Pix;Entregue;50.66
2555;1490;2024-10-25;Boleto;Entregue;41.27
2556;1651;2026-05-02;Cartao de Debito;Entregue com Atraso;43.35
2557;771;2025-04-13;Cartao de Debito;Entregue;399.39
2558;869;2025-09-13;Cartao de Credito;Entregue;296.65
2559;1279;2024-08-13;Cartao de Credito;Entregue;262.61
2560;984;2026-03-03;Cartao de Credito;Entregue;159.89
2561;1037;2026-04-15;Cartao de Credito;Entregue;42.64
2562;922;2025-08-06;Pix;Entregue;69.12
2563;1631;2025-01-14;Boleto;Entregue;115.01
2564;572;2026-04-26;Cartao de Debito;Entregue;42.55
2565;351;2026-04-07;Cartao de Credito;Entregue;72.56
2566;503;2026-05-17;Pix;Cancelado;170.07
2567;317;2025-03-30;Cartao de Credito;Entregue;379.03
2568;1370;2024-08-11;Cartao de Debito;Entregue;238.08
2569;1279;2026-05-30;Cartao de Debito;Em Transito;54.55
2570;1641;2025-06-06;Cartao de Credito;Entregue;265.16
2571;90;2025-04-04;Boleto;Entregue;324.05
2572;1747;2025-07-19;Cartao de Credito;Entregue;18.58
2573;1775;2026-03-30;Pix;Entregue;47.85
2574;990;2026-07-18;Cartao de Credito;Entregue;18.92
2575;1046;2025-08-26;Pix;Cancelado;163.87
2576;1767;2024-09-10;Cartao de Credito;Entregue;176.49
2577;424;2026-01-16;Pix;Entregue;34.56
2578;1050;2025-02-08;Pix;Entregue;14.25
2579;631;2025-11-24;Cartao de Debito;Cancelado;34.11
2580;992;2025-06-01;Pix;Entregue;91.17
2581;1245;2025-09-29;Cartao de Credito;Entregue;31.57
2582;472;2025-05-14;Pix;Entregue;98.05
2583;187;2025-02-10;Pix;Entregue com Atraso;211.96
2584;1657;2026-07-22;Cartao de Debito;Entregue;54.75
2585;794;2025-09-16;Boleto;Entregue com Atraso;83.15
2586;121;2025-04-01;Pix;Em Transito;67.64
2587;1241;2025-12-28;Boleto;Entregue;310.13
2588;1037;2025-03-24;Cartao de Credito;Em Transito;138.89
2589;131;2025-01-13;Pix;Entregue;101.12
2590;1094;2025-02-27;Cartao de Credito;Cancelado;189.08
2591;51;2026-01-28;Cartao de Credito;Entregue com Atraso;24.3
2592;1266;2026-06-25;Cartao de Credito;Entregue;55.17
2593;43;2024-10-29;Pix;Entregue;14.25
2594;838;2025-10-31;Pix;Entregue;19.61
2595;846;2024-08-12;Cartao de Credito;Entregue;31.91
2596;468;2025-02-26;Cartao de Credito;Entregue;16.67
2597;35;2025-09-09;Cartao de Credito;Entregue;38.24
2598;618;2025-11-10;Pix;Entregue;121.79
2599;786;2026-07-11;Pix;Entregue;178.05
2600;1005;2026-03-20;Pix;Entregue com Atraso;159.05
2601;1094;2024-10-26;Pix;Entregue;402.03
2602;505;2024-11-28;Pix;Entregue;295.24
2603;966;2026-07-04;Cartao de Credito;Cancelado;110.94
2604;196;2025-12-10;Boleto;Entregue;70.98
2605;715;2024-12-22;Cartao de Credito;Em Transito;69.99
2606;416;2025-06-18;Boleto;Em Transito;28.02
2607;136;2025-07-30;Cartao de Credito;Entregue;15.0
2608;1223;2025-07-23;Pix;Entregue com Atraso;114.36
2609;930;2026-03-31;Pix;Entregue;52.01
2610;1162;2024-12-17;Cartao de Debito;Entregue com Atraso;159.17
2611;884;2024-10-09;Cartao de Debito;Entregue com Atraso;193.43
2612;880;2026-07-11;Cartao de Credito;Cancelado;49.14
2613;574;2025-10-12;Pix;Entregue;34.49
2614;1342;2025-06-04;Boleto;Cancelado;21.33
2615;150;2024-08-17;Cartao de Debito;Entregue;47.52
2616;1185;2025-03-18;Boleto;Entregue;28.5
2617;1351;2026-03-03;Cartao de Debito;Em Transito;106.82
2618;101;2025-03-22;Pix;Entregue;99.12
2619;742;2026-03-11;Cartao de Credito;Entregue;136.75
2620;1218;2024-09-30;Cartao de Credito;Entregue;504.63
2621;452;2025-04-05;Cartao de Debito;Entregue;46.71
2622;1431;2025-11-24;Cartao de Credito;Cancelado;151.01
2623;1459;2025-04-22;Cartao de Credito;Entregue;140.96
2624;458;2025-09-16;Pix;Entregue;82.38
2625;814;2025-04-08;Pix;Entregue;21.33
2626;786;2024-12-05;Boleto;Entregue;82.74
2627;765;2026-07-20;Cartao de Credito;Entregue;134.94
2628;1154;2025-08-13;Cartao de Credito;Entregue;173.64
2629;1076;2025-07-23;Pix;Entregue;286.44
2630;1198;2024-10-30;Pix;Em Transito;170.81
2631;236;2025-02-02;Cartao de Credito;Entregue com Atraso;71.74
2632;1064;2024-09-04;Cartao de Credito;Entregue;22.66
2633;1561;2024-12-17;Cartao de Credito;Entregue;48.91
2634;666;2025-03-01;Pix;Entregue;412.17
2635;38;2025-04-18;Cartao de Credito;Entregue;42.75
2636;1090;2024-09-14;Cartao de Credito;Entregue;522.07
2637;838;2025-10-25;Pix;Entregue;40.5
2638;1251;2025-05-31;Cartao de Credito;Entregue;121.64
2639;1202;2026-04-04;Pix;Entregue;378.48
2640;487;2025-06-10;Pix;Entregue com Atraso;42.06
2641;911;2024-11-27;Cartao de Credito;Entregue com Atraso;75.68
2642;814;2024-11-18;Pix;Entregue;45.63
2643;388;2025-03-02;Cartao de Credito;Entregue;48.76
2644;1447;2026-07-29;Cartao de Credito;Entregue;608.48
2645;1427;2026-01-27;Pix;Entregue;75.78
2646;1672;2024-12-17;Pix;Em Transito;71.82
2647;1123;2025-06-22;Pix;Entregue;259.75
2648;1343;2026-03-16;Cartao de Credito;Entregue com Atraso;65.87
2649;875;2025-01-17;Cartao de Credito;Entregue;76.76
2650;1739;2025-07-18;Cartao de Credito;Entregue;163.24
2651;50;2025-02-02;Cartao de Credito;Entregue;134.56
2652;1436;2025-08-06;Cartao de Credito;Entregue;629.46
2653;505;2024-10-27;Pix;Entregue;25.79
2654;1202;2025-08-18;Pix;Entregue com Atraso;210.91
2655;270;2024-08-29;Pix;Entregue;107.07
2656;1059;2025-05-13;Cartao de Credito;Entregue;229.29
2657;657;2026-04-28;Cartao de Credito;Entregue;42.15
2658;1409;2024-08-04;Boleto;Entregue;67.55
2659;1282;2024-12-03;Cartao de Debito;Em Transito;58.63
2660;1171;2026-01-11;Pix;Entregue;178.34
2661;1064;2026-03-12;Boleto;Entregue;84.12
2662;1622;2025-09-05;Pix;Entregue;140.81
2663;622;2026-02-05;Cartao de Debito;Entregue;126.98
2664;1189;2024-09-17;Pix;Entregue;576.43
2665;1573;2025-08-22;Pix;Cancelado;20.34
2666;1230;2026-03-01;Pix;Entregue com Atraso;170.65
2667;270;2025-10-14;Cartao de Credito;Entregue;67.64
2668;1102;2025-06-21;Cartao de Credito;Entregue;35.69
2669;1507;2025-10-16;Pix;Entregue;99.18
2670;978;2025-05-04;Pix;Entregue;74.96
2671;720;2026-03-17;Cartao de Credito;Entregue;141.55
2672;402;2025-01-10;Pix;Entregue;15.0
2673;1602;2025-02-06;Cartao de Debito;Entregue;32.8
2674;1185;2026-03-13;Cartao de Credito;Entregue;62.12
2675;1358;2025-08-25;Cartao de Credito;Entregue;247.36
2676;1710;2024-09-01;Cartao de Credito;Em Transito;188.95
2677;748;2026-06-01;Cartao de Credito;Entregue;291.78
2678;1602;2026-04-09;Cartao de Debito;Entregue;231.19
2679;47;2025-05-06;Cartao de Debito;Entregue;67.64
2680;1786;2025-05-12;Pix;Entregue;307.54
2681;1626;2025-04-02;Pix;Entregue com Atraso;15.0
2682;846;2025-12-15;Boleto;Entregue com Atraso;151.47
2683;123;2025-01-22;Pix;Entregue;19.61
2684;1091;2025-12-26;Pix;Entregue;88.71
2685;1045;2026-03-23;Boleto;Entregue;106.14
2686;252;2026-07-14;Cartao de Credito;Entregue com Atraso;450.86
2687;1231;2025-09-04;Cartao de Credito;Entregue;60.21
2688;573;2025-10-25;Pix;Entregue;306.54
2689;853;2025-09-08;Cartao de Credito;Entregue;15.0
2690;1154;2026-03-24;Pix;Entregue;219.58
2691;531;2026-05-01;Pix;Entregue;107.65
2692;836;2025-06-03;Pix;Entregue;62.39
2693;1229;2025-09-29;Boleto;Entregue;161.16
2694;255;2025-09-29;Boleto;Entregue;137.01
2695;971;2025-02-11;Cartao de Debito;Entregue com Atraso;34.56
2696;1658;2026-01-03;Cartao de Credito;Entregue;49.07
2697;894;2025-08-16;Cartao de Credito;Entregue;153.28
2698;365;2026-04-16;Pix;Entregue;110.82
2699;377;2025-12-27;Pix;Em Transito;577.02
2700;1567;2026-06-04;Cartao de Debito;Entregue com Atraso;58.11
2701;126;2026-06-01;Pix;Entregue;288.2
2702;1672;2025-06-10;Pix;Entregue;404.96
2703;361;2025-12-06;Pix;Entregue com Atraso;339.14
2704;1115;2026-06-24;Boleto;Entregue com Atraso;41.5
2705;229;2025-08-10;Pix;Entregue;391.88
2706;1271;2025-10-02;Pix;Entregue;84.44
2707;1403;2026-04-09;Cartao de Credito;Entregue;55.17
2708;696;2025-06-27;Cartao de Credito;Entregue;402.42
2709;258;2025-05-17;Pix;Entregue;194.2
2710;1682;2026-03-02;Pix;Entregue;29.32
2711;383;2024-08-25;Cartao de Debito;Entregue;148.81
2712;1670;2025-12-14;Pix;Entregue;247.68
2713;841;2025-03-19;Cartao de Credito;Entregue;580.93
2714;226;2025-04-30;Cartao de Credito;Entregue com Atraso;358.22
2715;89;2025-01-09;Pix;Entregue com Atraso;587.62
2716;841;2025-03-09;Pix;Entregue com Atraso;28.52
2717;79;2025-11-04;Cartao de Debito;Entregue;36.53
2718;1231;2025-08-07;Cartao de Credito;Entregue;49.98
2719;1295;2025-10-06;Cartao de Debito;Entregue;155.04
2720;1175;2026-06-21;Cartao de Credito;Entregue;97.1
2721;462;2025-03-09;Cartao de Credito;Entregue;33.91
2722;1409;2026-03-26;Cartao de Credito;Entregue;120.88
2723;1601;2025-10-27;Cartao de Credito;Entregue;85.45
2724;912;2025-10-31;Cartao de Debito;Entregue;146.08
2725;28;2026-03-26;Cartao de Credito;Entregue;56.43
2726;1279;2025-10-09;Pix;Entregue;110.19
2727;765;2025-12-04;Cartao de Credito;Entregue;359.13
2728;528;2024-10-06;Cartao de Credito;Entregue com Atraso;400.91
2729;197;2025-12-25;Cartao de Credito;Entregue;54.01
2730;754;2025-09-26;Cartao de Credito;Entregue com Atraso;94.49
2731;341;2025-09-09;Pix;Entregue;85.49
2732;1279;2025-07-13;Cartao de Credito;Em Transito;67.2
2733;82;2024-10-11;Cartao de Credito;Em Transito;13.5
2734;84;2024-10-19;Cartao de Credito;Entregue;134.56
2735;1365;2025-08-06;Pix;Entregue;153.56
2736;239;2025-04-24;Cartao de Credito;Entregue com Atraso;66.72
2737;966;2025-03-06;Pix;Entregue;131.21
2738;1760;2025-08-22;Pix;Entregue;94.67
2739;1732;2026-05-11;Cartao de Credito;Entregue;99.49
2740;1051;2025-07-09;Boleto;Entregue;461.52
2741;1645;2024-12-25;Cartao de Credito;Entregue com Atraso;50.66
2742;1469;2025-09-27;Cartao de Debito;Entregue com Atraso;114.55
2743;1372;2026-06-28;Cartao de Credito;Entregue;268.27
2744;979;2025-08-23;Boleto;Entregue;81.3
2745;1688;2026-04-23;Cartao de Debito;Entregue;54.6
2746;1319;2026-06-28;Cartao de Debito;Entregue com Atraso;50.32
2747;1418;2025-03-24;Pix;Entregue;261.84
2748;361;2025-11-24;Pix;Entregue;155.04
2749;1731;2026-04-09;Cartao de Debito;Entregue;274.37
2750;1053;2025-08-08;Cartao de Credito;Entregue;120.73
2751;1229;2026-06-27;Cartao de Credito;Entregue com Atraso;163.86
2752;1645;2025-12-09;Cartao de Credito;Entregue com Atraso;132.84
2753;1704;2024-11-09;Pix;Entregue;122.64
2754;192;2026-03-19;Pix;Entregue com Atraso;94.95
2755;1723;2025-03-06;Boleto;Entregue;15.0
2756;400;2026-01-05;Cartao de Debito;Entregue;62.39
2757;567;2026-04-26;Cartao de Credito;Entregue;167.97
2758;1731;2024-09-03;Boleto;Entregue;206.84
2759;383;2026-05-05;Pix;Entregue;77.95
2760;1221;2024-08-26;Cartao de Credito;Entregue;77.41
2761;634;2026-07-30;Pix;Entregue;15.0
2762;402;2024-11-10;Pix;Entregue;214.2
2763;1217;2024-11-12;Pix;Entregue;24.29
2764;1658;2026-02-01;Pix;Entregue;79.68
2765;312;2025-10-28;Cartao de Credito;Entregue;121.36
2766;1229;2025-07-13;Cartao de Credito;Entregue com Atraso;24.01
2767;139;2026-01-17;Cartao de Credito;Entregue;173.61
2768;301;2025-05-26;Pix;Entregue;21.1
2769;825;2025-12-17;Cartao de Credito;Entregue;44.52
2770;622;2026-01-05;Cartao de Credito;Entregue;353.5
2771;1511;2026-02-12;Cartao de Debito;Entregue;94.9
2772;366;2024-08-29;Pix;Entregue;31.16
2773;68;2024-08-31;Cartao de Credito;Entregue;19.61
2774;1479;2025-11-30;Boleto;Entregue com Atraso;321.56
2775;807;2026-01-05;Pix;Cancelado;121.1
2776;1291;2026-04-11;Cartao de Credito;Entregue;152.03
2777;226;2025-05-08;Boleto;Entregue;23.54
2778;770;2024-10-12;Pix;Entregue;25.88
2779;67;2025-01-04;Boleto;Entregue;197.01
2780;1701;2024-09-11;Cartao de Credito;Entregue;17.06
2781;1720;2025-06-09;Pix;Em Transito;37.35
2782;1279;2024-09-30;Pix;Entregue;218.38
2783;657;2025-12-28;Pix;Cancelado;219.83
2784;1447;2025-04-06;Pix;Entregue;146.56
2785;1338;2025-05-21;Pix;Entregue;120.66
2786;631;2026-07-29;Cartao de Credito;Entregue;122.57
2787;1476;2025-06-16;Boleto;Em Transito;89.84
2788;216;2026-07-09;Boleto;Entregue;36.33
2789;628;2025-09-30;Cartao de Credito;Entregue;519.08
2790;1266;2026-05-31;Cartao de Debito;Entregue;202.53
2791;846;2025-05-23;Cartao de Credito;Entregue com Atraso;312.21
2792;911;2025-08-11;Cartao de Credito;Entregue;62.98
2793;1155;2025-01-25;Cartao de Debito;Entregue;36.72
2794;820;2025-04-17;Pix;Entregue;69.98
2795;887;2026-05-23;Pix;Entregue;21.32
2796;224;2025-08-13;Cartao de Debito;Entregue;194.45
2797;1441;2026-02-23;Cartao de Credito;Entregue;65.67
2798;256;2025-09-19;Cartao de Debito;Em Transito;34.11
2799;1755;2025-01-20;Cartao de Credito;Entregue com Atraso;206.87
2800;1645;2026-04-14;Cartao de Credito;Entregue com Atraso;88.56
2801;1516;2025-04-30;Pix;Entregue;386.86
2802;252;2025-02-12;Cartao de Credito;Entregue;570.44
2803;1151;2024-11-24;Cartao de Debito;Entregue;101.37
2804;981;2024-12-23;Cartao de Credito;Entregue com Atraso;251.98
2805;1564;2025-01-15;Cartao de Credito;Entregue;106.71
2806;472;2024-08-15;Pix;Entregue;107.09
2807;1050;2025-01-21;Pix;Em Transito;14.25
2808;825;2025-06-28;Pix;Entregue;28.5
2809;1099;2025-01-22;Pix;Entregue;34.11
2810;1087;2026-01-30;Boleto;Entregue;76.74
2811;184;2025-08-13;Pix;Entregue;405.95
2812;98;2025-03-31;Cartao de Credito;Entregue com Atraso;209.25
2813;1523;2025-10-04;Cartao de Credito;Entregue;318.81
2814;159;2024-10-30;Pix;Entregue;39.94
2815;531;2024-11-15;Pix;Em Transito;48.55
2816;903;2026-04-14;Pix;Entregue;84.44
2817;450;2025-11-08;Boleto;Cancelado;29.38
2818;1658;2025-08-07;Boleto;Entregue;224.87
2819;1677;2026-02-16;Boleto;Entregue;68.83
2820;1316;2025-01-27;Pix;Entregue;133.16
2821;1018;2024-09-24;Cartao de Credito;Entregue com Atraso;115.48
2822;625;2024-10-24;Cartao de Debito;Entregue;41.57
2823;402;2026-07-13;Pix;Entregue;228.43
2824;40;2025-04-09;Cartao de Credito;Em Transito;160.88
2825;357;2024-12-26;Pix;Entregue;337.66
2826;698;2025-04-09;Cartao de Credito;Entregue com Atraso;90.87
2827;1543;2024-09-25;Pix;Entregue;81.15
2828;288;2024-10-08;Cartao de Credito;Entregue;38.25
2829;894;2025-11-12;Boleto;Entregue;172.83
2830;1730;2024-11-22;Pix;Entregue com Atraso;235.9
2831;692;2025-02-26;Pix;Entregue;33.27
2832;244;2026-07-09;Cartao de Credito;Entregue;151.97
2833;835;2024-12-25;Cartao de Credito;Entregue;23.54
2834;519;2024-11-17;Cartao de Credito;Cancelado;201.88
2835;1014;2025-04-08;Pix;Entregue;82.69
2836;825;2024-09-25;Cartao de Credito;Entregue;31.08
2837;631;2026-06-14;Cartao de Credito;Entregue;107.8
2838;1770;2026-02-24;Pix;Entregue;320.77
2839;150;2026-06-26;Pix;Entregue;26.21
2840;1490;2025-09-08;Pix;Entregue;82.44
2841;1468;2024-08-07;Cartao de Credito;Entregue;58.61
2842;1573;2026-01-21;Cartao de Credito;Entregue;27.0
2843;903;2025-11-25;Boleto;Entregue;62.58
2844;678;2024-09-14;Pix;Entregue;315.1
2845;101;2026-07-09;Cartao de Credito;Entregue;327.44
2846;77;2025-04-12;Cartao de Credito;Entregue;324.41
2847;699;2025-05-02;Cartao de Credito;Entregue;156.28
2848;905;2026-06-14;Boleto;Em Transito;147.5
2849;1588;2026-01-16;Cartao de Debito;Entregue;94.95
2850;1489;2026-06-25;Pix;Entregue com Atraso;62.22
2851;1024;2025-10-05;Cartao de Debito;Entregue;17.87
2852;666;2024-12-01;Pix;Entregue;296.1
2853;124;2024-12-10;Cartao de Credito;Entregue;106.65
2854;1239;2025-09-02;Pix;Entregue;133.47
2855;154;2025-10-10;Cartao de Debito;Entregue;17.23
2856;708;2025-02-04;Cartao de Credito;Entregue;151.71
2857;519;2026-03-24;Cartao de Debito;Entregue com Atraso;48.76
2858;1094;2026-03-08;Boleto;Em Transito;41.07
2859;661;2025-07-21;Cartao de Credito;Entregue;58.07
2860;356;2025-10-02;Pix;Entregue;18.9
2861;536;2026-04-15;Pix;Entregue com Atraso;65.93
2862;1257;2025-03-11;Boleto;Entregue;71.46
2863;945;2026-07-28;Pix;Em Transito;323.3
2864;5;2025-10-14;Boleto;Entregue;159.26
2865;618;2026-05-28;Cartao de Debito;Em Transito;124.79
2866;1090;2025-03-03;Pix;Entregue;130.29
2867;567;2025-01-27;Pix;Entregue;15.0
2868;618;2025-02-14;Cartao de Credito;Entregue;310.68
2869;410;2025-08-05;Cartao de Credito;Entregue;161.23
2870;1258;2025-07-18;Cartao de Credito;Entregue;491.16
2871;997;2025-11-11;Boleto;Entregue;306.21
2872;1418;2026-04-06;Cartao de Debito;Entregue;87.75
2873;836;2025-12-22;Pix;Entregue;13.5
2874;816;2025-07-21;Cartao de Credito;Em Transito;39.94
2875;703;2026-03-05;Pix;Entregue;68.25
2876;1013;2025-04-27;Pix;Entregue;202.3
2877;1771;2025-09-09;Cartao de Credito;Em Transito;214.67
2878;1079;2025-09-14;Pix;Entregue;74.05
2879;1298;2025-08-09;Cartao de Debito;Entregue com Atraso;126.66
2880;195;2025-07-02;Pix;Entregue;32.9
2881;56;2025-03-17;Cartao de Debito;Entregue com Atraso;129.56
2882;792;2025-12-02;Pix;Entregue;80.78
2883;543;2025-04-14;Pix;Cancelado;30.38
2884;186;2026-05-07;Pix;Entregue;205.97
2885;874;2024-09-04;Cartao de Credito;Entregue;63.13
2886;1298;2025-07-16;Cartao de Credito;Entregue;34.71
2887;932;2025-12-28;Pix;Entregue;169.88
2888;1767;2026-01-03;Boleto;Entregue;90.91
2889;1479;2026-04-15;Boleto;Entregue com Atraso;31.16
2890;97;2024-09-05;Pix;Entregue;310.87
2891;1147;2024-09-03;Pix;Entregue;40.59
2892;685;2024-10-09;Pix;Entregue;19.02
2893;1186;2026-05-15;Cartao de Credito;Entregue com Atraso;18.14
2894;1625;2026-06-03;Cartao de Credito;Entregue com Atraso;204.33
2895;1468;2025-06-18;Pix;Entregue;161.67
2896;1771;2025-09-03;Boleto;Entregue;202.75
2897;1491;2025-02-23;Boleto;Entregue com Atraso;32.16
2898;838;2025-03-12;Pix;Entregue;59.26
2899;1229;2026-03-06;Pix;Entregue;256.77
2900;631;2025-06-13;Pix;Entregue;30.0
2901;1441;2026-01-04;Pix;Entregue;440.5
2902;1094;2024-09-04;Boleto;Entregue;36.53
2903;59;2025-12-29;Pix;Em Transito;54.95
2904;685;2025-12-14;Pix;Entregue;196.44
2905;358;2025-09-19;Cartao de Credito;Entregue com Atraso;68.9
2906;648;2025-01-29;Cartao de Credito;Entregue com Atraso;125.15
2907;1703;2024-11-14;Boleto;Entregue;21.41
2908;1543;2024-10-16;Cartao de Credito;Entregue;103.42
2909;973;2025-12-30;Pix;Cancelado;129.21
2910;1658;2025-06-03;Pix;Em Transito;20.76
2911;966;2025-01-02;Cartao de Credito;Entregue;127.42
2912;239;2025-02-13;Pix;Entregue;87.64
2913;833;2025-08-22;Cartao de Credito;Entregue;97.17
2914;1672;2025-04-14;Pix;Entregue com Atraso;61.02
2915;46;2026-07-02;Pix;Entregue;242.21
2916;1230;2025-09-28;Pix;Entregue;124.98
2917;325;2026-07-20;Cartao de Credito;Entregue;197.79
2918;462;2024-11-06;Cartao de Debito;Entregue;48.55
2919;301;2026-02-03;Boleto;Em Transito;203.66
2920;608;2025-06-07;Boleto;Entregue;496.69
2921;945;2025-01-24;Boleto;Entregue;201.96
2922;1218;2026-02-03;Cartao de Credito;Entregue;16.67
2923;1083;2026-05-29;Pix;Entregue;280.17
2924;1605;2026-01-09;Boleto;Entregue;49.14
2925;929;2025-05-18;Boleto;Entregue;106.71
2926;1798;2025-04-18;Boleto;Entregue com Atraso;264.78
2927;801;2024-12-26;Pix;Entregue;65.67
2928;1145;2025-11-08;Pix;Em Transito;154.72
2929;1355;2024-09-14;Pix;Entregue com Atraso;97.52
2930;1073;2026-05-15;Cartao de Credito;Entregue;184.06
2931;1603;2024-12-16;Cartao de Debito;Entregue;578.16
2932;505;2025-03-05;Boleto;Entregue;145.11
2933;825;2024-10-09;Pix;Entregue;134.0
2934;1780;2026-05-17;Cartao de Debito;Entregue;36.53
2935;430;2025-03-16;Pix;Entregue com Atraso;135.2
2936;122;2026-02-28;Cartao de Debito;Em Transito;124.86
2937;913;2026-06-19;Cartao de Debito;Entregue;269.31
2938;5;2025-01-09;Pix;Entregue;118.57
2939;844;2025-03-22;Cartao de Debito;Entregue;63.58
2940;82;2025-01-20;Pix;Entregue;400.7
2941;1215;2025-03-26;Pix;Entregue;15.0
2942;1506;2026-02-27;Boleto;Entregue com Atraso;45.0
2943;1154;2024-11-07;Cartao de Credito;Entregue;30.02
2944;593;2024-08-21;Cartao de Credito;Entregue;150.78
2945;1645;2025-11-21;Pix;Entregue;75.07
2946;1229;2025-11-26;Cartao de Credito;Em Transito;79.4
2947;956;2025-07-04;Pix;Entregue;105.79
2948;746;2024-08-06;Pix;Entregue;27.0
2949;1411;2025-04-27;Cartao de Credito;Entregue;21.32
2950;388;2026-05-17;Cartao de Credito;Entregue com Atraso;20.15
2951;521;2025-06-10;Cartao de Credito;Entregue;25.88
2952;1355;2025-07-03;Pix;Entregue;40.76
2953;1700;2024-09-22;Cartao de Credito;Entregue com Atraso;25.88
2954;583;2025-04-25;Boleto;Entregue;43.06
2955;284;2026-01-10;Cartao de Credito;Entregue;84.12
2956;1085;2024-12-17;Pix;Em Transito;18.55
2957;354;2026-04-07;Boleto;Entregue com Atraso;166.78
2958;1754;2025-05-06;Pix;Entregue;661.03
2959;126;2025-06-14;Cartao de Credito;Entregue com Atraso;417.79
2960;1514;2026-03-18;Cartao de Credito;Entregue;258.78
2961;390;2025-11-29;Boleto;Em Transito;111.55
2962;1658;2026-03-26;Cartao de Credito;Entregue;84.47
2963;1528;2025-10-25;Cartao de Debito;Em Transito;71.66
2964;699;2025-12-02;Pix;Entregue;118.03
2965;219;2025-12-16;Boleto;Entregue;176.12
2966;1151;2025-05-27;Cartao de Credito;Entregue;225.45
2967;1249;2025-05-12;Cartao de Credito;Em Transito;152.84
2968;1739;2024-08-23;Pix;Entregue;132.14
2969;501;2025-10-30;Cartao de Credito;Entregue;129.3
2970;786;2024-09-11;Pix;Cancelado;109.86
2971;1614;2025-06-09;Cartao de Credito;Em Transito;182.31
2972;1156;2026-04-03;Pix;Entregue;36.28
2973;506;2025-08-11;Pix;Entregue com Atraso;266.23
2974;1745;2026-07-14;Cartao de Credito;Entregue;47.39
2975;1266;2024-08-03;Boleto;Entregue;15.0
2976;1731;2025-01-09;Cartao de Credito;Cancelado;47.33
2977;757;2025-09-11;Boleto;Entregue;272.67
2978;1780;2025-11-02;Pix;Entregue com Atraso;220.29
2979;1412;2025-05-30;Cartao de Credito;Entregue;15.0
2980;541;2026-01-07;Pix;Entregue;689.23
2981;1767;2025-03-26;Pix;Entregue;30.38
2982;618;2024-09-25;Boleto;Entregue;78.97
2983;36;2026-07-12;Cartao de Debito;Entregue;385.96
2984;840;2024-11-04;Boleto;Entregue;225.1
2985;1286;2025-01-31;Cartao de Credito;Entregue;62.82
2986;306;2025-12-26;Pix;Em Transito;27.97
2987;59;2025-07-07;Pix;Entregue;163.6
2988;1323;2026-06-01;Pix;Entregue;32.73
2989;224;2025-10-26;Cartao de Credito;Entregue com Atraso;31.02
2990;1013;2026-01-27;Pix;Entregue com Atraso;60.04
2991;1202;2026-03-20;Boleto;Cancelado;44.66
2992;1562;2025-04-10;Cartao de Credito;Entregue;219.58
2993;666;2025-12-08;Boleto;Cancelado;171.2
2994;1487;2025-01-24;Pix;Entregue;67.66
2995;203;2025-05-03;Pix;Entregue;93.55
2996;1239;2025-10-16;Boleto;Entregue;107.71
2997;1777;2024-11-18;Cartao de Credito;Entregue;14.25
2998;966;2024-09-14;Boleto;Entregue;172.76
2999;1457;2024-12-01;Boleto;Em Transito;197.18
3000;30;2026-01-10;Pix;Entregue;329.2
3001;1498;2025-07-15;Cartao de Debito;Entregue;129.99
3002;1465;2025-10-17;Boleto;Entregue;592.87
3003;1800;2024-11-08;Pix;Entregue;129.25
3004;136;2025-05-25;Cartao de Debito;Cancelado;167.06
3005;727;2025-01-10;Cartao de Credito;Entregue com Atraso;105.53
3006;487;2026-07-08;Pix;Entregue;112.11
3007;771;2026-07-05;Cartao de Credito;Entregue com Atraso;275.88
3008;1044;2025-07-20;Boleto;Entregue;200.05
3009;604;2024-12-12;Boleto;Entregue com Atraso;158.41
3010;1756;2026-02-17;Cartao de Debito;Entregue;186.64
3011;1202;2026-03-06;Cartao de Credito;Entregue com Atraso;166.81
3012;452;2024-09-07;Pix;Entregue;228.42
3013;1020;2026-01-05;Cartao de Credito;Entregue;46.32
3014;331;2026-06-12;Cartao de Debito;Entregue;19.9
3015;442;2026-02-03;Cartao de Credito;Entregue com Atraso;108.15
3016;1318;2025-07-19;Cartao de Debito;Entregue;135.3
3017;1670;2024-12-16;Boleto;Entregue;205.07
3018;702;2026-03-09;Cartao de Credito;Entregue;95.24
3019;396;2025-04-02;Pix;Entregue;122.81
3020;1597;2025-10-07;Pix;Cancelado;35.91
3021;90;2024-11-08;Cartao de Credito;Em Transito;22.26
3022;1298;2026-02-23;Cartao de Credito;Entregue;211.77
3023;1383;2025-07-21;Pix;Entregue;265.89
3024;1344;2025-11-10;Pix;Entregue;115.71
3025;352;2024-11-11;Cartao de Debito;Entregue;38.13
3026;960;2026-03-20;Boleto;Entregue com Atraso;377.96
3027;1310;2026-06-15;Cartao de Credito;Entregue;71.45
3028;1079;2025-11-01;Boleto;Entregue;131.33
3029;1223;2025-01-29;Pix;Entregue;147.37
3030;777;2026-06-13;Pix;Entregue;420.89
3031;1654;2025-03-19;Boleto;Entregue;96.85
3032;210;2026-02-25;Cartao de Credito;Entregue;17.23
3033;161;2025-05-15;Pix;Entregue;96.14
3034;1476;2025-05-27;Boleto;Entregue;40.35
3035;278;2024-12-17;Cartao de Credito;Entregue;95.73
3036;1202;2026-04-03;Cartao de Credito;Entregue;91.09
3037;466;2026-03-20;Boleto;Entregue com Atraso;178.5
3038;1194;2024-08-09;Cartao de Credito;Entregue;428.57
3039;1721;2025-10-08;Cartao de Credito;Entregue;133.11
3040;226;2025-11-19;Cartao de Credito;Entregue;71.46
3041;1325;2025-03-29;Cartao de Credito;Cancelado;146.37
3042;1385;2024-12-12;Cartao de Credito;Entregue com Atraso;83.15
3043;1197;2024-08-10;Cartao de Credito;Entregue;47.45
3044;844;2026-05-07;Boleto;Entregue;165.81
3045;718;2026-07-26;Cartao de Debito;Entregue;79.03
3046;825;2025-01-22;Cartao de Credito;Entregue;49.07
3047;1777;2024-09-21;Cartao de Credito;Entregue;107.48
3048;669;2024-12-26;Boleto;Entregue;97.82
3049;595;2024-08-11;Pix;Entregue;15.0
3050;1229;2026-05-31;Pix;Entregue com Atraso;70.7
3051;1151;2026-04-15;Cartao de Credito;Entregue;536.2
3052;592;2026-05-07;Pix;Entregue;232.81
3053;100;2026-01-05;Pix;Entregue com Atraso;384.78
3054;1311;2026-06-18;Pix;Entregue;33.91
3055;300;2026-04-02;Cartao de Credito;Entregue com Atraso;19.9
3056;656;2026-01-12;Pix;Entregue com Atraso;135.23
3057;1656;2025-08-29;Pix;Entregue;55.68
3058;1461;2025-12-03;Cartao de Credito;Entregue;308.4
3059;1038;2025-11-26;Boleto;Entregue;50.66
3060;966;2024-10-17;Cartao de Credito;Entregue;201.87
3061;675;2026-03-28;Cartao de Credito;Entregue;20.27
3062;618;2026-04-07;Cartao de Credito;Entregue;51.73
3063;998;2026-06-16;Cartao de Credito;Cancelado;42.64
3064;266;2025-01-29;Pix;Entregue;62.12
3065;1104;2024-11-15;Cartao de Credito;Em Transito;98.05
3066;866;2025-01-08;Pix;Entregue;189.71
3067;1323;2024-12-04;Cartao de Debito;Cancelado;190.65
3068;573;2025-07-26;Boleto;Entregue com Atraso;24.29
3069;20;2024-08-02;Pix;Entregue;177.62
3070;1714;2025-08-21;Cartao de Credito;Entregue;106.33
3071;821;2026-03-11;Pix;Entregue;228.52
3072;338;2025-12-10;Cartao de Credito;Entregue;226.95
3073;537;2025-06-24;Cartao de Debito;Entregue;72.72
3074;301;2024-10-17;Cartao de Credito;Cancelado;184.91
3075;1055;2026-04-14;Pix;Entregue;15.0
3076;386;2025-10-26;Pix;Entregue;45.39
3077;1558;2025-11-07;Cartao de Credito;Entregue;141.95
3078;712;2025-10-20;Cartao de Credito;Entregue;35.91
3079;513;2025-10-24;Pix;Entregue;48.55
3080;696;2024-10-14;Boleto;Em Transito;40.07
3081;838;2025-08-18;Pix;Em Transito;40.52
3082;1650;2025-06-28;Pix;Entregue;24.29
3083;988;2025-05-19;Cartao de Credito;Entregue com Atraso;12.75
3084;537;2024-12-07;Boleto;Entregue com Atraso;111.56
3085;1757;2025-09-21;Cartao de Credito;Entregue;228.97
3086;1037;2025-01-08;Pix;Entregue com Atraso;51.76
3087;1008;2026-05-07;Cartao de Credito;Entregue;226.43
3088;1680;2025-04-11;Cartao de Credito;Em Transito;418.79
3089;763;2026-03-06;Pix;Entregue;56.9
3090;1229;2025-05-27;Cartao de Credito;Entregue;26.21
3091;1695;2024-08-28;Pix;Entregue;14.25
3092;266;2025-07-31;Cartao de Credito;Entregue;48.76
3093;567;2024-10-20;Pix;Entregue;19.9
3094;991;2025-10-27;Cartao de Credito;Entregue com Atraso;45.08
3095;1510;2026-02-18;Pix;Entregue;85.7
3096;989;2024-08-03;Cartao de Credito;Entregue com Atraso;18.14
3097;396;2026-04-27;Cartao de Debito;Entregue;109.38
3098;770;2025-02-03;Cartao de Credito;Entregue;46.32
3099;1373;2025-02-04;Pix;Cancelado;218.01
3100;849;2024-08-03;Boleto;Entregue;76.26
3101;959;2024-09-04;Pix;Entregue;382.84
3102;1672;2025-11-30;Pix;Cancelado;163.24
3103;1645;2025-07-01;Cartao de Credito;Entregue com Atraso;306.34
3104;819;2026-06-06;Cartao de Credito;Cancelado;51.44
3105;1311;2026-05-29;Pix;Entregue;18.14
3106;606;2025-11-02;Cartao de Credito;Entregue;45.17
3107;532;2024-11-25;Cartao de Credito;Entregue;20.01
3108;1331;2026-03-17;Cartao de Credito;Entregue;13.5
3109;1461;2024-10-28;Cartao de Credito;Entregue;22.66
3110;30;2025-05-10;Pix;Entregue;131.74
3111;992;2024-09-04;Cartao de Debito;Entregue;18.14
3112;1605;2026-04-30;Pix;Em Transito;110.28
3113;618;2026-05-27;Cartao de Credito;Entregue;229.41
3114;606;2026-01-05;Cartao de Debito;Entregue;97.26
3115;1376;2025-05-31;Boleto;Entregue;172.45
3116;1132;2026-07-29;Pix;Entregue com Atraso;63.92
3117;1703;2026-02-13;Cartao de Credito;Entregue com Atraso;78.15
3118;19;2026-03-13;Cartao de Credito;Entregue com Atraso;38.89
3119;132;2024-08-15;Cartao de Debito;Entregue;367.87
3120;1643;2024-11-14;Cartao de Credito;Entregue;361.0
3121;484;2025-09-23;Cartao de Credito;Entregue;24.29
3122;784;2024-12-09;Pix;Entregue;180.25
3123;1669;2026-05-17;Pix;Entregue;36.22
3124;1168;2026-04-24;Boleto;Entregue;334.39
3125;1486;2025-04-16;Pix;Em Transito;13.5
3126;666;2025-10-15;Cartao de Credito;Cancelado;139.55
3127;531;2025-08-13;Cartao de Credito;Entregue;173.39
3128;1470;2024-12-17;Cartao de Credito;Entregue;70.12
3129;1615;2025-11-30;Pix;Entregue;122.22
3130;1229;2025-02-11;Cartao de Credito;Entregue;80.22
3131;263;2025-10-15;Pix;Entregue com Atraso;111.29
3132;656;2024-10-14;Boleto;Entregue;33.72
3133;659;2024-12-23;Boleto;Entregue;93.15
3134;915;2025-05-08;Pix;Entregue;19.02
3135;271;2025-02-09;Cartao de Credito;Entregue;79.35
3136;271;2025-11-25;Cartao de Credito;Entregue;70.97
3137;1267;2025-10-24;Cartao de Credito;Em Transito;88.33
3138;1055;2025-05-27;Boleto;Entregue;26.21
3139;1229;2026-03-12;Cartao de Credito;Entregue;65.67
3140;1151;2025-12-20;Cartao de Credito;Em Transito;93.14
3141;8;2026-07-05;Cartao de Credito;Entregue;36.53
3142;352;2025-02-12;Cartao de Credito;Entregue;259.73
3143;566;2025-03-01;Pix;Entregue;174.09
3144;1195;2024-11-07;Pix;Entregue;445.84
3145;786;2026-02-02;Cartao de Credito;Entregue;229.98
3146;1715;2024-10-13;Cartao de Credito;Entregue;175.87
3147;683;2025-10-11;Cartao de Credito;Entregue;146.56
3148;728;2024-12-23;Pix;Cancelado;49.7
3149;992;2026-04-12;Cartao de Credito;Em Transito;699.18
3150;1715;2024-12-07;Cartao de Credito;Entregue;32.9
3151;1602;2025-12-22;Cartao de Debito;Entregue;242.72
3152;1019;2026-04-19;Pix;Entregue;635.59
3153;999;2026-06-21;Cartao de Debito;Entregue;15.0
3154;945;2025-11-08;Cartao de Credito;Entregue;80.78
3155;1605;2025-01-06;Cartao de Credito;Entregue;449.13
3156;882;2026-01-08;Boleto;Em Transito;20.87
3157;1109;2024-10-04;Cartao de Credito;Entregue;375.57
3158;243;2025-11-08;Pix;Entregue;137.32
3159;874;2025-08-12;Cartao de Credito;Entregue;45.69
3160;841;2026-05-07;Boleto;Entregue;64.49
3161;1754;2026-05-28;Cartao de Credito;Entregue;336.74
3162;1109;2024-09-25;Pix;Entregue;113.63
3163;388;2024-11-21;Boleto;Entregue;30.38
3164;151;2025-09-20;Cartao de Credito;Em Transito;276.76
3165;325;2025-08-28;Cartao de Credito;Entregue;48.76
3166;702;2025-03-21;Cartao de Credito;Entregue;98.05
3167;193;2024-10-05;Pix;Entregue;23.54
3168;1658;2025-04-14;Cartao de Credito;Entregue com Atraso;63.23
3169;11;2025-07-07;Pix;Entregue;229.03
3170;659;2025-04-28;Cartao de Credito;Entregue;22.28
3171;949;2025-08-21;Pix;Entregue;18.28
3172;543;2025-01-19;Cartao de Debito;Entregue;34.7
3173;1054;2025-08-12;Pix;Entregue;27.02
3174;1122;2026-04-25;Boleto;Entregue;193.9
3175;1507;2026-01-19;Pix;Entregue com Atraso;97.26
3176;844;2024-11-17;Cartao de Credito;Cancelado;21.33
3177;285;2026-07-20;Boleto;Entregue;45.0
3178;135;2026-06-20;Cartao de Debito;Entregue;200.22
3179;1176;2026-02-07;Cartao de Credito;Entregue com Atraso;41.22
3180;1760;2024-11-01;Cartao de Debito;Entregue;528.15
3181;944;2026-05-28;Cartao de Credito;Entregue;275.42
3182;1643;2025-05-25;Boleto;Entregue com Atraso;107.61
3183;136;2025-10-06;Boleto;Entregue;249.2
3184;540;2025-09-10;Cartao de Debito;Entregue;590.86
3185;918;2025-09-14;Cartao de Credito;Entregue;216.02
3186;886;2025-10-09;Cartao de Credito;Entregue;108.04
3187;388;2026-05-31;Cartao de Credito;Entregue;185.95
3188;22;2025-12-22;Pix;Entregue com Atraso;34.11
3189;1229;2025-06-25;Pix;Entregue;59.78
3190;26;2024-11-18;Pix;Entregue;82.5
3191;1474;2026-04-16;Pix;Entregue;67.87
3192;661;2025-04-05;Cartao de Credito;Entregue com Atraso;70.84
3193;841;2024-10-24;Cartao de Debito;Entregue;145.62
3194;495;2024-08-19;Pix;Entregue;46.08
3195;1658;2025-01-04;Pix;Entregue;58.07
3196;727;2025-02-27;Pix;Entregue;72.32
3197;1533;2024-09-06;Boleto;Entregue com Atraso;148.27
3198;1176;2025-09-08;Pix;Entregue;95.46
3199;1577;2025-03-03;Cartao de Credito;Entregue;91.09
3200;1467;2026-07-27;Boleto;Entregue;30.0
3201;325;2025-11-15;Pix;Cancelado;33.59
3202;1174;2025-12-20;Cartao de Credito;Entregue;112.28
3203;1609;2025-01-02;Cartao de Credito;Entregue;15.0
3204;203;2026-05-28;Pix;Entregue;69.69
3205;244;2025-07-04;Cartao de Credito;Em Transito;152.15
3206;1228;2025-12-17;Pix;Entregue com Atraso;166.78
3207;631;2024-12-31;Cartao de Credito;Entregue com Atraso;91.26
3208;1058;2024-10-27;Cartao de Credito;Entregue;84.48
3209;354;2026-06-24;Cartao de Credito;Em Transito;47.75
3210;1359;2025-05-23;Pix;Em Transito;88.76
3211;416;2025-01-22;Cartao de Debito;Entregue;337.06
3212;567;2026-03-22;Boleto;Entregue;324.12
3213;313;2025-03-19;Cartao de Debito;Entregue;506.77
3214;125;2024-11-18;Pix;Entregue;211.77
3215;972;2025-04-10;Pix;Entregue;82.74
3216;1405;2025-10-31;Cartao de Credito;Entregue;18.71
3217;573;2025-10-25;Boleto;Em Transito;31.08
3218;601;2026-01-02;Pix;Entregue com Atraso;82.15
3219;1430;2024-12-18;Pix;Entregue;79.9
3220;401;2024-10-11;Cartao de Debito;Entregue;32.9
3221;432;2024-09-04;Pix;Entregue;91.26
3222;1602;2026-07-16;Pix;Entregue com Atraso;26.43
3223;1266;2026-07-15;Cartao de Credito;Entregue;460.07
3224;1702;2025-12-11;Pix;Entregue;62.78
3225;1574;2024-08-15;Cartao de Credito;Em Transito;101.78
3226;1745;2025-06-02;Cartao de Credito;Entregue;35.91
3227;1394;2025-06-25;Cartao de Credito;Entregue;42.16
3228;618;2025-03-13;Cartao de Credito;Em Transito;18.81
3229;825;2025-01-10;Cartao de Debito;Entregue com Atraso;140.65
3230;1738;2024-08-24;Boleto;Entregue;185.98
3231;1245;2026-07-15;Pix;Entregue com Atraso;610.8
3232;154;2025-08-14;Cartao de Debito;Entregue;89.67
3233;1385;2024-09-19;Cartao de Credito;Entregue;33.4
3234;131;2025-04-21;Boleto;Entregue;235.39
3235;501;2025-10-18;Cartao de Credito;Entregue;29.77
3236;62;2025-05-27;Pix;Entregue;42.06
3237;388;2026-01-31;Boleto;Entregue;68.66
3238;1055;2024-12-24;Boleto;Entregue;36.53
3239;364;2024-09-10;Pix;Entregue;161.55
3240;108;2026-06-23;Cartao de Credito;Entregue;73.63
3241;1518;2025-12-23;Cartao de Credito;Entregue;62.21
3242;356;2024-11-12;Pix;Entregue;198.1
3243;1657;2025-05-12;Cartao de Credito;Entregue;162.87
3244;337;2026-07-01;Cartao de Credito;Cancelado;491.93
3245;447;2025-10-29;Pix;Entregue;166.24
3246;605;2026-03-12;Cartao de Credito;Entregue com Atraso;498.1
3247;1611;2025-03-29;Boleto;Entregue com Atraso;153.17
3248;1420;2025-12-20;Pix;Entregue;119.95
3249;468;2026-03-09;Pix;Entregue;68.94
3250;966;2024-12-04;Pix;Entregue com Atraso;44.22
3251;1318;2026-07-10;Pix;Entregue;35.11
3252;1169;2025-03-04;Cartao de Credito;Entregue;115.2
3253;825;2026-03-12;Cartao de Credito;Entregue;175.97
3254;1189;2025-05-12;Boleto;Entregue;56.42
3255;1693;2024-09-26;Cartao de Credito;Entregue;348.84
3256;825;2025-06-28;Cartao de Credito;Entregue;294.6
3257;618;2025-07-11;Pix;Entregue;220.93
3258;388;2025-07-13;Pix;Cancelado;294.15
3259;1022;2025-07-16;Cartao de Debito;Entregue com Atraso;129.55
3260;1356;2025-11-30;Cartao de Credito;Entregue;142.83
3261;1677;2025-01-09;Pix;Entregue;25.88
3262;786;2026-04-17;Pix;Entregue com Atraso;80.71
3263;488;2025-01-24;Pix;Entregue com Atraso;121.46
3264;255;2025-12-16;Cartao de Credito;Cancelado;55.52
3265;37;2026-07-05;Pix;Entregue;184.69
3266;957;2025-12-05;Pix;Entregue;15.0
3267;370;2025-06-12;Boleto;Entregue;27.15
3268;1478;2025-10-17;Pix;Entregue com Atraso;109.75
3269;1105;2024-11-29;Pix;Entregue;148.69
3270;175;2025-10-20;Cartao de Debito;Entregue;106.71
3271;356;2025-03-25;Pix;Em Transito;236.64
3272;1206;2025-05-21;Boleto;Entregue;50.66
3273;572;2026-02-15;Pix;Entregue;237.01
3274;384;2024-10-16;Pix;Entregue;361.22
3275;1229;2024-12-26;Cartao de Credito;Entregue;112.75
3276;1034;2025-05-02;Boleto;Entregue;482.64
3277;911;2025-12-05;Cartao de Credito;Entregue com Atraso;121.36
3278;822;2026-07-23;Boleto;Entregue com Atraso;169.26
3279;185;2025-06-21;Pix;Entregue;142.9
3280;1430;2026-03-04;Cartao de Credito;Entregue;110.51
3281;539;2025-09-10;Cartao de Credito;Entregue;38.89
3282;119;2024-10-21;Cartao de Credito;Entregue;36.63
3283;410;2024-11-02;Boleto;Entregue;60.64
3284;361;2025-11-05;Cartao de Credito;Cancelado;718.55
3285;388;2026-04-02;Pix;Entregue;109.9
3286;1187;2025-05-24;Pix;Entregue;85.19
3287;287;2025-01-11;Cartao de Debito;Entregue;21.32
3288;691;2025-05-04;Boleto;Entregue;159.73
3289;120;2026-02-22;Pix;Entregue;150.84
3290;1102;2026-05-05;Pix;Entregue com Atraso;25.88
3291;1598;2025-05-08;Boleto;Cancelado;140.42
3292;1505;2025-07-07;Cartao de Credito;Entregue;54.95
3293;735;2025-04-25;Boleto;Entregue;348.32
3294;194;2026-01-13;Cartao de Credito;Entregue com Atraso;23.08
3295;1393;2025-08-27;Cartao de Credito;Cancelado;62.39
3296;1536;2025-07-29;Cartao de Debito;Entregue;91.09
3297;1720;2024-09-17;Cartao de Credito;Entregue com Atraso;73.26
3298;248;2025-04-24;Boleto;Entregue com Atraso;98.92
3299;613;2024-12-05;Cartao de Credito;Entregue;134.86
3300;825;2025-05-28;Cartao de Credito;Entregue;113.14
3301;1749;2026-06-07;Pix;Entregue;12.75
3302;402;2025-08-04;Pix;Entregue;241.53
3303;56;2025-12-20;Pix;Entregue;238.49
3304;995;2025-01-31;Pix;Cancelado;22.66
3305;1658;2025-12-07;Boleto;Entregue;110.92
3306;428;2026-03-24;Boleto;Entregue;18.81
3307;659;2025-11-07;Cartao de Debito;Entregue com Atraso;28.97
3308;1383;2024-09-25;Boleto;Entregue;91.26
3309;1058;2025-05-02;Boleto;Entregue;484.27
3310;168;2026-06-19;Boleto;Entregue;30.02
3311;178;2024-08-15;Boleto;Entregue;182.18
3312;129;2025-09-18;Boleto;Entregue;25.67
3313;116;2025-08-16;Cartao de Debito;Entregue;474.24
3314;631;2025-09-11;Cartao de Debito;Entregue com Atraso;35.02
3315;1761;2025-08-20;Pix;Entregue;15.0
3316;1559;2025-08-04;Cartao de Credito;Entregue;308.16
3317;1645;2026-01-31;Cartao de Debito;Entregue;59.74
3318;1152;2025-10-22;Cartao de Credito;Entregue;127.4
3319;1321;2025-05-11;Pix;Entregue;199.88
3320;697;2026-03-02;Boleto;Entregue;79.72
3321;1145;2025-06-19;Pix;Entregue com Atraso;61.23
3322;956;2024-08-25;Cartao de Credito;Entregue;72.87
3323;1692;2024-09-18;Cartao de Credito;Entregue;78.99
3324;1668;2025-07-02;Cartao de Debito;Entregue;320.97
3325;45;2025-01-11;Pix;Entregue;228.5
3326;1503;2024-09-27;Cartao de Credito;Entregue;106.71
3327;914;2026-06-20;Boleto;Entregue com Atraso;13.34
3328;1118;2026-07-10;Cartao de Credito;Entregue;55.7
3329;1460;2024-11-13;Cartao de Credito;Cancelado;105.65
3330;1426;2025-01-05;Pix;Entregue com Atraso;86.35
3331;1649;2025-04-29;Pix;Entregue;186.85
3332;666;2025-02-20;Pix;Entregue;65.93
3333;383;2025-02-27;Pix;Entregue;153.29
3334;129;2025-03-16;Boleto;Entregue;33.59
3335;794;2026-06-26;Pix;Entregue;139.39
3336;1082;2025-05-14;Cartao de Credito;Entregue;84.36
3337;1670;2024-11-19;Pix;Entregue;197.69
3338;375;2025-05-15;Cartao de Credito;Entregue com Atraso;15.0
3339;1325;2024-11-15;Pix;Entregue;171.53
3340;1356;2026-02-11;Cartao de Debito;Em Transito;32.97
3341;1173;2025-09-03;Cartao de Credito;Entregue;97.26
3342;792;2025-09-28;Pix;Entregue;633.03
3343;314;2025-11-19;Pix;Entregue;185.88
3344;1186;2026-06-03;Boleto;Entregue;15.92
3345;325;2026-05-27;Pix;Em Transito;145.27
3346;1405;2026-06-29;Cartao de Debito;Entregue;175.99
3347;136;2025-11-04;Pix;Entregue;13.5
3348;1787;2025-10-28;Cartao de Credito;Entregue;183.21
3349;631;2025-04-22;Cartao de Credito;Entregue;184.92
3350;454;2025-04-19;Pix;Entregue com Atraso;61.52
3351;184;2024-10-11;Pix;Entregue;24.9
3352;553;2025-06-24;Cartao de Debito;Entregue;61.22
3353;18;2026-07-21;Cartao de Credito;Entregue;720.7
3354;1608;2025-07-08;Boleto;Entregue;50.91
3355;1456;2024-12-01;Boleto;Entregue;42.16
3356;505;2025-04-16;Cartao de Credito;Entregue com Atraso;245.68
3357;1109;2025-09-23;Pix;Entregue;38.04
3358;505;2025-09-15;Cartao de Credito;Entregue;36.53
3359;702;2024-11-28;Pix;Entregue;76.35
3360;1523;2025-01-01;Cartao de Credito;Entregue;19.9
3361;1095;2025-11-18;Cartao de Credito;Cancelado;121.36
3362;42;2025-06-18;Cartao de Debito;Entregue;30.34
3363;429;2025-09-21;Pix;Entregue;290.89
3364;1605;2024-10-28;Cartao de Credito;Entregue;34.49
3365;1645;2025-02-22;Pix;Em Transito;103.31
3366;7;2025-09-13;Cartao de Credito;Entregue com Atraso;15.0
3367;712;2024-09-07;Pix;Entregue;17.94
3368;152;2024-09-18;Pix;Entregue;15.0
3369;622;2025-06-15;Cartao de Debito;Entregue;110.21
3370;1523;2024-12-12;Pix;Em Transito;165.65
3371;582;2024-12-12;Cartao de Credito;Entregue;57.24
3372;1721;2025-01-09;Cartao de Credito;Cancelado;172.69
3373;194;2025-11-02;Cartao de Credito;Entregue;84.98
3374;1645;2024-08-01;Pix;Entregue;352.61
3375;621;2025-10-16;Pix;Em Transito;67.59
3376;1599;2026-06-20;Boleto;Entregue;302.4
3377;1658;2026-03-01;Cartao de Debito;Entregue;17.54
3378;301;2026-01-25;Pix;Entregue com Atraso;13.5
3379;732;2025-05-08;Pix;Entregue;62.52
3380;1356;2025-03-21;Cartao de Credito;Entregue com Atraso;46.21
3381;945;2025-12-24;Pix;Entregue com Atraso;270.42
3382;1645;2025-12-06;Cartao de Credito;Em Transito;226.07
3383;1555;2024-08-23;Cartao de Credito;Entregue;112.83
3384;1146;2024-12-13;Cartao de Credito;Entregue;46.62
3385;1737;2024-09-21;Cartao de Debito;Em Transito;23.19
3386;1159;2025-11-24;Pix;Entregue;28.5
3387;417;2026-06-26;Cartao de Debito;Em Transito;19.43
3388;405;2025-02-26;Cartao de Debito;Entregue;105.17
3389;131;2025-04-03;Pix;Entregue;54.84
3390;1379;2025-05-03;Boleto;Entregue;370.14
3391;573;2025-01-03;Cartao de Credito;Entregue;41.22
3392;995;2026-03-21;Cartao de Credito;Entregue;250.8
3393;1671;2026-06-04;Boleto;Em Transito;15.0
3394;1721;2025-12-21;Pix;Entregue;189.73
3395;884;2025-07-03;Cartao de Credito;Cancelado;33.05
3396;367;2026-03-03;Boleto;Entregue com Atraso;43.7
3397;1431;2026-02-10;Pix;Cancelado;501.0
3398;1090;2026-03-15;Cartao de Credito;Entregue;149.67
3399;1788;2024-11-10;Cartao de Credito;Entregue;74.05
3400;1042;2025-03-22;Cartao de Credito;Entregue;77.04
3401;1311;2025-11-19;Cartao de Credito;Entregue;29.89
3402;78;2025-12-24;Pix;Entregue;173.92
3403;1570;2024-09-27;Boleto;Entregue;44.37
3404;366;2026-04-21;Pix;Entregue;30.0
3405;1083;2025-01-22;Pix;Entregue;166.27
3406;1504;2025-08-30;Boleto;Entregue;347.04
3407;1176;2025-10-30;Cartao de Credito;Entregue;77.43
3408;678;2025-05-04;Cartao de Credito;Entregue;345.18
3409;644;2025-03-23;Pix;Entregue;191.61
3410;199;2026-02-06;Cartao de Credito;Entregue;135.01
3411;768;2024-10-19;Pix;Entregue com Atraso;166.56
3412;496;2025-05-06;Cartao de Debito;Entregue com Atraso;219.58
3413;825;2026-07-13;Cartao de Credito;Entregue;109.35
3414;850;2025-06-05;Cartao de Credito;Entregue;23.19
3415;1318;2025-01-03;Cartao de Credito;Entregue;72.82
3416;179;2025-08-20;Cartao de Debito;Entregue;153.99
3417;1082;2025-12-16;Pix;Entregue;241.19
3418;729;2025-09-11;Pix;Entregue;133.32
3419;838;2026-04-16;Pix;Entregue;91.16
3420;986;2025-05-05;Pix;Entregue com Atraso;269.55
3421;838;2026-02-28;Pix;Em Transito;90.89
3422;741;2026-01-26;Pix;Entregue;57.15
3423;904;2026-07-14;Cartao de Credito;Em Transito;400.72
3424;1425;2025-03-10;Cartao de Credito;Entregue com Atraso;136.18
3425;122;2024-08-19;Pix;Em Transito;111.36
3426;1677;2026-05-20;Boleto;Entregue com Atraso;373.86
3427;1376;2026-06-08;Cartao de Credito;Em Transito;67.64
3428;1412;2024-11-29;Boleto;Entregue com Atraso;193.43
3429;445;2026-03-18;Boleto;Entregue;105.81
3430;405;2025-04-19;Cartao de Debito;Entregue;78.91
3431;802;2026-01-30;Pix;Entregue;68.36
3432;1725;2025-05-26;Cartao de Credito;Entregue;86.45
3433;838;2026-02-22;Cartao de Debito;Entregue;146.17
3434;850;2026-07-30;Pix;Cancelado;28.73
3435;59;2024-09-30;Cartao de Credito;Entregue;201.13
3436;1101;2026-05-11;Cartao de Debito;Entregue;147.79
3437;388;2025-08-07;Cartao de Credito;Entregue;79.88
3438;427;2025-04-26;Cartao de Debito;Entregue com Atraso;263.72
3439;488;2026-07-12;Cartao de Credito;Entregue;67.64
3440;226;2026-05-26;Boleto;Entregue;190.01
3441;975;2025-08-07;Cartao de Debito;Entregue com Atraso;294.15
3442;27;2025-03-09;Pix;Entregue;98.95
3443;515;2025-04-15;Pix;Entregue;312.56
3444;1045;2025-10-17;Cartao de Credito;Entregue;218.51
3445;1523;2025-06-30;Boleto;Entregue com Atraso;21.41
3446;1105;2025-05-27;Cartao de Credito;Entregue com Atraso;110.9
3447;1046;2025-11-06;Cartao de Credito;Entregue;64.5
3448;966;2026-06-24;Cartao de Credito;Entregue;20.97
3449;1788;2025-08-18;Boleto;Entregue;12.75
3450;1308;2025-03-09;Boleto;Entregue com Atraso;112.14
3451;1205;2025-03-05;Pix;Entregue;336.86
3452;269;2025-03-17;Cartao de Debito;Em Transito;32.83
3453;664;2025-02-16;Boleto;Entregue;124.46
3454;966;2026-06-04;Cartao de Credito;Entregue;37.1
3455;236;2026-03-03;Pix;Entregue;14.25
3456;1582;2025-08-21;Cartao de Credito;Entregue com Atraso;54.07
3457;698;2026-01-24;Cartao de Credito;Entregue com Atraso;343.04
3458;571;2025-02-06;Pix;Entregue;243.54
3459;656;2026-04-05;Cartao de Credito;Cancelado;146.16
3460;979;2026-02-11;Pix;Entregue;135.84
3461;1609;2025-11-15;Cartao de Credito;Entregue;77.95
3462;1368;2025-09-28;Pix;Entregue;134.56
3463;1375;2025-05-06;Cartao de Credito;Entregue com Atraso;48.58
3464;1528;2026-07-29;Pix;Entregue;34.48
3465;1358;2024-10-14;Pix;Entregue;158.3
3466;678;2025-04-25;Cartao de Credito;Entregue;89.27
3467;1084;2026-07-11;Boleto;Entregue;46.32
3468;573;2024-08-08;Cartao de Credito;Entregue;44.38
3469;825;2024-08-18;Cartao de Credito;Entregue com Atraso;203.08
3470;769;2024-08-25;Boleto;Entregue;36.63
3471;164;2026-03-04;Cartao de Credito;Entregue;33.72
3472;1468;2025-11-14;Pix;Entregue com Atraso;201.15
3473;1714;2025-01-28;Cartao de Credito;Entregue;281.22
3474;740;2025-11-20;Pix;Em Transito;18.14
3475;1231;2026-03-09;Cartao de Debito;Entregue;101.32
3476;739;2025-02-08;Pix;Entregue;28.5
3477;684;2024-12-01;Pix;Entregue;213.2
3478;1061;2025-01-01;Cartao de Credito;Entregue;37.62
3479;1135;2025-10-04;Pix;Entregue;33.08
3480;853;2025-02-22;Cartao de Credito;Entregue;49.07
3481;1412;2025-06-02;Cartao de Credito;Entregue;15.84
3482;800;2025-04-04;Pix;Entregue;155.04
3483;468;2026-05-11;Cartao de Debito;Entregue;212.81
3484;903;2026-05-24;Cartao de Debito;Entregue;17.06
3485;192;2026-01-17;Pix;Entregue;161.56
3486;867;2025-07-24;Cartao de Credito;Cancelado;161.23
3487;1445;2025-11-16;Pix;Entregue;25.88
3488;292;2024-12-27;Pix;Em Transito;61.98
3489;1299;2026-05-14;Pix;Entregue com Atraso;51.04
3490;1757;2024-10-22;Boleto;Entregue com Atraso;26.68
3491;681;2025-05-30;Cartao de Credito;Entregue;52.42
3492;1229;2026-03-20;Cartao de Debito;Em Transito;41.28
3493;666;2024-08-16;Cartao de Debito;Cancelado;18.14
3494;791;2026-03-20;Cartao de Credito;Entregue;268.21
3495;604;2026-05-23;Pix;Entregue;36.63
3496;374;2024-08-07;Pix;Entregue;15.0
3497;314;2025-06-27;Cartao de Debito;Entregue;74.81
3498;54;2026-03-13;Cartao de Credito;Em Transito;114.53
3499;59;2026-02-14;Cartao de Credito;Entregue;33.59
3500;1512;2025-09-20;Pix;Em Transito;109.42
3501;969;2026-03-23;Pix;Entregue;193.43
3502;1500;2025-08-27;Cartao de Credito;Entregue;35.91
3503;1450;2025-08-27;Cartao de Credito;Em Transito;171.35
3504;1688;2025-04-11;Boleto;Entregue com Atraso;123.08
3505;316;2025-10-17;Cartao de Credito;Entregue;220.38
3506;441;2026-06-24;Boleto;Entregue;16.17
3507;1202;2026-02-06;Boleto;Entregue;122.15
3508;59;2025-07-24;Cartao de Credito;Entregue com Atraso;183.53
3509;1202;2025-03-19;Boleto;Entregue;420.04
3510;1283;2025-07-03;Cartao de Credito;Entregue;19.9
3511;867;2025-06-10;Cartao de Credito;Entregue com Atraso;19.08
3512;215;2025-06-13;Cartao de Credito;Entregue;77.95
3513;215;2026-07-10;Cartao de Debito;Entregue;96.67
3514;415;2025-12-01;Cartao de Credito;Cancelado;230.48
3515;1749;2025-04-29;Cartao de Credito;Entregue;21.41
3516;1523;2025-01-01;Cartao de Debito;Entregue com Atraso;15.0
3517;1138;2025-10-16;Cartao de Credito;Entregue;81.6
3518;1546;2025-10-13;Pix;Entregue;130.68
3519;1791;2025-02-14;Cartao de Credito;Entregue;244.66
3520;825;2025-01-22;Cartao de Credito;Entregue;123.55
3521;1468;2025-06-28;Cartao de Debito;Entregue com Atraso;12.75
3522;367;2026-05-30;Cartao de Credito;Entregue;93.87
3523;975;2026-05-25;Pix;Entregue;33.59
3524;1202;2025-11-29;Pix;Cancelado;65.46
3525;955;2024-09-18;Boleto;Entregue com Atraso;19.61
3526;1315;2026-06-19;Cartao de Credito;Entregue;146.56
3527;316;2024-10-07;Pix;Entregue;284.01
3528;397;2025-10-19;Boleto;Entregue;106.17
3529;1070;2025-02-23;Pix;Cancelado;21.32
3530;1613;2026-01-20;Boleto;Entregue;132.38
3531;844;2026-02-26;Pix;Entregue;229.59
3532;1372;2024-11-14;Pix;Entregue;315.81
3533;450;2025-06-15;Cartao de Credito;Entregue com Atraso;61.95
3534;1229;2026-01-26;Pix;Entregue;87.38
3535;1202;2025-10-29;Pix;Entregue;306.29
3536;998;2025-01-06;Cartao de Debito;Entregue com Atraso;271.3
3537;931;2024-12-31;Cartao de Credito;Cancelado;36.53
3538;918;2024-11-10;Boleto;Entregue;46.56
3539;1318;2025-03-25;Cartao de Debito;Entregue com Atraso;21.15
3540;515;2025-12-17;Cartao de Credito;Entregue;70.82
3541;192;2025-01-10;Cartao de Credito;Entregue;76.16
3542;998;2026-07-21;Cartao de Credito;Em Transito;173.62
3543;1229;2026-05-18;Cartao de Credito;Entregue;81.99
3544;765;2026-02-13;Cartao de Credito;Entregue;205.4
3545;626;2025-11-07;Pix;Entregue;59.38
3546;133;2026-06-29;Cartao de Debito;Entregue;142.41
3547;1115;2025-08-22;Cartao de Credito;Entregue;19.19
3548;712;2026-05-18;Cartao de Credito;Entregue;78.02
3549;131;2025-09-12;Boleto;Entregue com Atraso;398.73
3550;812;2026-02-14;Cartao de Debito;Entregue;45.06
3551;765;2024-11-13;Pix;Entregue;94.42
3552;839;2025-08-11;Pix;Entregue;130.98
3553;1633;2025-12-21;Pix;Entregue com Atraso;272.25
3554;525;2024-09-22;Pix;Entregue;42.93
3555;754;2026-06-22;Boleto;Entregue;106.71
3556;1427;2025-01-16;Cartao de Credito;Entregue;94.95
3557;154;2025-03-07;Cartao de Credito;Entregue;222.92
3558;698;2025-02-12;Cartao de Credito;Cancelado;27.82
3559;978;2026-05-07;Cartao de Credito;Entregue com Atraso;207.6
3560;59;2024-11-19;Cartao de Credito;Entregue;45.0
3561;481;2024-11-16;Cartao de Credito;Entregue com Atraso;27.0
3562;1104;2025-01-16;Cartao de Credito;Entregue com Atraso;128.85
3563;129;2025-01-15;Cartao de Credito;Entregue;456.57
3564;101;2026-05-19;Cartao de Credito;Entregue;482.64
3565;133;2026-06-29;Cartao de Credito;Cancelado;33.04
3566;861;2025-08-24;Cartao de Debito;Entregue;295.39
3567;836;2026-03-27;Pix;Entregue;87.34
3568;1246;2026-07-06;Cartao de Credito;Entregue;196.86
3569;1716;2025-03-30;Pix;Entregue;200.63
3570;1091;2026-03-21;Cartao de Credito;Em Transito;52.66
3571;226;2026-07-11;Cartao de Credito;Entregue;202.26
3572;825;2025-08-06;Cartao de Credito;Entregue;134.56
3573;618;2025-11-15;Boleto;Entregue;108.44
3574;226;2025-04-16;Cartao de Credito;Entregue;47.71
3575;59;2025-06-18;Pix;Cancelado;72.83
3576;852;2024-08-01;Boleto;Entregue;31.91
3577;392;2026-04-08;Pix;Cancelado;239.38
3578;1800;2025-12-03;Pix;Entregue;201.49
3579;937;2025-02-02;Pix;Entregue com Atraso;366.2
3580;224;2024-08-11;Cartao de Debito;Entregue;140.47
3581;1468;2026-03-04;Pix;Entregue;122.62
3582;1426;2025-04-20;Cartao de Debito;Entregue;30.02
3583;316;2026-02-05;Pix;Entregue com Atraso;358.39
3584;18;2024-08-25;Boleto;Entregue;297.05
3585;68;2024-10-21;Pix;Em Transito;42.2
3586;560;2025-05-06;Boleto;Entregue;18.9
3587;1230;2024-12-27;Pix;Entregue;224.25
3588;574;2025-01-06;Cartao de Credito;Entregue;14.62
3589;153;2026-06-16;Cartao de Debito;Em Transito;240.19
3590;1147;2025-12-12;Boleto;Entregue;136.41
3591;1605;2025-08-06;Cartao de Credito;Entregue com Atraso;83.0
3592;1325;2025-05-15;Pix;Entregue;60.11
3593;1318;2026-04-25;Cartao de Credito;Cancelado;100.81
3594;1456;2024-12-07;Boleto;Entregue;312.65
3595;911;2026-07-30;Pix;Entregue;88.04
3596;831;2025-05-07;Pix;Entregue;262.48
3597;583;2025-05-03;Pix;Entregue;24.59
3598;1162;2024-11-20;Cartao de Credito;Cancelado;62.51
3599;2;2024-11-30;Cartao de Credito;Entregue;72.09
3600;1605;2024-12-09;Pix;Entregue;64.62
3601;1367;2025-03-04;Cartao de Credito;Entregue;261.07
3602;1136;2025-02-07;Pix;Entregue;62.32
3603;1342;2025-08-12;Pix;Em Transito;157.09
3604;1412;2025-10-28;Pix;Entregue;186.04
3605;352;2026-01-25;Cartao de Debito;Entregue;320.51
3606;131;2026-04-09;Pix;Entregue com Atraso;148.28
3607;1229;2024-08-19;Boleto;Entregue com Atraso;30.38
3608;1306;2026-05-18;Pix;Em Transito;219.2
3609;59;2025-07-16;Boleto;Entregue;35.04
3610;1644;2025-11-17;Cartao de Debito;Entregue;44.0
3611;462;2025-12-20;Cartao de Credito;Entregue;32.65
3612;1365;2024-08-14;Pix;Entregue;35.91
3613;1122;2026-06-20;Cartao de Credito;Entregue;76.48
3614;337;2026-06-29;Cartao de Debito;Entregue;12.75
3615;1605;2024-10-24;Cartao de Debito;Entregue com Atraso;41.5
3616;1781;2025-12-14;Pix;Entregue;84.44
3617;1240;2024-08-26;Pix;Entregue;111.31
3618;145;2026-01-20;Cartao de Credito;Entregue;45.0
3619;1713;2025-05-30;Cartao de Credito;Entregue com Atraso;221.38
3620;433;2025-09-12;Pix;Entregue;177.8
3621;798;2026-05-22;Cartao de Credito;Em Transito;93.79
3622;825;2026-04-15;Cartao de Credito;Entregue;92.52
3623;111;2025-07-20;Boleto;Entregue;40.18
3624;825;2024-08-22;Boleto;Entregue com Atraso;17.23
3625;1138;2025-05-14;Boleto;Em Transito;471.32
3626;1346;2026-02-02;Cartao de Credito;Entregue;42.66
3627;1104;2026-02-09;Cartao de Credito;Entregue com Atraso;104.25
3628;1358;2025-10-19;Boleto;Entregue com Atraso;15.0
3629;146;2025-11-26;Boleto;Entregue;209.09
3630;1377;2025-04-22;Pix;Cancelado;74.78
3631;903;2025-06-06;Cartao de Credito;Em Transito;20.28
3632;1658;2024-12-08;Cartao de Credito;Entregue;25.88
3633;959;2024-11-06;Cartao de Debito;Entregue com Atraso;220.52
3634;1470;2025-11-06;Cartao de Credito;Entregue;205.08
3635;841;2025-03-29;Cartao de Credito;Entregue;22.26
3636;836;2025-02-07;Cartao de Credito;Entregue;84.19
3637;1153;2025-12-17;Pix;Entregue com Atraso;77.52
3638;1125;2025-08-31;Cartao de Credito;Entregue com Atraso;331.8
3639;636;2024-11-08;Pix;Cancelado;67.05
3640;879;2025-07-11;Pix;Entregue;65.38
3641;1129;2025-03-24;Cartao de Credito;Entregue com Atraso;421.19
3642;804;2026-02-12;Pix;Entregue;48.64
3643;1189;2025-02-14;Cartao de Credito;Em Transito;476.41
3644;1028;2025-09-22;Cartao de Credito;Entregue;42.15
3645;1129;2025-04-12;Cartao de Credito;Entregue;128.62
3646;233;2026-05-18;Cartao de Credito;Entregue;36.63
3647;1266;2026-05-16;Cartao de Credito;Entregue com Atraso;25.35
3648;71;2025-06-16;Cartao de Credito;Entregue;37.72
3649;406;2025-02-08;Cartao de Credito;Entregue;244.46
3650;468;2024-11-15;Pix;Cancelado;196.28
3651;930;2025-07-06;Cartao de Debito;Entregue;54.75
3652;263;2026-02-18;Cartao de Credito;Entregue;309.45
3653;814;2026-07-01;Cartao de Credito;Entregue;30.38
3654;933;2024-11-26;Cartao de Credito;Entregue;19.9
3655;1351;2025-02-18;Cartao de Credito;Entregue;85.82
3656;468;2024-12-08;Cartao de Credito;Cancelado;156.27
3657;1240;2025-07-28;Cartao de Credito;Entregue;183.76
3658;199;2026-06-01;Cartao de Credito;Entregue;29.25
3659;1048;2026-05-30;Cartao de Credito;Entregue com Atraso;205.78
3660;841;2024-12-17;Boleto;Cancelado;59.36
3661;1088;2026-03-28;Cartao de Credito;Entregue;30.0
3662;1645;2024-08-03;Pix;Entregue;97.45
3663;1092;2025-09-03;Cartao de Credito;Entregue com Atraso;20.76
3664;462;2024-12-08;Boleto;Entregue;190.9
3665;777;2025-09-28;Cartao de Credito;Entregue;36.95
3666;225;2026-01-21;Boleto;Entregue;50.66
3667;367;2026-02-02;Cartao de Credito;Cancelado;147.3
3668;19;2024-10-12;Cartao de Credito;Entregue com Atraso;68.49
3669;1680;2025-02-26;Boleto;Entregue;191.61
3670;496;2025-07-23;Boleto;Entregue;501.7
3671;1003;2025-03-10;Cartao de Credito;Entregue com Atraso;33.06
3672;379;2026-03-20;Boleto;Entregue;217.28
3673;258;2025-03-24;Cartao de Debito;Entregue;274.32
3674;929;2026-04-16;Cartao de Credito;Entregue;184.16
3675;1233;2025-01-01;Pix;Entregue;51.0
3676;1672;2025-06-01;Cartao de Credito;Entregue;41.5
3677;834;2026-01-03;Pix;Entregue com Atraso;187.32
3678;147;2024-10-12;Pix;Entregue;18.14
3679;1378;2025-06-05;Pix;Entregue;111.48
3680;1368;2025-09-12;Cartao de Credito;Entregue;51.73
3681;36;2024-09-27;Pix;Entregue;28.4
3682;892;2025-03-04;Cartao de Debito;Entregue;447.32
3683;786;2026-04-07;Pix;Entregue;25.67
3684;388;2025-01-04;Cartao de Credito;Entregue;106.69
3685;631;2026-03-09;Pix;Entregue;140.21
3686;655;2025-11-28;Pix;Em Transito;380.66
3687;618;2024-12-14;Pix;Entregue;272.15
3688;29;2025-04-28;Boleto;Entregue;60.67
3689;825;2025-03-08;Cartao de Debito;Entregue com Atraso;393.29
3690;966;2024-08-26;Pix;Entregue;49.07
3691;735;2026-01-05;Pix;Entregue;57.15
3692;1154;2025-07-15;Boleto;Entregue;55.7
3693;1145;2026-01-03;Cartao de Credito;Entregue;37.34
3694;59;2026-06-14;Pix;Entregue;55.99
3695;1169;2024-10-07;Pix;Entregue;54.57
3696;608;2025-05-14;Cartao de Credito;Entregue;169.17
3697;939;2024-11-19;Pix;Entregue;115.38
3698;1122;2024-08-03;Boleto;Entregue;139.33
3699;838;2026-04-11;Cartao de Credito;Entregue;120.59
3700;1658;2026-06-13;Pix;Entregue;92.4
3701;966;2025-02-10;Cartao de Credito;Entregue;62.41
3702;1153;2024-08-29;Boleto;Entregue;30.38
3703;1509;2025-06-03;Cartao de Credito;Em Transito;318.58
3704;416;2025-12-21;Pix;Entregue;20.05
3705;633;2025-06-11;Cartao de Credito;Entregue com Atraso;93.01
3706;535;2025-06-23;Boleto;Entregue;131.65
3707;835;2025-03-01;Cartao de Credito;Em Transito;30.02
3708;239;2026-07-19;Cartao de Credito;Entregue;154.48
3709;690;2026-05-09;Boleto;Entregue;283.82
3710;452;2025-08-11;Cartao de Credito;Entregue;57.15
3711;1688;2024-09-08;Boleto;Entregue;15.0
3712;1211;2025-03-22;Cartao de Debito;Entregue com Atraso;28.52
3713;1658;2025-08-10;Cartao de Credito;Entregue com Atraso;74.09
3714;531;2025-11-25;Cartao de Credito;Entregue;38.3
3715;1426;2025-03-31;Cartao de Credito;Entregue;69.23
3716;7;2025-08-10;Pix;Em Transito;33.34
3717;494;2026-01-01;Pix;Entregue com Atraso;37.66
3718;411;2025-07-09;Cartao de Credito;Entregue;32.73
3719;1344;2026-02-21;Cartao de Credito;Entregue;73.16
3720;631;2025-08-04;Pix;Cancelado;216.71
3721;1050;2025-05-23;Cartao de Credito;Entregue;307.31
3722;1731;2024-09-09;Pix;Entregue;123.32
3723;442;2024-10-05;Pix;Em Transito;254.47
3724;1328;2024-11-02;Boleto;Cancelado;105.06
3725;729;2024-12-15;Boleto;Entregue;127.01
3726;236;2025-05-22;Cartao de Debito;Entregue;48.91
3727;442;2024-12-31;Cartao de Credito;Entregue;50.18
3728;973;2026-06-20;Cartao de Credito;Entregue;191.61
3729;177;2025-03-27;Cartao de Credito;Entregue com Atraso;116.63
3730;1605;2026-07-15;Pix;Entregue;126.67
3731;1082;2025-11-09;Pix;Em Transito;41.28
3732;358;2026-05-20;Pix;Entregue;42.82
3733;229;2025-02-09;Cartao de Debito;Entregue com Atraso;122.46
3734;128;2025-02-19;Pix;Entregue;15.0
3735;838;2025-11-05;Boleto;Entregue;207.4
3736;306;2025-01-11;Cartao de Credito;Cancelado;152.69
3737;699;2025-12-10;Pix;Entregue com Atraso;192.53
3738;621;2025-01-12;Cartao de Credito;Cancelado;31.09
3739;945;2026-05-23;Pix;Entregue;15.0
3740;515;2025-01-08;Pix;Entregue;574.83
3741;637;2025-02-18;Boleto;Entregue;177.87
3742;143;2026-04-17;Cartao de Credito;Entregue;18.81
3743;857;2026-03-08;Cartao de Credito;Entregue;328.79
3744;906;2025-06-02;Cartao de Credito;Entregue;32.23
3745;1295;2026-05-24;Cartao de Credito;Entregue;109.98
3746;1543;2026-06-08;Cartao de Credito;Entregue;122.21
3747;1202;2025-08-12;Cartao de Credito;Entregue;124.68
3748;50;2026-05-25;Cartao de Debito;Entregue com Atraso;130.77
3749;1755;2025-01-07;Cartao de Credito;Entregue;376.51
3750;1631;2025-03-01;Pix;Entregue;248.59
3751;1605;2025-08-09;Cartao de Credito;Cancelado;219.58
3752;1290;2025-09-16;Cartao de Credito;Entregue;94.95
3753;1124;2025-08-26;Cartao de Credito;Entregue;84.3
3754;1766;2024-08-31;Pix;Entregue;20.64
3755;541;2025-05-24;Pix;Entregue;18.81
3756;205;2026-01-04;Pix;Entregue com Atraso;71.64
3757;1271;2025-10-24;Cartao de Credito;Entregue;93.42
3758;323;2024-09-01;Cartao de Credito;Entregue;25.82
3759;155;2024-10-15;Cartao de Credito;Entregue;267.2
3760;825;2025-06-21;Cartao de Credito;Entregue;541.25
3761;36;2025-07-26;Cartao de Credito;Entregue com Atraso;282.19
3762;325;2025-11-26;Boleto;Entregue;175.21
3763;1710;2025-12-24;Cartao de Credito;Entregue;15.0
3764;896;2024-10-16;Cartao de Credito;Entregue;92.4
3765;571;2025-01-29;Cartao de Credito;Entregue;37.79
3766;1338;2025-03-24;Boleto;Entregue;36.14
3767;1176;2026-03-12;Cartao de Credito;Entregue;111.47
3768;1486;2026-05-02;Pix;Entregue com Atraso;213.66
3769;647;2026-05-14;Cartao de Credito;Entregue com Atraso;94.32
3770;719;2025-10-22;Boleto;Entregue;265.86
3771;499;2024-08-20;Pix;Entregue;38.19
3772;5;2026-07-09;Boleto;Entregue;230.58
3773;150;2026-07-13;Boleto;Entregue;216.18
3774;1258;2026-05-21;Cartao de Credito;Entregue;175.1
3775;103;2026-06-30;Pix;Em Transito;184.51
3776;1696;2025-12-02;Cartao de Credito;Entregue;279.16
3777;80;2025-09-05;Pix;Entregue;42.56
3778;60;2024-09-19;Pix;Entregue;30.38
3779;85;2026-07-28;Pix;Entregue;55.64
3780;577;2024-10-19;Pix;Entregue com Atraso;65.28
3781;1709;2026-04-17;Cartao de Debito;Entregue;74.68
3782;1298;2025-06-14;Pix;Entregue;23.19
3783;239;2024-11-04;Pix;Entregue;180.2
3784;71;2025-02-09;Boleto;Entregue;256.59
3785;602;2026-02-03;Cartao de Credito;Entregue;114.72
3786;786;2025-05-26;Pix;Entregue;153.28
3787;383;2025-06-29;Cartao de Debito;Em Transito;33.2
3788;527;2026-04-05;Cartao de Debito;Entregue;48.71
3789;882;2024-10-31;Boleto;Entregue;124.24
3790;273;2025-04-03;Cartao de Credito;Entregue;73.39
3791;209;2025-09-15;Cartao de Credito;Entregue;151.62
3792;1071;2026-06-19;Pix;Em Transito;568.75
3793;1579;2024-12-14;Pix;Entregue;325.74
3794;313;2025-08-26;Cartao de Credito;Entregue com Atraso;88.26
3795;169;2026-01-26;Pix;Entregue;118.75
3796;362;2026-03-23;Pix;Entregue;174.12
3797;326;2026-02-06;Cartao de Credito;Entregue;18.81
3798;1279;2025-03-18;Pix;Entregue com Atraso;331.5
3799;1318;2024-11-16;Pix;Entregue;26.21
3800;530;2026-03-31;Cartao de Credito;Entregue;175.83
3801;791;2025-09-17;Pix;Entregue com Atraso;320.29
3802;1284;2025-10-06;Cartao de Credito;Entregue;248.56
3803;560;2025-05-29;Pix;Entregue;47.75
3804;1585;2025-02-20;Pix;Entregue;214.75
3805;1774;2025-02-04;Pix;Entregue com Atraso;55.82
3806;39;2024-08-18;Pix;Entregue;284.11
3807;1793;2025-06-23;Cartao de Credito;Entregue;191.61
3808;1318;2026-01-03;Cartao de Credito;Entregue com Atraso;210.72
3809;633;2025-11-12;Boleto;Entregue;216.06
3810;1259;2024-09-26;Pix;Entregue;110.19
3811;598;2025-06-23;Pix;Em Transito;78.6
3812;388;2025-09-03;Cartao de Credito;Entregue;48.55
3813;1470;2025-10-19;Pix;Entregue;28.86
3814;914;2026-07-09;Cartao de Credito;Entregue;65.18
3815;1220;2025-12-21;Pix;Entregue;42.66
3816;144;2026-06-17;Cartao de Credito;Entregue;65.6
3817;1468;2026-03-26;Cartao de Credito;Entregue;159.82
3818;1471;2025-10-31;Pix;Entregue;504.22
3819;226;2026-05-26;Boleto;Entregue;63.54
3820;624;2026-03-07;Cartao de Credito;Entregue;95.32
3821;27;2025-06-09;Pix;Cancelado;145.35
3822;338;2024-09-20;Boleto;Entregue;82.44
3823;728;2025-12-30;Boleto;Entregue;129.0
3824;838;2026-07-09;Boleto;Entregue;68.98
3825;615;2024-12-29;Boleto;Entregue;60.19
3826;429;2026-05-30;Cartao de Debito;Entregue com Atraso;57.04
3827;1189;2025-04-03;Pix;Entregue;231.35
3828;564;2025-10-09;Pix;Entregue;59.29
3829;825;2025-02-21;Boleto;Entregue com Atraso;211.95
3830;1601;2024-12-04;Boleto;Entregue;77.43
3831;1507;2025-03-29;Pix;Entregue com Atraso;52.9
3832;392;2024-10-17;Pix;Entregue com Atraso;57.72
3833;786;2025-06-15;Pix;Entregue;231.48
3834;719;2024-10-17;Pix;Entregue;204.78
3835;992;2025-10-25;Cartao de Credito;Entregue;52.2
3836;937;2026-03-08;Cartao de Credito;Entregue;21.21
3837;1718;2025-01-02;Pix;Entregue;266.95
3838;1564;2026-01-13;Cartao de Debito;Entregue com Atraso;222.23
3839;1749;2026-04-13;Cartao de Credito;Em Transito;40.02
3840;553;2025-04-07;Pix;Entregue;241.01
3841;59;2025-01-12;Cartao de Credito;Entregue;34.73
3842;540;2026-03-26;Pix;Entregue;96.65
3843;4;2025-10-13;Pix;Entregue com Atraso;38.24
3844;489;2025-03-10;Cartao de Credito;Entregue;138.31
3845;899;2025-03-29;Pix;Entregue com Atraso;15.0
3846;1052;2024-11-28;Cartao de Credito;Entregue;146.54
3847;1785;2025-05-29;Cartao de Credito;Entregue;59.1
3848;491;2025-04-26;Cartao de Debito;Entregue;178.33
3849;851;2024-11-30;Cartao de Credito;Em Transito;55.17
3850;362;2026-04-03;Boleto;Em Transito;49.14
3851;1369;2025-08-12;Pix;Cancelado;113.37
3852;706;2024-09-05;Cartao de Debito;Entregue;97.68
3853;1555;2026-01-16;Cartao de Credito;Entregue com Atraso;153.22
3854;349;2024-11-19;Cartao de Credito;Cancelado;104.68
3855;1167;2024-12-12;Pix;Entregue com Atraso;595.3
3856;1182;2026-04-09;Boleto;Entregue;91.09
3857;1238;2024-12-10;Cartao de Credito;Entregue com Atraso;45.36
3858;1384;2024-08-26;Cartao de Debito;Cancelado;133.08
3859;540;2026-04-16;Cartao de Credito;Entregue;251.62
3860;655;2025-01-31;Boleto;Entregue;108.58
3861;1795;2026-02-11;Pix;Entregue;424.39
3862;1279;2025-01-14;Pix;Entregue;72.09
3863;1405;2025-05-24;Cartao de Credito;Em Transito;67.42
3864;1051;2026-07-12;Cartao de Credito;Entregue com Atraso;76.15
3865;912;2025-07-07;Pix;Entregue com Atraso;63.36
3866;1791;2026-04-13;Cartao de Credito;Entregue;22.36
3867;1063;2024-12-25;Cartao de Credito;Em Transito;33.38
3868;971;2025-02-13;Pix;Entregue;116.37
3869;1027;2026-07-06;Cartao de Credito;Entregue;58.13
3870;1748;2026-03-30;Cartao de Credito;Entregue;182.15
3871;926;2025-08-02;Cartao de Credito;Entregue;68.72
3872;18;2026-03-20;Cartao de Credito;Entregue;49.14
3873;263;2025-08-05;Pix;Entregue;55.17
3874;1229;2026-03-01;Pix;Entregue;240.89
3875;927;2025-03-28;Cartao de Credito;Entregue com Atraso;22.0
3876;244;2026-06-25;Pix;Entregue;101.66
3877;1017;2026-01-11;Cartao de Credito;Entregue com Atraso;82.64
3878;226;2025-11-09;Pix;Entregue;332.03
3879;314;2025-12-31;Cartao de Credito;Entregue;205.11
3880;1038;2026-05-19;Cartao de Credito;Entregue com Atraso;206.31
3881;1738;2025-01-13;Pix;Entregue;211.35
3882;903;2025-02-06;Pix;Cancelado;70.04
3883;143;2025-07-25;Pix;Em Transito;216.18
3884;577;2025-08-01;Pix;Entregue com Atraso;14.25
3885;257;2024-11-07;Pix;Entregue;42.66
3886;1159;2025-01-23;Pix;Entregue;21.41
3887;1670;2025-01-24;Cartao de Credito;Entregue com Atraso;64.16
3888;929;2024-11-22;Cartao de Debito;Entregue;144.18
3889;671;2024-10-02;Cartao de Credito;Em Transito;20.64
3890;208;2024-10-07;Cartao de Credito;Entregue;106.71
3891;846;2026-06-26;Boleto;Entregue;237.56
3892;794;2025-06-10;Pix;Entregue;414.21
3893;388;2024-08-16;Boleto;Entregue;276.42
3894;69;2024-11-24;Cartao de Debito;Entregue;19.15
3895;648;2025-02-05;Cartao de Credito;Entregue;109.9
3896;1439;2024-08-09;Pix;Entregue;143.89
3897;1607;2024-10-16;Pix;Entregue;153.09
3898;1090;2026-01-22;Boleto;Entregue;150.5
3899;1658;2025-09-15;Cartao de Credito;Entregue;49.17
3900;566;2026-01-04;Pix;Cancelado;175.6
3901;991;2025-07-21;Boleto;Entregue;182.03
3902;124;2025-12-23;Pix;Entregue;15.0
3903;482;2026-01-04;Pix;Entregue;13.5
3904;748;2025-10-13;Cartao de Debito;Entregue;480.94
3905;751;2026-01-21;Cartao de Credito;Entregue;15.0
3906;532;2025-10-02;Pix;Entregue;41.34
3907;1229;2025-04-06;Pix;Entregue;184.93
3908;528;2025-03-07;Boleto;Entregue;257.11
3909;112;2025-10-27;Pix;Entregue com Atraso;182.63
3910;191;2025-04-26;Cartao de Credito;Entregue;520.05
3911;1493;2025-12-24;Pix;Entregue;17.37
3912;573;2025-01-07;Boleto;Entregue com Atraso;14.25
3913;1375;2024-08-25;Cartao de Credito;Entregue;28.86
3914;74;2025-01-13;Cartao de Credito;Entregue;155.04
3915;514;2025-11-16;Pix;Entregue;44.22
3916;1746;2026-03-10;Cartao de Credito;Entregue com Atraso;203.42
3917;939;2025-05-07;Pix;Entregue;77.78
3918;1630;2024-08-28;Boleto;Entregue com Atraso;59.34
3919;1701;2025-09-26;Cartao de Credito;Cancelado;13.34
3920;836;2024-12-06;Pix;Entregue;163.35
3921;497;2025-01-30;Cartao de Credito;Entregue;22.49
3922;82;2025-11-10;Pix;Entregue;159.54
3923;364;2025-09-14;Pix;Entregue;246.62
3924;840;2026-01-25;Pix;Entregue;109.74
3925;633;2026-07-05;Cartao de Debito;Entregue;12.0
3926;266;2025-11-20;Pix;Entregue;321.76
3927;447;2025-02-08;Cartao de Credito;Entregue;57.3
3928;312;2024-11-16;Cartao de Credito;Entregue com Atraso;14.25
3929;369;2026-03-26;Pix;Entregue;51.73
3930;1298;2026-04-20;Boleto;Entregue com Atraso;15.0
3931;1731;2025-10-12;Pix;Entregue;368.69
3932;599;2025-01-20;Cartao de Credito;Entregue;14.25
3933;1347;2025-09-11;Cartao de Credito;Entregue;330.9
3934;1092;2024-11-27;Cartao de Credito;Entregue;208.6
3935;1221;2025-01-30;Boleto;Entregue;150.34
3936;234;2026-04-14;Cartao de Credito;Entregue;78.02
3937;159;2025-09-19;Cartao de Credito;Entregue;36.26
3938;1500;2026-01-15;Cartao de Debito;Em Transito;18.07
3939;432;2026-06-10;Cartao de Credito;Entregue;124.71
3940;709;2026-01-17;Pix;Entregue;80.78
3941;618;2024-09-22;Cartao de Credito;Entregue;16.67
3942;757;2024-08-17;Cartao de Credito;Em Transito;210.82
3943;1222;2025-03-10;Boleto;Entregue;64.56
3944;513;2026-03-08;Cartao de Credito;Entregue;179.69
3945;916;2024-12-23;Boleto;Entregue;69.81
3946;904;2026-05-08;Cartao de Debito;Entregue;44.16
3947;1457;2024-09-01;Pix;Entregue;80.78
3948;1271;2025-10-23;Cartao de Credito;Entregue;77.52
3949;1090;2024-12-18;Cartao de Credito;Entregue;26.21
3950;348;2024-12-30;Cartao de Credito;Entregue;55.91
3951;717;2026-03-16;Cartao de Credito;Em Transito;106.51
3952;1445;2024-10-10;Pix;Entregue;100.22
3953;1573;2025-03-19;Cartao de Credito;Entregue;173.54
3954;1723;2024-10-07;Cartao de Debito;Entregue;132.96
3955;825;2025-02-14;Pix;Entregue;84.96
3956;762;2025-03-11;Pix;Entregue;272.23
3957;1115;2026-03-18;Cartao de Credito;Cancelado;34.56
3958;113;2025-02-05;Cartao de Credito;Entregue;271.61
3959;772;2025-10-15;Cartao de Credito;Entregue;92.57
3960;1217;2024-12-13;Cartao de Debito;Entregue;81.58
3961;1426;2026-03-14;Cartao de Credito;Entregue;193.43
3962;1189;2026-03-29;Cartao de Debito;Entregue;37.3
3963;556;2025-03-01;Pix;Entregue;279.21
3964;423;2025-02-17;Boleto;Entregue;226.3
3965;1141;2025-01-18;Cartao de Credito;Entregue;329.68
3966;1623;2025-04-18;Cartao de Credito;Entregue;94.67
3967;825;2026-06-22;Pix;Entregue;76.39
3968;326;2025-05-28;Pix;Entregue;226.98
3969;701;2025-10-16;Cartao de Credito;Entregue com Atraso;64.26
3970;864;2026-06-16;Boleto;Entregue com Atraso;101.37
3971;863;2025-10-02;Pix;Em Transito;135.28
3972;825;2026-01-24;Boleto;Entregue;310.04
3973;503;2026-02-19;Pix;Entregue;42.75
3974;1599;2026-02-17;Cartao de Debito;Entregue;62.28
3975;474;2025-04-22;Cartao de Credito;Entregue com Atraso;34.56
3976;455;2024-12-02;Pix;Entregue;221.32
3977;86;2026-04-10;Boleto;Entregue;84.44
3978;1456;2026-05-10;Cartao de Credito;Entregue;440.75
3979;1109;2025-09-06;Cartao de Credito;Entregue;58.63
3980;911;2026-01-18;Cartao de Credito;Entregue;42.06
3981;918;2025-06-13;Cartao de Credito;Entregue;29.17
3982;836;2025-04-11;Pix;Entregue;29.89
3983;618;2026-05-25;Pix;Entregue;109.21
3984;1441;2025-10-22;Cartao de Credito;Entregue;24.75
3985;1431;2025-10-10;Pix;Entregue;86.35
3986;966;2025-03-30;Boleto;Entregue;121.16
3987;825;2025-02-26;Pix;Entregue com Atraso;12.75
3988;1246;2025-04-27;Cartao de Credito;Entregue;25.5
3989;1053;2025-11-17;Boleto;Entregue;87.66
3990;1398;2025-02-22;Cartao de Credito;Em Transito;75.87
3991;88;2025-11-07;Boleto;Entregue;15.0
3992;1201;2024-08-01;Pix;Entregue;208.53
3993;313;2025-03-22;Cartao de Credito;Entregue com Atraso;15.0
3994;1296;2025-12-25;Cartao de Credito;Entregue;31.52
3995;162;2026-07-18;Cartao de Credito;Entregue;20.76
3996;1286;2025-06-08;Pix;Em Transito;426.58
3997;1230;2024-08-29;Cartao de Credito;Cancelado;169.1
3998;245;2025-08-27;Cartao de Credito;Entregue;285.87
3999;1012;2024-09-24;Pix;Entregue;37.34
4000;1189;2025-04-18;Pix;Entregue com Atraso;179.07
4001;1225;2026-05-03;Cartao de Debito;Entregue;86.66
4002;1486;2025-11-08;Cartao de Credito;Entregue com Atraso;33.04
4003;171;2025-08-28;Pix;Em Transito;82.42
4004;1143;2026-01-16;Cartao de Credito;Entregue;574.13
4005;732;2026-03-15;Pix;Em Transito;184.17
4006;497;2024-10-05;Cartao de Debito;Entregue;368.24
4007;1073;2026-03-03;Pix;Entregue;91.44
4008;1119;2025-04-25;Cartao de Credito;Entregue;82.5
4009;1607;2026-04-23;Cartao de Credito;Entregue;69.78
4010;853;2025-03-14;Cartao de Credito;Entregue;38.3
4011;545;2026-06-17;Cartao de Credito;Entregue;46.32
4012;1245;2025-03-30;Cartao de Debito;Entregue;110.19
4013;4;2024-11-23;Cartao de Debito;Entregue;170.47
4014;191;2026-07-09;Pix;Cancelado;33.59
4015;1270;2025-11-06;Pix;Entregue;296.93
4016;1127;2026-01-25;Cartao de Credito;Entregue;244.97
4017;624;2025-11-02;Cartao de Credito;Entregue;291.32
4018;836;2025-10-14;Pix;Entregue;125.59
4019;389;2025-08-09;Pix;Entregue com Atraso;171.32
4020;119;2025-01-23;Pix;Entregue com Atraso;91.33
4021;1327;2025-10-12;Boleto;Entregue com Atraso;161.31
4022;577;2025-12-23;Pix;Entregue;173.83
4023;1055;2025-05-14;Boleto;Entregue;182.03
4024;1560;2025-07-06;Pix;Entregue;18.71
4025;1100;2026-04-25;Cartao de Credito;Entregue com Atraso;193.79
4026;1128;2025-03-14;Pix;Entregue com Atraso;116.12
4027;1151;2024-08-29;Pix;Entregue;21.86
4028;409;2024-08-13;Cartao de Credito;Entregue com Atraso;131.41
4029;882;2025-04-07;Cartao de Credito;Entregue com Atraso;222.91
4030;1429;2026-04-05;Cartao de Credito;Cancelado;19.27
4031;616;2026-06-08;Cartao de Credito;Entregue;298.83
4032;1085;2025-07-14;Cartao de Credito;Entregue;39.62
4033;982;2025-12-22;Pix;Entregue com Atraso;47.79
4034;786;2024-08-27;Pix;Entregue;14.25
4035;520;2025-06-26;Pix;Entregue;231.21
4036;1359;2025-03-01;Cartao de Credito;Entregue;15.0
4037;30;2025-06-03;Cartao de Credito;Entregue;318.36
4038;613;2026-07-25;Cartao de Credito;Entregue;378.0
4039;1771;2026-06-30;Pix;Em Transito;43.7
4040;1448;2025-01-23;Boleto;Entregue;252.1
4041;865;2024-10-03;Pix;Entregue;163.72
4042;1083;2025-10-20;Boleto;Entregue com Atraso;30.0
4043;138;2024-12-19;Cartao de Credito;Entregue;90.93
4044;485;2025-02-16;Pix;Em Transito;110.38
4045;1073;2024-10-27;Cartao de Credito;Entregue;187.09
4046;1379;2026-07-07;Boleto;Entregue;15.0
4047;608;2026-06-16;Cartao de Debito;Entregue;67.64
4048;1629;2024-08-13;Pix;Em Transito;189.71
4049;1165;2026-01-07;Pix;Entregue;258.01
4050;204;2025-12-16;Pix;Em Transito;87.4
4051;1423;2024-12-23;Pix;Entregue;91.72
4052;239;2024-11-08;Pix;Entregue com Atraso;191.63
4053;441;2025-12-18;Pix;Entregue;93.11
4054;1293;2025-11-28;Pix;Entregue;68.83
4055;85;2026-05-06;Boleto;Entregue com Atraso;115.43
4056;325;2024-11-03;Cartao de Credito;Entregue;49.09
4057;18;2026-06-04;Cartao de Credito;Entregue;198.88
4058;1321;2025-04-09;Boleto;Entregue;226.47
4059;1229;2026-03-17;Cartao de Credito;Entregue;191.74
4060;1268;2025-05-12;Pix;Entregue;180.41
4061;1335;2025-05-23;Pix;Entregue com Atraso;30.02
4062;656;2025-03-25;Pix;Entregue;224.72
4063;592;2025-06-21;Cartao de Credito;Em Transito;72.12
4064;462;2024-10-24;Pix;Entregue;202.92
4065;1360;2026-07-21;Pix;Cancelado;160.88
4066;867;2024-12-14;Pix;Cancelado;197.43
4067;1266;2026-01-22;Pix;Entregue;24.99
4068;1747;2025-11-10;Cartao de Debito;Entregue;20.64
4069;1463;2024-09-20;Cartao de Debito;Entregue;30.34
4070;1090;2026-06-11;Pix;Em Transito;221.48
4071;1605;2025-01-31;Cartao de Debito;Cancelado;47.45
4072;1773;2025-08-14;Boleto;Entregue com Atraso;206.14
4073;1202;2026-01-23;Cartao de Credito;Entregue;415.5
4074;1182;2026-03-26;Pix;Em Transito;67.18
4075;525;2026-06-25;Pix;Entregue;64.49
4076;1691;2025-02-06;Cartao de Credito;Entregue;48.98
4077;59;2024-08-26;Pix;Entregue;105.99
4078;1412;2025-12-23;Boleto;Entregue;46.62
4079;55;2025-12-11;Cartao de Credito;Entregue;142.56
4080;906;2026-06-06;Cartao de Credito;Entregue com Atraso;318.27
4081;832;2026-01-01;Pix;Entregue;141.36
4082;1574;2024-09-19;Cartao de Credito;Entregue;247.11
4083;1531;2026-02-02;Cartao de Credito;Em Transito;272.67
4084;1159;2026-02-13;Cartao de Credito;Entregue com Atraso;466.66
4085;291;2025-09-21;Cartao de Credito;Entregue com Atraso;300.63
4086;61;2025-11-09;Pix;Entregue;369.96
4087;514;2025-08-21;Cartao de Credito;Entregue;100.26
4088;620;2025-07-30;Cartao de Debito;Em Transito;264.1
4089;1233;2025-09-04;Cartao de Credito;Entregue;19.02
4090;1316;2025-01-18;Boleto;Entregue;235.04
4091;92;2025-05-06;Cartao de Credito;Entregue;262.87
4092;1695;2024-10-10;Cartao de Credito;Entregue;12.75
4093;1025;2025-08-15;Cartao de Credito;Entregue;157.54
4094;388;2026-05-17;Pix;Cancelado;160.88
4095;960;2026-01-07;Cartao de Credito;Entregue;230.51
4096;1337;2025-11-03;Pix;Entregue com Atraso;63.49
4097;1767;2025-06-07;Cartao de Credito;Entregue;122.08
4098;1658;2026-01-18;Boleto;Em Transito;544.47
4099;1363;2026-04-02;Cartao de Credito;Entregue;169.39
4100;1157;2026-04-24;Pix;Entregue;73.06
4101;18;2024-12-29;Pix;Entregue;437.19
4102;666;2025-02-02;Cartao de Credito;Entregue com Atraso;15.0
4103;533;2025-09-22;Cartao de Credito;Cancelado;68.01
4104;101;2025-10-12;Pix;Entregue;30.0
4105;1256;2026-01-19;Boleto;Entregue;42.71
4106;1588;2025-04-12;Cartao de Debito;Entregue;182.58
4107;841;2026-07-16;Cartao de Credito;Entregue;60.27
4108;573;2024-09-18;Cartao de Credito;Entregue;104.47
4109;838;2024-09-22;Cartao de Credito;Entregue;58.63
4110;1205;2025-09-12;Cartao de Credito;Em Transito;138.99
4111;73;2025-12-25;Cartao de Credito;Entregue;116.14
4112;216;2026-07-21;Cartao de Credito;Entregue com Atraso;187.14
4113;977;2024-10-09;Pix;Entregue;93.6
4114;68;2024-11-21;Cartao de Credito;Entregue;71.74
4115;420;2025-01-31;Pix;Entregue com Atraso;13.5
4116;1645;2026-03-28;Cartao de Debito;Entregue;23.85
4117;1614;2025-12-10;Cartao de Credito;Entregue com Atraso;198.1
4118;1293;2024-10-25;Boleto;Entregue;319.83
4119;1739;2024-08-03;Cartao de Debito;Entregue;41.22
4120;392;2025-08-19;Cartao de Credito;Entregue;42.02
4121;367;2024-08-03;Cartao de Credito;Entregue;151.25
4122;825;2025-11-17;Cartao de Credito;Entregue;55.7
4123;895;2025-02-16;Pix;Entregue;320.45
4124;812;2026-03-05;Cartao de Credito;Entregue;229.37
4125;1767;2025-06-01;Boleto;Entregue;113.67
4126;220;2026-07-06;Boleto;Entregue;38.24
4127;1306;2025-03-05;Pix;Entregue;465.21
4128;537;2025-12-25;Boleto;Entregue com Atraso;87.62
4129;280;2024-11-11;Boleto;Entregue;24.0
4130;541;2025-02-23;Pix;Entregue;232.73
4131;770;2025-08-09;Boleto;Entregue;93.15
4132;1744;2025-03-15;Boleto;Entregue;36.33
4133;1151;2024-10-14;Boleto;Entregue;19.9
4134;1645;2024-10-31;Cartao de Credito;Entregue;373.12
4135;208;2026-02-10;Pix;Entregue com Atraso;38.13
4136;383;2026-04-07;Pix;Entregue;49.14
4137;1318;2024-12-19;Cartao de Credito;Entregue com Atraso;73.16
4138;172;2024-09-01;Pix;Entregue com Atraso;19.02
4139;411;2024-08-15;Pix;Entregue;185.74
4140;946;2025-08-27;Boleto;Em Transito;81.16
4141;622;2026-04-04;Pix;Entregue com Atraso;315.25
4142;59;2025-08-21;Pix;Entregue com Atraso;199.58
4143;765;2025-06-04;Pix;Entregue;92.52
4144;1177;2025-04-23;Cartao de Credito;Entregue com Atraso;57.02
4145;1704;2025-12-09;Boleto;Entregue;54.01
4146;998;2026-03-27;Pix;Entregue;569.82
4147;1147;2026-04-18;Cartao de Credito;Entregue;347.84
4148;815;2026-04-27;Pix;Entregue;161.23
4149;1382;2025-03-31;Pix;Entregue com Atraso;225.16
4150;1547;2025-08-14;Pix;Entregue;251.2
4151;1431;2024-12-04;Cartao de Credito;Entregue;188.18
4152;1480;2026-05-10;Cartao de Credito;Entregue;38.89
4153;887;2026-02-12;Pix;Entregue;46.61
4154;393;2026-07-15;Pix;Entregue;27.0
4155;514;2025-01-26;Cartao de Credito;Entregue;190.35
4156;1672;2025-10-05;Pix;Entregue;183.51
4157;403;2026-06-05;Pix;Entregue;136.25
4158;1109;2024-11-15;Pix;Entregue;510.59
4159;1322;2026-07-26;Pix;Entregue;48.76
4160;934;2025-09-07;Pix;Entregue;101.32
4161;314;2026-07-03;Cartao de Credito;Entregue;17.77
4162;794;2025-07-29;Cartao de Credito;Entregue;222.7
4163;573;2025-02-20;Cartao de Credito;Entregue;151.99
4164;1731;2025-12-14;Pix;Entregue;246.21
4165;185;2025-03-04;Cartao de Credito;Entregue;114.44
4166;640;2026-07-06;Pix;Entregue;269.65
4167;1673;2026-03-13;Pix;Entregue;163.23
4168;760;2025-07-21;Boleto;Entregue com Atraso;216.27
4169;1546;2026-05-27;Pix;Entregue;64.72
4170;926;2025-03-04;Cartao de Credito;Entregue com Atraso;21.32
4171;1185;2025-01-07;Cartao de Credito;Entregue;15.42
4172;226;2025-03-09;Pix;Entregue;142.62
4173;1501;2024-11-17;Cartao de Debito;Entregue;134.03
4174;1303;2024-11-14;Pix;Cancelado;36.53
4175;226;2025-09-26;Cartao de Credito;Entregue;28.52
4176;308;2024-11-18;Cartao de Debito;Cancelado;22.66
4177;869;2025-12-14;Cartao de Credito;Entregue;99.38
4178;873;2025-10-11;Boleto;Entregue com Atraso;121.36
4179;1185;2024-10-04;Cartao de Credito;Entregue;47.7
4180;1354;2024-11-21;Cartao de Credito;Entregue;155.5
4181;966;2025-02-16;Cartao de Credito;Entregue;33.59
4182;1264;2025-06-15;Cartao de Debito;Entregue;85.6
4183;583;2026-07-27;Cartao de Credito;Entregue;392.17
4184;193;2024-12-09;Boleto;Em Transito;213.55
4185;1342;2025-07-15;Cartao de Credito;Entregue;66.11
4186;1015;2025-10-14;Pix;Entregue;90.17
4187;622;2025-04-02;Pix;Entregue;279.83
4188;666;2025-11-13;Boleto;Entregue;375.15
4189;1455;2026-05-09;Cartao de Credito;Entregue;127.49
4190;176;2026-07-02;Pix;Entregue;227.85
4191;1623;2025-03-12;Pix;Em Transito;46.46
4192;917;2025-12-02;Pix;Entregue;216.39
4193;655;2025-12-27;Cartao de Debito;Entregue;230.3
4194;1245;2025-12-17;Pix;Em Transito;74.8
4195;1727;2025-05-28;Pix;Entregue;129.38
4196;1266;2025-07-29;Cartao de Credito;Entregue;181.86
4197;1202;2025-09-12;Cartao de Credito;Entregue com Atraso;99.54
4198;1687;2025-07-05;Cartao de Credito;Entregue;45.06
4199;179;2025-01-20;Cartao de Credito;Entregue;13.5
4200;393;2025-01-30;Boleto;Entregue;22.66
4201;1132;2026-03-07;Pix;Entregue;377.37
4202;1315;2025-11-03;Pix;Entregue;56.43
4203;559;2025-06-25;Pix;Entregue;45.0
4204;1298;2026-06-13;Cartao de Debito;Entregue;325.26
4205;660;2024-10-07;Cartao de Credito;Cancelado;44.06
4206;76;2024-09-18;Cartao de Debito;Entregue;580.29
4207;390;2025-04-15;Cartao de Credito;Entregue;86.39
4208;540;2026-05-04;Pix;Entregue com Atraso;86.82
4209;1582;2026-04-13;Boleto;Entregue;318.07
4210;1605;2026-02-06;Boleto;Entregue;85.41
4211;1767;2025-12-16;Pix;Entregue;62.12
4212;1547;2025-05-09;Pix;Entregue com Atraso;77.5
4213;319;2024-11-03;Cartao de Credito;Entregue;265.2
4214;1587;2025-11-18;Cartao de Credito;Entregue;194.85
4215;1267;2025-12-03;Cartao de Credito;Em Transito;100.94
4216;1238;2024-08-11;Cartao de Credito;Entregue;69.49
4217;622;2026-03-01;Cartao de Credito;Entregue;524.83
4218;1172;2025-12-12;Pix;Entregue;54.29
4219;258;2025-08-23;Pix;Em Transito;186.09
4220;1405;2026-01-27;Cartao de Credito;Entregue com Atraso;26.21
4221;605;2024-08-05;Pix;Entregue;253.7
4222;719;2025-04-02;Pix;Entregue;196.57
4223;1037;2026-06-07;Cartao de Debito;Entregue;41.5
4224;5;2026-02-20;Cartao de Credito;Entregue;54.49
4225;1266;2026-06-25;Boleto;Entregue;61.11
4226;450;2026-05-18;Cartao de Credito;Entregue com Atraso;180.22
4227;731;2026-03-18;Boleto;Entregue;367.62
4228;1796;2025-07-23;Cartao de Credito;Entregue;173.07
4229;1484;2026-05-09;Pix;Entregue;203.63
4230;328;2026-04-24;Pix;Entregue;174.21
4231;1191;2025-10-19;Cartao de Credito;Entregue;24.59
4232;825;2026-02-03;Boleto;Cancelado;131.74
4233;82;2026-05-30;Pix;Entregue;20.05
4234;397;2025-08-06;Cartao de Credito;Entregue;15.0
4235;706;2024-09-26;Pix;Entregue;134.56
4236;711;2024-11-20;Pix;Entregue;239.66
4237;562;2025-09-14;Cartao de Credito;Entregue;116.28
4238;266;2025-09-11;Pix;Entregue;80.71
4239;1253;2025-03-21;Pix;Entregue com Atraso;181.78
4240;1050;2026-03-26;Cartao de Debito;Entregue;154.12
4241;1109;2025-06-14;Pix;Entregue;15.0
4242;412;2025-05-21;Cartao de Debito;Entregue;312.62
4243;1635;2026-06-23;Cartao de Credito;Cancelado;230.93
4244;1777;2025-11-25;Boleto;Entregue;133.81
4245;443;2026-02-19;Cartao de Credito;Entregue;35.83
4246;130;2024-09-08;Pix;Em Transito;23.29
4247;1110;2024-10-22;Cartao de Debito;Entregue;420.35
4248;388;2024-12-09;Cartao de Credito;Entregue com Atraso;134.86
4249;1043;2026-06-03;Cartao de Credito;Entregue;192.67
4250;611;2024-09-12;Pix;Entregue;92.34
4251;1452;2025-09-26;Cartao de Debito;Entregue;44.38
4252;73;2025-12-28;Pix;Entregue;215.97
4253;817;2026-01-14;Pix;Entregue com Atraso;645.42
4254;596;2024-09-23;Pix;Entregue;33.04
4255;487;2026-02-11;Cartao de Credito;Cancelado;38.7
4256;1725;2026-04-01;Boleto;Entregue;386.31
4257;571;2025-11-27;Cartao de Credito;Entregue;55.76
4258;85;2025-08-16;Cartao de Credito;Entregue;43.79
4259;251;2026-06-20;Boleto;Entregue;30.38
4260;680;2024-09-26;Boleto;Entregue com Atraso;140.65
4261;1523;2026-05-22;Cartao de Credito;Entregue;42.42
4262;1427;2026-03-10;Pix;Entregue;58.04
4263;826;2026-03-04;Boleto;Entregue;14.25
4264;1339;2026-03-04;Pix;Em Transito;187.83
4265;1553;2025-02-08;Cartao de Credito;Entregue;31.39
4266;88;2025-10-22;Pix;Entregue com Atraso;72.87
4267;1672;2024-11-20;Boleto;Cancelado;526.09
4268;1658;2024-08-14;Cartao de Credito;Entregue;287.93
4269;1635;2025-09-07;Pix;Entregue;169.87
4270;1238;2025-03-09;Pix;Entregue;197.73
4271;1741;2025-11-08;Pix;Entregue;28.73
4272;1262;2025-05-08;Pix;Entregue com Atraso;39.98
4273;1558;2024-11-26;Cartao de Credito;Entregue com Atraso;76.05
4274;1083;2026-04-01;Cartao de Credito;Entregue;42.64
4275;662;2024-12-23;Cartao de Debito;Entregue;83.45
4276;1141;2025-09-13;Cartao de Credito;Em Transito;36.94
4277;1191;2025-05-10;Cartao de Credito;Entregue com Atraso;42.82
4278;794;2025-02-05;Cartao de Credito;Cancelado;136.36
4279;1593;2026-02-13;Pix;Entregue;33.34
4280;150;2025-02-21;Cartao de Credito;Cancelado;41.29
4281;1611;2025-01-15;Pix;Entregue;13.5
4282;1392;2025-10-31;Cartao de Credito;Entregue;367.15
4283;1579;2025-07-21;Pix;Entregue;181.68
4284;825;2024-08-29;Boleto;Entregue;63.5
4285;867;2026-03-09;Boleto;Entregue;21.41
4286;266;2024-12-06;Cartao de Credito;Entregue;104.68
4287;1706;2024-12-08;Cartao de Credito;Entregue;23.85
4288;12;2025-10-11;Boleto;Entregue;98.93
4289;570;2025-03-06;Cartao de Debito;Entregue;337.64
4290;841;2026-01-13;Cartao de Credito;Entregue com Atraso;34.49
4291;127;2026-04-26;Cartao de Credito;Entregue;153.29
4292;1627;2024-11-13;Cartao de Credito;Entregue;83.15
4293;961;2025-02-10;Pix;Entregue com Atraso;114.39
4294;1079;2025-10-11;Pix;Entregue com Atraso;103.65
4295;966;2026-01-25;Cartao de Credito;Entregue;38.24
4296;1079;2024-09-02;Pix;Entregue;42.15
4297;5;2024-08-23;Pix;Entregue;163.24
4298;1100;2024-09-18;Pix;Entregue com Atraso;105.77
4299;1788;2025-11-11;Cartao de Credito;Entregue;92.52
4300;1647;2025-08-31;Boleto;Entregue;94.95
4301;1507;2025-01-16;Pix;Entregue com Atraso;363.18
4302;666;2025-02-16;Pix;Entregue;79.53
4303;48;2026-02-27;Pix;Entregue;82.38
4304;1647;2025-09-01;Cartao de Credito;Entregue com Atraso;128.23
4305;1745;2025-01-08;Pix;Em Transito;203.28
4306;1645;2025-02-09;Pix;Entregue;229.13
4307;825;2025-07-30;Cartao de Credito;Entregue;30.0
4308;1595;2026-06-19;Cartao de Credito;Entregue;106.09
4309;1285;2024-10-20;Cartao de Credito;Entregue;364.06
4310;930;2025-07-31;Boleto;Entregue;72.77
4311;618;2026-06-24;Boleto;Entregue;176.34
4312;226;2025-01-02;Cartao de Credito;Entregue;83.15
4313;461;2025-07-14;Cartao de Credito;Entregue;38.24
4314;688;2024-08-22;Cartao de Debito;Entregue;90.5
4315;468;2024-11-13;Cartao de Debito;Entregue;21.41
4316;1195;2024-10-18;Cartao de Credito;Entregue;108.58
4317;388;2025-07-13;Cartao de Debito;Entregue;63.54
4318;245;2025-01-04;Pix;Em Transito;90.06
4319;424;2024-12-15;Pix;Cancelado;55.68
4320;841;2025-07-11;Pix;Entregue;42.06
4321;816;2026-02-15;Pix;Entregue;160.06
4322;1632;2026-07-25;Pix;Entregue;32.77
4323;388;2025-09-01;Boleto;Entregue;68.63
4324;825;2026-03-05;Pix;Entregue;163.63
4325;1004;2025-11-24;Pix;Entregue com Atraso;84.68
4326;1206;2025-03-27;Cartao de Credito;Entregue;82.48
4327;1231;2025-10-22;Pix;Entregue;47.75
4328;945;2024-11-19;Cartao de Debito;Cancelado;21.41
4329;1738;2026-06-30;Pix;Entregue;39.42
4330;18;2024-12-24;Cartao de Credito;Entregue;30.0
4331;727;2025-03-11;Boleto;Em Transito;66.26
4332;59;2025-12-30;Boleto;Entregue;21.47
4333;1672;2025-08-13;Boleto;Entregue com Atraso;20.64
4334;123;2026-07-31;Pix;Entregue;153.79
4335;1228;2025-05-25;Pix;Entregue;34.7
4336;1672;2026-06-28;Cartao de Credito;Entregue;110.19
4337;1657;2026-02-10;Cartao de Debito;Entregue com Atraso;378.71
4338;468;2025-01-12;Cartao de Credito;Entregue;110.19
4339;631;2026-02-13;Pix;Entregue;143.87
4340;502;2026-05-31;Pix;Em Transito;161.64
4341;191;2024-08-03;Cartao de Credito;Entregue;15.0
4342;491;2026-05-07;Cartao de Credito;Entregue;95.86
4343;1427;2025-06-07;Pix;Entregue;14.25
4344;333;2025-07-15;Cartao de Credito;Em Transito;15.0
4345;966;2024-10-25;Pix;Entregue com Atraso;27.82
4346;1237;2025-09-14;Pix;Entregue;248.84
4347;1032;2026-02-13;Pix;Entregue;63.3
4348;226;2025-04-23;Boleto;Entregue com Atraso;84.94
4349;1063;2024-08-16;Pix;Entregue;62.98
4350;591;2024-10-19;Cartao de Credito;Entregue;37.34
4351;1508;2025-02-25;Cartao de Credito;Entregue;41.45
4352;434;2025-12-04;Cartao de Debito;Entregue;32.73
4353;251;2026-07-03;Cartao de Credito;Entregue;19.19
4354;618;2025-08-27;Pix;Entregue com Atraso;61.28
4355;361;2025-03-30;Cartao de Credito;Entregue;28.86
4356;1771;2026-07-10;Cartao de Credito;Entregue;72.83
4357;1108;2025-02-28;Pix;Entregue;15.0
4358;1459;2026-05-18;Cartao de Credito;Entregue com Atraso;36.6
4359;367;2024-10-25;Pix;Entregue;117.26
4360;254;2025-06-29;Pix;Entregue com Atraso;31.62
4361;388;2025-04-19;Pix;Entregue;368.46
4362;1229;2026-05-19;Cartao de Credito;Entregue;63.99
4363;18;2025-11-07;Boleto;Entregue;62.12
4364;359;2025-05-03;Pix;Entregue;196.02
4365;835;2025-01-04;Pix;Entregue;177.21
4366;1716;2025-12-04;Pix;Entregue;314.25
4367;1389;2026-07-09;Cartao de Credito;Entregue;211.82
4368;175;2025-11-07;Cartao de Credito;Entregue;40.95
4369;699;2025-05-31;Boleto;Entregue;222.92
4370;825;2025-10-07;Cartao de Debito;Cancelado;476.78
4371;1577;2025-01-09;Cartao de Debito;Entregue;23.29
4372;1318;2026-03-03;Cartao de Debito;Entregue;149.18
4373;1707;2026-01-23;Pix;Em Transito;68.92
4374;1572;2025-03-16;Cartao de Credito;Entregue com Atraso;113.0
4375;248;2025-03-06;Cartao de Credito;Entregue com Atraso;28.5
4376;1723;2026-05-16;Pix;Entregue;139.3
4377;1394;2025-04-06;Cartao de Credito;Entregue;45.36
4378;125;2026-07-17;Cartao de Credito;Entregue;176.15
4379;814;2025-11-23;Cartao de Credito;Entregue;84.57
4380;1076;2025-08-28;Boleto;Entregue com Atraso;340.25
4381;740;2024-08-24;Cartao de Credito;Entregue;148.06
4382;911;2025-10-24;Cartao de Credito;Entregue;116.68
4383;1167;2026-03-23;Cartao de Credito;Entregue;23.59
4384;136;2026-05-11;Pix;Entregue;335.18
4385;818;2026-03-28;Cartao de Credito;Entregue;207.68
4386;1663;2025-09-24;Cartao de Credito;Entregue;123.2
4387;503;2024-09-29;Pix;Entregue;36.63
4388;1172;2025-03-27;Cartao de Credito;Entregue;54.21
4389;859;2026-06-12;Cartao de Credito;Entregue;120.89
4390;1266;2024-12-10;Cartao de Credito;Em Transito;317.16
4391;1787;2024-11-30;Pix;Entregue com Atraso;23.85
4392;1430;2024-11-17;Boleto;Entregue;423.85
4393;1534;2026-07-03;Cartao de Credito;Entregue;192.08
4394;92;2025-05-20;Cartao de Credito;Entregue;233.17
4395;1381;2024-09-19;Pix;Entregue com Atraso;99.44
4396;87;2025-11-07;Cartao de Credito;Entregue;305.67
4397;505;2025-11-23;Pix;Entregue;490.92
4398;572;2026-06-17;Boleto;Entregue com Atraso;42.71
4399;1298;2025-04-19;Pix;Cancelado;932.29
4400;430;2025-05-08;Boleto;Entregue;39.35
4401;560;2024-08-17;Boleto;Em Transito;189.74
4402;112;2024-11-15;Pix;Entregue;18.14
4403;1359;2025-09-04;Cartao de Credito;Entregue;237.31
4404;574;2026-07-08;Pix;Em Transito;104.95
4405;193;2025-09-03;Pix;Entregue;48.55
4406;609;2025-10-25;Cartao de Credito;Em Transito;111.79
4407;1171;2025-09-18;Cartao de Credito;Entregue com Atraso;188.45
4408;1709;2025-12-02;Pix;Entregue;21.41
4409;98;2025-09-04;Pix;Entregue com Atraso;274.03
4410;1658;2026-06-02;Cartao de Credito;Entregue com Atraso;209.32
4411;291;2025-10-01;Cartao de Credito;Cancelado;69.98
4412;794;2025-09-09;Cartao de Credito;Entregue;54.3
4413;150;2024-11-30;Cartao de Credito;Em Transito;23.19
4414;619;2026-01-22;Boleto;Entregue;14.25
4415;349;2025-09-24;Cartao de Credito;Entregue com Atraso;156.28
4416;54;2026-07-31;Cartao de Debito;Cancelado;296.93
4417;1128;2026-05-24;Cartao de Credito;Entregue;67.65
4418;1717;2024-08-11;Boleto;Entregue;196.94
4419;401;2026-03-20;Pix;Entregue com Atraso;19.02
4420;875;2025-10-05;Cartao de Credito;Entregue;119.41
4421;1;2025-07-27;Pix;Entregue;90.25
4422;1648;2026-04-09;Pix;Entregue;104.47
4423;1331;2024-11-23;Pix;Entregue;97.85
4424;1639;2025-09-29;Cartao de Credito;Entregue com Atraso;36.53
4425;122;2026-07-28;Pix;Entregue;89.94
4426;1672;2025-02-01;Pix;Entregue;32.77
4427;827;2026-02-04;Pix;Entregue;53.8
4428;1462;2024-09-06;Cartao de Credito;Entregue com Atraso;229.97
4429;1298;2026-02-01;Pix;Entregue com Atraso;66.09
4430;1541;2024-11-12;Cartao de Credito;Entregue;308.32
4431;1176;2026-02-02;Boleto;Entregue;723.34
4432;1667;2025-02-06;Cartao de Credito;Entregue;49.27
4433;550;2025-09-11;Pix;Entregue;315.07
4434;868;2026-06-13;Cartao de Credito;Entregue com Atraso;82.66
4435;1154;2026-05-11;Pix;Entregue com Atraso;94.34
4436;31;2026-03-12;Cartao de Credito;Entregue;293.12
4437;1737;2025-06-23;Pix;Entregue;15.0
4438;948;2025-07-21;Pix;Em Transito;133.08
4439;505;2025-07-19;Pix;Entregue com Atraso;270.4
4440;1588;2025-02-08;Cartao de Credito;Entregue;12.75
4441;388;2026-07-19;Cartao de Credito;Entregue;161.23
4442;717;2024-08-30;Cartao de Debito;Entregue;30.0
4443;1279;2026-01-14;Cartao de Debito;Entregue;316.56
4444;679;2026-02-10;Cartao de Credito;Entregue com Atraso;72.09
4445;774;2026-02-27;Pix;Cancelado;142.82
4446;1406;2026-01-25;Cartao de Credito;Entregue com Atraso;187.84
4447;249;2026-03-05;Cartao de Credito;Entregue;39.92
4448;263;2026-06-15;Pix;Cancelado;193.43
4449;958;2025-04-04;Cartao de Credito;Entregue;255.66
4450;818;2025-10-30;Cartao de Debito;Entregue com Atraso;48.2
4451;966;2025-01-31;Pix;Em Transito;123.47
4452;614;2026-07-21;Cartao de Credito;Entregue com Atraso;63.63
4453;263;2024-10-11;Pix;Entregue;47.45
4454;591;2024-11-25;Cartao de Credito;Entregue;19.27
4455;1261;2024-12-07;Pix;Entregue;111.04
4456;466;2025-09-24;Boleto;Entregue com Atraso;36.14
4457;1026;2026-04-21;Pix;Entregue;422.44
4458;658;2025-12-11;Pix;Cancelado;329.87
4459;263;2025-05-12;Pix;Entregue;102.59
4460;825;2025-12-11;Cartao de Credito;Entregue;114.38
4461;126;2024-12-09;Cartao de Debito;Entregue com Atraso;47.08
4462;712;2025-04-26;Pix;Entregue;208.73
4463;388;2026-03-15;Cartao de Debito;Entregue;68.98
4464;841;2026-05-26;Cartao de Credito;Entregue;38.62
4465;945;2025-07-23;Pix;Cancelado;64.33
4466;945;2024-09-25;Boleto;Entregue;206.63
4467;494;2025-06-04;Cartao de Credito;Cancelado;59.01
4468;1412;2026-07-05;Cartao de Debito;Entregue;14.25
4469;1468;2026-03-27;Pix;Entregue;34.32
4470;623;2024-11-07;Cartao de Debito;Entregue;176.87
4471;1266;2026-06-17;Cartao de Credito;Cancelado;45.27
4472;1107;2024-09-17;Cartao de Credito;Entregue;87.69
4473;442;2025-10-11;Pix;Entregue;107.08
4474;1776;2024-12-22;Cartao de Credito;Entregue;433.36
4475;786;2025-05-12;Boleto;Entregue;333.25
4476;1574;2024-12-31;Cartao de Credito;Cancelado;262.45
4477;836;2026-06-10;Pix;Em Transito;111.49
4478;351;2025-06-04;Cartao de Credito;Entregue com Atraso;97.82
4479;1176;2025-10-23;Cartao de Credito;Entregue;24.0
4480;1420;2025-12-12;Cartao de Credito;Entregue;35.69
4481;1088;2025-10-14;Boleto;Entregue;15.0
4482;388;2024-11-10;Boleto;Entregue com Atraso;78.99
4483;907;2025-12-01;Cartao de Credito;Entregue;29.89
4484;353;2026-05-12;Cartao de Credito;Entregue;24.29
4485;987;2025-10-24;Boleto;Em Transito;111.71
4486;1602;2026-05-15;Cartao de Credito;Cancelado;25.67
4487;1258;2024-08-03;Pix;Entregue;32.83
4488;492;2026-06-09;Cartao de Debito;Entregue;30.23
4489;320;2024-10-19;Boleto;Em Transito;319.13
4490;1339;2026-01-24;Pix;Entregue;131.34
4491;1515;2024-11-03;Cartao de Credito;Em Transito;15.0
4492;1022;2024-11-11;Boleto;Em Transito;131.74
4493;104;2025-09-17;Pix;Entregue;219.53
4494;226;2024-08-21;Cartao de Credito;Cancelado;17.65
4495;30;2025-02-21;Cartao de Credito;Entregue;115.91
4496;794;2025-04-21;Boleto;Entregue;21.41
4497;687;2025-09-11;Boleto;Em Transito;274.77
4498;1627;2024-08-14;Boleto;Entregue;91.45
4499;333;2025-02-01;Cartao de Credito;Entregue com Atraso;524.12
4500;613;2024-11-27;Cartao de Credito;Entregue;222.63
4501;1234;2024-09-21;Cartao de Credito;Em Transito;120.49
4502;1098;2025-04-02;Pix;Entregue;34.8
4503;529;2024-12-10;Cartao de Credito;Entregue;98.56
4504;635;2026-01-21;Cartao de Credito;Entregue;96.45
4505;914;2025-03-17;Pix;Entregue;184.77
4506;450;2025-08-11;Pix;Em Transito;193.43
4507;1109;2025-01-12;Cartao de Debito;Entregue com Atraso;241.26
4508;542;2026-03-02;Pix;Entregue;123.94
4509;852;2025-06-18;Pix;Entregue com Atraso;84.25
4510;911;2026-04-24;Boleto;Entregue;202.0
4511;657;2025-04-01;Cartao de Credito;Entregue;38.24
4512;1721;2026-03-16;Boleto;Cancelado;181.13
4513;841;2026-05-25;Cartao de Credito;Entregue;20.28
4514;1723;2025-05-14;Pix;Entregue;28.5
4515;1327;2026-06-12;Cartao de Credito;Entregue com Atraso;95.9
4516;1243;2026-02-17;Boleto;Entregue;85.23
4517;911;2025-07-23;Boleto;Entregue;493.95
4518;816;2025-01-15;Cartao de Debito;Entregue com Atraso;125.35
4519;1720;2024-10-20;Cartao de Debito;Entregue;240.4
4520;527;2025-01-26;Cartao de Credito;Em Transito;100.77
4521;501;2026-01-24;Cartao de Credito;Entregue com Atraso;38.04
4522;442;2026-07-05;Pix;Entregue com Atraso;22.26
4523;17;2024-11-04;Pix;Em Transito;290.32
4524;836;2025-12-17;Cartao de Debito;Entregue;112.65
4525;602;2024-10-17;Pix;Em Transito;361.87
4526;1327;2025-06-13;Pix;Entregue;575.07
4527;1506;2025-08-20;Cartao de Credito;Entregue;97.4
4528;741;2026-07-01;Pix;Entregue;62.75
4529;825;2024-08-28;Pix;Entregue;90.84
4530;966;2025-10-09;Cartao de Credito;Entregue;19.15
4531;876;2025-12-07;Cartao de Credito;Entregue;241.5
4532;459;2025-11-30;Cartao de Credito;Em Transito;272.65
4533;802;2026-02-27;Pix;Entregue com Atraso;126.73
4534;1628;2025-08-12;Cartao de Credito;Entregue;106.41
4535;1151;2026-01-09;Boleto;Entregue;68.95
4536;1358;2025-01-08;Pix;Entregue com Atraso;30.0
4537;1112;2025-03-12;Cartao de Credito;Entregue;63.54
4538;1279;2024-10-10;Boleto;Entregue;76.95
4539;1123;2026-02-28;Boleto;Entregue;305.69
4540;1347;2025-05-28;Pix;Entregue;261.23
4541;191;2024-12-23;Pix;Entregue com Atraso;102.51
4542;454;2024-11-12;Cartao de Credito;Entregue com Atraso;13.5
4543;138;2025-11-20;Cartao de Credito;Entregue;104.68
4544;1084;2024-09-16;Pix;Entregue;161.56
4545;191;2026-02-20;Pix;Entregue;67.18
4546;1550;2026-05-12;Cartao de Credito;Entregue;71.82
4547;162;2025-09-22;Boleto;Entregue;213.42
4548;456;2025-02-28;Cartao de Debito;Entregue;114.68
4549;762;2025-02-15;Cartao de Credito;Entregue;58.63
4550;733;2024-08-20;Cartao de Credito;Em Transito;16.45
4551;1511;2024-08-02;Cartao de Credito;Entregue;15.0
4552;1431;2026-05-29;Pix;Entregue;172.03
4553;267;2025-05-10;Pix;Entregue;93.92
4554;1284;2024-10-17;Boleto;Entregue;317.64
4555;59;2026-04-26;Pix;Entregue;69.23
4556;516;2025-03-30;Cartao de Debito;Entregue;217.59
4557;659;2026-04-13;Cartao de Credito;Entregue;12.75
4558;1185;2025-09-05;Cartao de Credito;Entregue;15.0
4559;1307;2024-12-01;Cartao de Credito;Entregue;151.19
4560;1323;2024-11-24;Pix;Em Transito;131.57
4561;1105;2024-12-31;Cartao de Credito;Cancelado;46.74
4562;456;2025-10-17;Cartao de Credito;Entregue com Atraso;228.34
4563;1643;2024-08-29;Pix;Entregue;91.7
4564;1171;2025-05-25;Cartao de Credito;Entregue;124.45
4565;1548;2026-06-07;Pix;Entregue;124.58
4566;1721;2025-04-16;Cartao de Credito;Entregue;149.56
4567;462;2025-05-28;Cartao de Credito;Entregue;154.63
4568;836;2026-07-15;Cartao de Credito;Entregue;34.49
4569;1061;2026-06-15;Pix;Entregue;15.0
4570;454;2024-12-10;Cartao de Credito;Entregue com Atraso;29.25
4571;593;2024-08-06;Boleto;Entregue;94.35
4572;226;2025-06-26;Pix;Entregue;54.29
4573;190;2025-10-14;Cartao de Debito;Entregue;83.0
4574;226;2026-04-20;Boleto;Entregue;43.18
4575;1662;2026-07-03;Cartao de Debito;Entregue;14.25
4576;1530;2026-02-25;Boleto;Entregue;55.11
4577;1079;2026-01-09;Boleto;Entregue;34.56
4578;211;2026-05-25;Pix;Entregue;197.7
4579;1055;2026-03-25;Boleto;Entregue;42.71
4580;1645;2025-01-21;Pix;Entregue;83.62
4581;1104;2026-06-15;Cartao de Credito;Entregue;34.32
4582;559;2026-02-16;Cartao de Credito;Entregue;53.34
4583;631;2025-08-24;Pix;Entregue;39.26
4584;1412;2025-08-14;Boleto;Entregue;259.48
4585;1531;2025-10-01;Cartao de Debito;Cancelado;45.36
4586;1731;2025-05-24;Pix;Em Transito;29.22
4587;1613;2025-03-29;Pix;Entregue com Atraso;132.13
4588;1361;2024-11-17;Cartao de Credito;Entregue;48.55
4589;1327;2026-07-17;Cartao de Credito;Entregue;295.98
4590;1754;2026-06-04;Boleto;Entregue com Atraso;197.7
4591;150;2026-03-19;Cartao de Credito;Entregue;160.17
4592;1246;2024-09-18;Cartao de Credito;Entregue;28.5
4593;209;2025-11-25;Cartao de Credito;Entregue;163.52
4594;1169;2026-06-14;Cartao de Credito;Entregue;20.64
4595;1623;2024-11-27;Cartao de Credito;Em Transito;128.98
4596;1122;2026-07-29;Cartao de Credito;Entregue;61.23
4597;712;2025-06-09;Pix;Entregue;21.1
4598;1782;2024-08-01;Pix;Entregue;48.58
4599;760;2026-02-20;Cartao de Credito;Entregue;32.12
4600;1731;2026-03-06;Boleto;Entregue;76.18
4601;1194;2025-06-30;Cartao de Credito;Entregue;49.98
4602;1001;2024-09-11;Boleto;Em Transito;58.04
4603;1079;2024-08-30;Cartao de Debito;Entregue;136.75
4604;59;2024-08-06;Pix;Entregue;186.75
4605;361;2025-09-12;Pix;Cancelado;29.89
4606;1645;2026-07-18;Cartao de Credito;Entregue;80.22
4607;52;2025-10-15;Cartao de Credito;Entregue;133.77
4608;818;2025-08-20;Cartao de Credito;Entregue;128.51
4609;641;2025-08-01;Pix;Entregue;144.79
4610;805;2025-07-07;Cartao de Credito;Entregue;42.91
4611;1405;2025-09-25;Pix;Entregue;55.11
4612;1298;2025-08-20;Cartao de Debito;Entregue com Atraso;72.15
4613;876;2026-01-20;Cartao de Credito;Entregue com Atraso;146.56
4614;960;2024-11-25;Cartao de Credito;Entregue com Atraso;68.67
4615;1795;2025-04-30;Cartao de Credito;Entregue;88.41
4616;253;2025-07-20;Pix;Em Transito;47.45
4617;1563;2026-02-10;Cartao de Credito;Cancelado;176.81
4618;1109;2024-10-08;Cartao de Debito;Entregue;33.22
4619;618;2026-05-23;Cartao de Credito;Entregue com Atraso;25.67
4620;1470;2025-10-06;Cartao de Credito;Entregue;331.06
4621;825;2025-09-18;Cartao de Credito;Entregue;110.33
4622;340;2025-04-04;Cartao de Credito;Cancelado;36.72
4623;1658;2025-07-22;Boleto;Entregue;131.64
4624;264;2024-12-01;Boleto;Entregue;157.99
4625;653;2025-10-04;Cartao de Credito;Entregue;333.06
4626;384;2025-10-20;Cartao de Credito;Entregue;504.41
4627;388;2026-05-24;Boleto;Entregue;48.52
4628;1475;2025-09-13;Pix;Entregue;475.04
4629;543;2026-01-02;Cartao de Credito;Entregue com Atraso;156.61
4630;825;2025-02-14;Pix;Entregue com Atraso;126.45
4631;687;2026-02-28;Cartao de Credito;Entregue;89.66
4632;1102;2024-09-18;Cartao de Credito;Entregue;205.46
4633;922;2025-11-21;Cartao de Credito;Entregue;390.26
4634;161;2024-12-16;Cartao de Debito;Entregue com Atraso;193.43
4635;1595;2025-02-16;Cartao de Credito;Entregue com Atraso;45.36
4636;567;2026-07-16;Pix;Entregue;155.17
4637;245;2025-03-22;Cartao de Credito;Entregue;242.95
4638;229;2025-11-04;Cartao de Credito;Cancelado;35.73
4639;1418;2026-07-12;Cartao de Credito;Entregue;182.87
4640;239;2026-04-21;Cartao de Credito;Entregue com Atraso;60.03
4641;1050;2024-09-26;Pix;Entregue;95.06
4642;172;2026-07-12;Boleto;Entregue;65.87
4643;1716;2025-04-26;Cartao de Credito;Entregue;383.22
4644;622;2025-09-01;Boleto;Entregue;156.28
4645;1502;2025-08-02;Cartao de Credito;Entregue;35.82
4646;422;2026-03-11;Cartao de Debito;Entregue com Atraso;168.88
4647;494;2026-02-08;Pix;Em Transito;149.84
4648;732;2025-06-16;Cartao de Credito;Entregue;40.97
4649;1560;2025-05-30;Cartao de Credito;Entregue;59.27
4650;59;2026-01-04;Cartao de Credito;Entregue com Atraso;171.9
4651;499;2026-03-10;Boleto;Entregue;93.22
4652;573;2025-07-03;Cartao de Credito;Entregue;31.09
4653;1061;2025-04-20;Cartao de Credito;Entregue com Atraso;68.24
4654;816;2025-05-16;Pix;Entregue;139.04
4655;1276;2024-11-23;Boleto;Entregue;277.49
4656;825;2024-08-28;Cartao de Credito;Entregue;67.1
4657;1700;2025-03-06;Pix;Entregue com Atraso;78.85
4658;359;2025-01-09;Pix;Entregue;119.79
4659;1151;2025-06-26;Cartao de Credito;Entregue;35.47
4660;489;2024-12-15;Pix;Entregue;18.81
4661;1672;2026-07-25;Boleto;Em Transito;209.92
4662;1621;2025-05-03;Boleto;Entregue;445.48
4663;480;2025-03-06;Cartao de Credito;Entregue;220.38
4664;1176;2024-12-22;Cartao de Credito;Entregue;261.18
4665;1741;2025-08-02;Boleto;Entregue;65.25
4666;1658;2025-01-03;Pix;Entregue;189.56
4667;381;2026-02-12;Cartao de Credito;Entregue;172.59
4668;1774;2025-12-06;Pix;Entregue;147.34
4669;397;2025-07-07;Cartao de Debito;Entregue;12.0
4670;801;2025-04-22;Cartao de Credito;Entregue;73.98
4671;1131;2025-05-02;Pix;Entregue;87.53
4672;1709;2026-07-16;Pix;Entregue;110.44
4673;1595;2025-06-29;Boleto;Entregue;92.64
4674;1416;2024-08-15;Cartao de Credito;Entregue;153.28
4675;1768;2025-12-28;Cartao de Credito;Entregue;36.95
4676;961;2026-02-24;Pix;Entregue com Atraso;361.46
4677;337;2025-07-19;Cartao de Credito;Entregue;22.53
4678;1792;2024-11-14;Cartao de Debito;Em Transito;167.01
4679;1247;2024-08-30;Cartao de Credito;Cancelado;729.38
4680;821;2026-02-26;Pix;Entregue;253.83
4681;945;2026-05-11;Cartao de Credito;Entregue;183.76
4682;1528;2026-01-13;Pix;Entregue com Atraso;97.41
4683;1165;2025-11-11;Pix;Entregue;167.88
4684;741;2025-03-30;Cartao de Credito;Entregue com Atraso;76.83
4685;1627;2026-06-02;Cartao de Debito;Entregue;264.44
4686;801;2025-04-05;Boleto;Entregue;187.1
4687;629;2025-10-04;Cartao de Credito;Entregue;64.26
4688;1249;2024-11-05;Cartao de Debito;Entregue com Atraso;12.75
4689;574;2025-12-20;Cartao de Credito;Entregue;22.26
4690;459;2025-02-25;Cartao de Credito;Entregue;101.37
4691;1427;2026-02-22;Pix;Entregue;89.15
4692;825;2025-06-09;Pix;Entregue com Atraso;21.4
4693;179;2026-03-26;Boleto;Entregue;90.89
4694;125;2025-04-21;Cartao de Credito;Entregue;157.99
4695;914;2024-08-26;Pix;Entregue;23.19
4696;496;2025-02-14;Pix;Entregue;54.29
4697;110;2025-01-24;Cartao de Credito;Em Transito;56.92
4698;1658;2024-08-02;Pix;Entregue;133.05
4699;945;2025-10-23;Cartao de Debito;Entregue;18.68
4700;567;2025-05-11;Cartao de Credito;Entregue;137.21
4701;902;2024-12-20;Pix;Entregue;270.39
4702;1564;2025-05-28;Boleto;Entregue;24.99
4703;431;2025-12-16;Pix;Entregue;334.32
4704;1222;2025-01-24;Pix;Entregue;34.11
4705;1124;2025-10-07;Cartao de Credito;Entregue;49.7
4706;226;2026-01-09;Pix;Entregue;63.56
4707;1457;2025-01-26;Pix;Entregue;62.12
4708;494;2025-09-06;Boleto;Entregue;224.18
4709;499;2026-06-17;Cartao de Credito;Entregue;33.59
4710;1279;2025-10-10;Boleto;Cancelado;38.89
4711;914;2024-11-05;Boleto;Entregue;85.82
4712;415;2026-07-11;Cartao de Credito;Cancelado;218.93
4713;90;2025-04-28;Cartao de Debito;Em Transito;142.11
4714;466;2025-08-09;Pix;Entregue;223.24
4715;1185;2026-05-26;Boleto;Entregue;110.99
4716;662;2026-01-02;Cartao de Credito;Entregue;302.88
4717;62;2025-04-10;Pix;Em Transito;140.79
4718;191;2026-04-19;Cartao de Credito;Em Transito;323.16
4719;292;2026-06-04;Cartao de Credito;Entregue;15.0
4720;1745;2025-01-02;Cartao de Credito;Entregue;158.3
4721;715;2025-11-14;Boleto;Entregue;131.74
4722;567;2025-06-01;Cartao de Credito;Entregue;173.3
4723;731;2026-05-05;Pix;Em Transito;225.43
4724;1208;2024-08-02;Cartao de Debito;Entregue;36.63
4725;1429;2024-12-02;Boleto;Entregue com Atraso;208.29
4726;360;2025-08-14;Cartao de Credito;Entregue;478.68
4727;1746;2026-02-10;Cartao de Credito;Entregue;45.92
4728;1156;2024-12-15;Boleto;Entregue;36.72
4729;1583;2026-07-19;Pix;Entregue com Atraso;14.25
4730;777;2024-09-01;Cartao de Credito;Entregue;100.36
4731;705;2024-10-09;Cartao de Debito;Entregue com Atraso;101.78
4732;751;2025-04-20;Cartao de Credito;Entregue;222.92
4733;627;2026-06-16;Cartao de Credito;Entregue com Atraso;220.38
4734;1287;2025-12-30;Pix;Entregue;44.16
4735;30;2025-01-13;Pix;Entregue;427.01
4736;1544;2026-07-19;Cartao de Credito;Entregue;87.55
4737;1410;2025-10-24;Cartao de Credito;Entregue;47.75
4738;51;2025-02-10;Pix;Entregue;82.67
4739;531;2024-10-02;Pix;Entregue com Atraso;16.61
4740;1372;2026-04-02;Pix;Entregue;51.79
4741;852;2025-02-14;Cartao de Credito;Entregue;29.38
4742;1776;2024-10-05;Cartao de Credito;Entregue;15.0
4743;1742;2024-11-28;Cartao de Debito;Entregue;290.69
4744;1123;2025-01-01;Cartao de Credito;Cancelado;111.36
4745;1229;2025-05-18;Boleto;Em Transito;200.21
4746;825;2024-08-25;Pix;Entregue;28.5
4747;226;2024-08-06;Pix;Entregue;15.0
4748;304;2025-11-07;Cartao de Credito;Entregue com Atraso;12.75
4749;1709;2024-08-31;Pix;Entregue;81.13
4750;397;2026-02-20;Cartao de Credito;Entregue;171.45
4751;316;2025-06-29;Boleto;Entregue com Atraso;70.78
4752;538;2025-12-12;Pix;Entregue com Atraso;69.98
4753;1605;2025-01-19;Cartao de Credito;Entregue;21.33
4754;1759;2026-02-05;Cartao de Credito;Entregue com Atraso;52.9
4755;1184;2025-10-16;Cartao de Debito;Entregue;131.99
4756;1108;2025-03-10;Boleto;Entregue;77.43
4757;966;2025-04-22;Pix;Entregue;158.56
4758;184;2025-05-25;Boleto;Entregue;58.63
4759;1117;2025-10-11;Cartao de Credito;Entregue com Atraso;69.98
4760;1673;2026-02-04;Cartao de Credito;Entregue;166.02
4761;85;2025-11-16;Cartao de Credito;Entregue;162.21
4762;841;2026-06-06;Pix;Entregue;367.05
4763;1365;2025-08-10;Cartao de Debito;Entregue;19.02
4764;238;2025-04-15;Boleto;Entregue;67.64
4765;867;2025-02-12;Pix;Cancelado;106.71
4766;734;2025-02-02;Pix;Entregue;147.08
4767;505;2024-08-16;Cartao de Credito;Entregue;182.23
4768;1645;2026-04-19;Cartao de Credito;Entregue;170.54
4769;1037;2024-12-08;Pix;Entregue com Atraso;60.53
4770;119;2026-06-11;Pix;Entregue;136.91
4771;1695;2025-04-27;Cartao de Credito;Entregue;32.73
4772;294;2024-10-07;Boleto;Entregue;33.67
4773;825;2026-03-29;Cartao de Debito;Entregue;110.19
4774;1098;2025-12-12;Cartao de Credito;Entregue;286.28
4775;776;2026-05-13;Cartao de Credito;Entregue;42.98
4776;912;2025-10-31;Cartao de Credito;Entregue;615.23
4777;540;2025-11-16;Cartao de Credito;Entregue;363.93
4778;992;2026-01-02;Pix;Entregue;161.56
4779;1746;2024-10-12;Pix;Entregue;52.05
4780;1670;2025-07-19;Boleto;Cancelado;49.17
4781;966;2026-02-04;Cartao de Credito;Entregue;51.72
4782;1449;2025-10-07;Pix;Entregue com Atraso;504.21
4783;966;2026-01-10;Pix;Entregue com Atraso;24.39
4784;1171;2025-08-02;Boleto;Entregue;273.98
4785;1100;2026-07-16;Boleto;Entregue;98.72
4786;1;2024-08-21;Cartao de Credito;Entregue;141.94
4787;24;2026-01-06;Boleto;Entregue com Atraso;79.91
4788;129;2024-12-26;Cartao de Debito;Entregue;372.03
4789;279;2026-03-11;Cartao de Credito;Cancelado;18.9
4790;1605;2025-12-06;Cartao de Credito;Entregue;369.16
4791;199;2026-06-17;Cartao de Credito;Entregue com Atraso;355.39
4792;217;2025-06-28;Cartao de Credito;Entregue;165.95
4793;894;2025-01-25;Cartao de Credito;Entregue;52.48
4794;402;2025-07-23;Cartao de Credito;Entregue;92.4
4795;952;2026-03-15;Pix;Em Transito;124.58
4796;365;2026-05-26;Cartao de Credito;Entregue;14.25
4797;1679;2025-09-28;Cartao de Credito;Entregue;126.91
4798;230;2025-02-12;Boleto;Entregue;20.25
4799;666;2026-03-06;Pix;Entregue;222.81
4800;1670;2024-08-05;Cartao de Credito;Entregue;222.92
4801;825;2025-04-10;Boleto;Entregue;74.97
4802;1716;2024-11-10;Boleto;Entregue;222.92
4803;263;2024-09-11;Boleto;Entregue;58.03
4804;1245;2025-08-28;Boleto;Entregue;544.45
4805;30;2025-08-27;Pix;Entregue;32.16
4806;763;2026-03-11;Boleto;Entregue;93.55
4807;882;2025-04-04;Cartao de Credito;Entregue;320.58
4808;827;2025-08-09;Pix;Entregue;136.77
4809;712;2025-11-17;Boleto;Em Transito;35.73
4810;1279;2025-03-10;Pix;Entregue;206.77
4811;434;2026-06-28;Pix;Em Transito;18.12
4812;762;2025-10-09;Pix;Em Transito;224.02
4813;192;2024-09-14;Boleto;Entregue;193.39
4814;73;2026-03-17;Boleto;Entregue;273.5
4815;743;2025-05-26;Pix;Entregue;15.0
4816;347;2025-11-19;Pix;Entregue;31.61
4817;1055;2025-12-20;Pix;Entregue;118.79
4818;515;2025-02-08;Boleto;Entregue;12.75
4819;325;2026-01-04;Boleto;Cancelado;196.63
4820;404;2025-06-22;Pix;Entregue;94.49
4821;1731;2025-08-20;Cartao de Credito;Entregue;91.09
4822;398;2025-11-22;Cartao de Credito;Entregue;136.02
4823;596;2026-02-01;Cartao de Credito;Entregue;437.54
4824;1036;2025-03-13;Pix;Entregue;173.51
4825;1202;2026-06-24;Pix;Entregue;43.52
4826;209;2024-08-22;Pix;Entregue;66.08
4827;1350;2025-08-08;Boleto;Entregue;284.56
4828;52;2025-12-13;Cartao de Credito;Entregue;154.67
4829;1323;2025-01-20;Pix;Entregue;29.77
4830;128;2024-11-07;Pix;Entregue com Atraso;155.6
4831;1565;2024-12-07;Pix;Entregue com Atraso;86.53
4832;1199;2025-01-25;Pix;Entregue;206.31
4833;383;2025-06-03;Pix;Entregue;97.59
4834;1695;2024-09-28;Pix;Entregue;337.62
4835;32;2025-06-24;Cartao de Credito;Entregue;177.0
4836;822;2026-03-15;Pix;Entregue;313.46
4837;467;2025-12-08;Cartao de Credito;Entregue;49.28
4838;359;2025-05-30;Boleto;Em Transito;304.19
4839;1587;2026-06-14;Cartao de Debito;Entregue;92.17
4840;12;2024-11-07;Pix;Entregue;161.58
4841;499;2024-12-04;Pix;Entregue;91.09
4842;1279;2024-08-08;Boleto;Cancelado;30.38
4843;378;2025-12-15;Cartao de Credito;Entregue;127.96
4844;1441;2025-11-15;Cartao de Debito;Entregue;261.45
4845;1112;2026-01-04;Boleto;Entregue;177.22
4846;1745;2025-11-02;Cartao de Debito;Entregue;38.89
4847;468;2024-11-22;Cartao de Credito;Entregue;273.5
4848;1261;2025-07-10;Cartao de Credito;Entregue;86.7
4849;1756;2024-09-16;Cartao de Credito;Entregue;190.19
4850;413;2026-02-10;Pix;Entregue;85.82
4851;1489;2024-09-25;Cartao de Credito;Entregue;279.41
4852;356;2025-07-13;Pix;Entregue com Atraso;383.46
4853;583;2025-06-25;Cartao de Credito;Entregue;13.5
4854;1055;2025-01-07;Pix;Entregue;202.38
4855;1442;2025-02-06;Boleto;Entregue com Atraso;117.48
4856;1407;2025-11-11;Cartao de Credito;Entregue;410.18
4857;1794;2025-12-08;Pix;Entregue com Atraso;36.41
4858;922;2025-04-24;Cartao de Debito;Entregue;102.36
4859;1246;2025-03-07;Boleto;Entregue;280.0
4860;1658;2025-04-22;Cartao de Credito;Entregue;133.22
4861;187;2025-05-21;Pix;Entregue;48.94
4862;1672;2024-10-26;Boleto;Entregue;41.5
4863;488;2025-04-27;Boleto;Entregue;631.39
4864;1090;2026-06-17;Cartao de Credito;Entregue com Atraso;154.23
4865;494;2024-08-22;Cartao de Credito;Entregue;86.64
4866;1088;2026-05-11;Cartao de Credito;Entregue com Atraso;98.42
4867;150;2025-01-19;Boleto;Entregue;109.9
4868;1160;2025-03-12;Pix;Entregue;161.23
4869;507;2024-10-29;Pix;Cancelado;14.25
4870;335;2025-09-16;Cartao de Credito;Entregue com Atraso;409.97
4871;184;2025-07-09;Cartao de Credito;Entregue;84.23
4872;1050;2026-07-05;Pix;Entregue;43.7
4873;705;2025-01-01;Pix;Entregue;16.67
4874;1431;2025-12-28;Cartao de Debito;Entregue;157.61
4875;1230;2025-05-17;Cartao de Credito;Entregue;24.99
4876;1090;2026-05-21;Cartao de Credito;Entregue;152.32
4877;1399;2025-08-26;Cartao de Credito;Entregue;109.81
4878;673;2025-06-06;Pix;Cancelado;68.35
4879;1402;2026-05-08;Cartao de Credito;Entregue com Atraso;15.0
4880;1650;2025-09-28;Pix;Entregue com Atraso;125.19
4881;392;2025-03-03;Cartao de Credito;Entregue;229.94
4882;668;2025-10-23;Boleto;Entregue com Atraso;54.04
4883;1295;2025-09-07;Pix;Entregue;62.41
4884;1577;2024-08-22;Pix;Cancelado;148.75
4885;700;2025-03-03;Cartao de Credito;Cancelado;57.97
4886;1588;2025-03-04;Boleto;Em Transito;340.74
4887;1271;2024-11-03;Cartao de Credito;Entregue;208.5
4888;14;2025-01-31;Pix;Entregue;72.08
4889;1301;2025-06-25;Boleto;Em Transito;105.26
4890;550;2026-05-16;Cartao de Credito;Cancelado;315.8
4891;1229;2026-07-03;Cartao de Credito;Entregue;128.52
4892;1308;2025-02-20;Cartao de Debito;Entregue;14.25
4893;138;2025-05-23;Boleto;Em Transito;98.05
4894;196;2024-11-22;Pix;Entregue;201.83
4895;1050;2025-01-16;Cartao de Debito;Entregue;183.67
4896;1778;2025-03-04;Pix;Entregue;22.36
4897;1084;2026-01-13;Pix;Em Transito;126.82
4898;1646;2025-12-23;Cartao de Credito;Entregue com Atraso;63.54
4899;914;2026-01-31;Cartao de Credito;Entregue com Atraso;58.07
4900;252;2026-04-05;Boleto;Entregue;126.94
4901;233;2026-06-18;Pix;Entregue;98.72
4902;442;2026-03-30;Pix;Entregue;286.98
4903;83;2026-04-14;Pix;Entregue;187.1
4904;1009;2025-05-16;Boleto;Cancelado;218.39
4905;161;2025-11-24;Cartao de Debito;Entregue;219.58
4906;1274;2024-08-21;Cartao de Credito;Entregue com Atraso;98.24
4907;1602;2024-10-04;Cartao de Credito;Entregue;266.61
4908;179;2025-12-04;Pix;Entregue;178.67
4909;1639;2024-08-26;Boleto;Entregue;84.93
4910;1182;2024-10-29;Pix;Em Transito;141.32
4911;702;2025-01-12;Cartao de Credito;Entregue com Atraso;92.72
4912;108;2025-12-05;Pix;Entregue;34.56
4913;374;2024-08-25;Pix;Entregue;123.32
4914;1679;2026-01-26;Cartao de Credito;Entregue;38.13
4915;577;2025-07-16;Boleto;Entregue;101.48
4916;1500;2025-07-21;Pix;Entregue;28.86
4917;367;2025-03-25;Cartao de Credito;Entregue com Atraso;60.19
4918;1650;2025-07-14;Pix;Entregue;41.5
4919;627;2025-10-15;Cartao de Credito;Entregue;192.17
4920;1672;2025-04-01;Cartao de Credito;Entregue;395.86
4921;30;2025-02-11;Pix;Entregue;79.36
4922;122;2025-02-05;Cartao de Debito;Entregue com Atraso;62.39
4923;1572;2026-04-01;Cartao de Credito;Entregue;86.52
4924;1670;2025-05-09;Cartao de Credito;Entregue;124.77
4925;1134;2024-11-11;Pix;Entregue;136.09
4926;325;2025-08-12;Cartao de Credito;Entregue;218.45
4927;596;2024-11-13;Pix;Entregue;710.07
4928;1154;2024-09-18;Cartao de Credito;Entregue;49.46
4929;152;2025-03-22;Cartao de Credito;Entregue;127.83
4930;24;2026-06-19;Pix;Entregue;297.65
4931;564;2024-12-21;Boleto;Entregue com Atraso;41.45
4932;1257;2025-05-20;Pix;Entregue;341.82
4933;146;2025-08-11;Pix;Entregue;238.6
4934;202;2026-03-04;Pix;Entregue;48.76
4935;402;2026-06-21;Pix;Cancelado;21.33
4936;1100;2025-03-21;Cartao de Debito;Entregue;91.26
4937;169;2024-11-27;Pix;Entregue;42.98
4938;308;2025-10-01;Cartao de Debito;Entregue;146.73
4939;107;2025-03-07;Cartao de Credito;Entregue;311.06
4940;964;2024-11-08;Cartao de Debito;Entregue;325.82
4941;572;2025-03-17;Cartao de Credito;Entregue;144.58
4942;1636;2026-02-08;Pix;Entregue;220.67
4943;540;2025-01-11;Cartao de Credito;Entregue;208.6
4944;89;2025-03-30;Pix;Entregue;31.39
4945;1266;2024-08-25;Boleto;Entregue com Atraso;189.8
4946;1050;2026-03-24;Pix;Entregue;116.73
4947;122;2025-02-23;Boleto;Entregue;180.77
4948;1412;2025-04-11;Pix;Entregue;198.2
4949;1523;2026-05-25;Cartao de Credito;Cancelado;129.38
4950;1189;2025-02-10;Pix;Entregue;20.15
4951;1151;2024-11-17;Pix;Entregue;503.29
4952;1318;2025-01-01;Cartao de Debito;Entregue;100.77
4953;1229;2025-03-25;Pix;Entregue com Atraso;45.0
4954;338;2025-05-27;Cartao de Credito;Entregue;34.48
4955;958;2024-08-22;Cartao de Credito;Entregue com Atraso;304.75
4956;539;2025-02-21;Cartao de Credito;Entregue;62.12
4957;456;2024-09-17;Cartao de Credito;Entregue com Atraso;120.74
4958;383;2026-04-20;Pix;Entregue;25.5
4959;664;2026-04-28;Pix;Em Transito;452.44
4960;147;2026-01-21;Pix;Entregue com Atraso;233.85
4961;1287;2025-11-12;Pix;Em Transito;224.69
4962;1700;2026-04-05;Cartao de Credito;Entregue;136.15
4963;1318;2025-03-15;Cartao de Credito;Cancelado;202.39
4964;1564;2025-11-29;Pix;Entregue com Atraso;58.94
4965;825;2024-11-14;Pix;Entregue;88.46
4966;1670;2025-07-28;Boleto;Entregue com Atraso;121.18
4967;1786;2024-09-07;Pix;Entregue;31.91
4968;1168;2026-05-29;Cartao de Credito;Entregue com Atraso;363.27
4969;966;2025-08-28;Cartao de Credito;Entregue com Atraso;145.11
4970;424;2025-08-20;Cartao de Credito;Em Transito;67.64
4971;1425;2025-08-05;Cartao de Credito;Entregue;63.13
4972;90;2024-10-07;Pix;Em Transito;374.95
4973;1656;2026-06-04;Pix;Entregue com Atraso;80.25
4974;483;2025-01-23;Pix;Entregue;367.05
4975;1236;2025-08-04;Pix;Entregue;269.25
4976;1119;2026-07-30;Cartao de Credito;Entregue com Atraso;155.77
4977;1715;2024-09-26;Pix;Entregue;142.64
4978;1563;2026-07-06;Cartao de Credito;Entregue;201.36
4979;1575;2024-11-26;Pix;Entregue;315.06
4980;799;2024-12-12;Cartao de Credito;Entregue;22.53
4981;574;2025-01-17;Cartao de Debito;Cancelado;212.52
4982;313;2025-04-22;Cartao de Debito;Entregue;35.04
4983;1034;2025-09-17;Cartao de Credito;Entregue;20.28
4984;593;2026-04-21;Pix;Entregue;125.86
4985;1208;2025-12-16;Cartao de Credito;Cancelado;213.74
4986;187;2025-03-31;Boleto;Entregue;286.68
4987;1025;2025-03-17;Boleto;Entregue;36.63
4988;1178;2025-03-17;Pix;Entregue;277.74
4989;926;2026-02-03;Cartao de Debito;Entregue;344.9
4990;863;2024-09-08;Cartao de Credito;Cancelado;118.93
4991;388;2025-04-15;Cartao de Debito;Cancelado;213.55
4992;884;2025-03-26;Cartao de Debito;Entregue;93.15
4993;1441;2025-01-16;Pix;Em Transito;138.03
4994;1383;2025-04-28;Boleto;Cancelado;133.43
4995;1231;2026-07-12;Cartao de Credito;Entregue;181.52
4996;1616;2025-10-23;Pix;Entregue;21.41
4997;587;2026-07-27;Pix;Entregue;177.99
4998;1437;2026-07-19;Cartao de Credito;Entregue;14.25
4999;1254;2024-09-10;Boleto;Em Transito;106.32
5000;1021;2025-12-16;Boleto;Entregue;90.89
5001;1257;2026-06-16;Cartao de Debito;Entregue com Atraso;341.39
5002;1073;2024-12-27;Cartao de Credito;Entregue;79.14
5003;301;2025-06-02;Cartao de Credito;Entregue;58.02
5004;1108;2026-06-22;Pix;Entregue;335.61
5005;841;2025-10-10;Cartao de Credito;Entregue com Atraso;94.67
5006;1572;2025-09-06;Cartao de Debito;Entregue com Atraso;43.96
5007;754;2025-07-23;Cartao de Debito;Entregue com Atraso;35.47
5008;1083;2025-07-06;Cartao de Credito;Entregue;187.1
5009;995;2025-07-12;Pix;Entregue com Atraso;55.82
5010;233;2024-12-29;Pix;Entregue;53.51
5011;338;2025-11-05;Pix;Entregue;340.47
5012;1458;2026-05-10;Boleto;Entregue com Atraso;33.27
5013;983;2026-01-10;Pix;Cancelado;100.7
5014;1507;2025-09-10;Cartao de Credito;Entregue com Atraso;80.28
5015;1161;2024-11-16;Cartao de Debito;Entregue;240.53
5016;963;2025-12-29;Boleto;Entregue;38.89
5017;705;2025-11-20;Pix;Entregue;78.83
5018;1674;2026-07-14;Pix;Entregue;168.7
5019;1163;2026-07-08;Cartao de Credito;Entregue com Atraso;91.09
5020;229;2024-11-23;Cartao de Credito;Entregue com Atraso;79.67
5021;753;2024-10-14;Cartao de Credito;Entregue;21.21
5022;187;2025-12-07;Pix;Entregue;160.2
5023;825;2025-12-19;Cartao de Credito;Entregue;154.31
5024;18;2025-06-07;Cartao de Debito;Entregue;134.56
5025;1254;2026-05-18;Boleto;Entregue;53.24
5026;283;2024-08-17;Cartao de Credito;Entregue;23.85
5027;825;2025-07-20;Cartao de Credito;Entregue;77.79
5028;1797;2024-09-05;Pix;Entregue;98.14
5029;1586;2026-03-16;Pix;Entregue;101.67
5030;1583;2024-09-28;Boleto;Entregue com Atraso;99.12
5031;1370;2024-10-31;Cartao de Credito;Entregue;35.69
5032;1435;2025-01-27;Cartao de Credito;Entregue com Atraso;155.09
5033;1266;2025-11-02;Pix;Entregue;253.52
5034;1665;2024-10-13;Pix;Entregue;161.92
5035;464;2025-08-15;Cartao de Credito;Entregue;188.98
5036;796;2026-03-20;Cartao de Credito;Entregue;64.88
5037;283;2025-07-14;Pix;Entregue;145.62
5038;496;2025-10-21;Cartao de Credito;Entregue com Atraso;62.12
5039;1229;2025-10-01;Cartao de Credito;Entregue;153.28
5040;453;2024-08-28;Pix;Entregue;170.75
5041;525;2025-08-21;Cartao de Credito;Entregue com Atraso;266.19
5042;914;2026-07-10;Cartao de Credito;Entregue com Atraso;93.97
5043;910;2025-10-11;Cartao de Debito;Entregue;227.55
5044;1502;2024-10-15;Pix;Entregue;26.21
5045;825;2025-09-16;Cartao de Debito;Entregue com Atraso;38.13
5046;1767;2024-12-25;Cartao de Credito;Entregue;34.49
5047;1520;2025-05-10;Pix;Cancelado;42.91
5048;1523;2026-07-17;Boleto;Entregue;22.53
5049;618;2024-11-22;Cartao de Credito;Entregue;30.52
5050;559;2025-12-09;Cartao de Credito;Entregue;85.07
5051;226;2024-09-01;Pix;Entregue com Atraso;209.29
5052;249;2025-02-23;Cartao de Credito;Em Transito;40.04
5053;31;2025-08-04;Pix;Entregue;23.59
5054;1670;2024-12-20;Cartao de Credito;Entregue com Atraso;59.28
5055;1393;2024-08-23;Pix;Entregue;176.99
5056;1174;2024-10-27;Cartao de Credito;Entregue;154.43
5057;763;2025-09-04;Pix;Entregue;60.36
5058;1240;2026-01-20;Boleto;Entregue;389.9
5059;1523;2025-12-07;Pix;Cancelado;174.55
5060;1704;2025-09-02;Boleto;Entregue com Atraso;36.72
5061;521;2024-09-23;Cartao de Credito;Entregue;85.45
5062;1441;2025-09-10;Pix;Cancelado;27.15
5063;1013;2024-10-18;Boleto;Em Transito;62.26
5064;771;2024-10-17;Pix;Entregue;164.58
5065;416;2025-11-07;Cartao de Credito;Entregue;18.9
5066;1239;2025-12-22;Cartao de Credito;Entregue;122.72
5067;1412;2025-01-04;Cartao de Credito;Entregue;145.62
5068;1229;2026-01-31;Cartao de Credito;Entregue com Atraso;100.22
5069;1229;2024-08-24;Pix;Em Transito;34.56
5070;1045;2025-07-22;Cartao de Debito;Entregue com Atraso;41.09
5071;825;2026-04-02;Cartao de Debito;Entregue;190.0
5072;1127;2025-01-13;Boleto;Em Transito;30.0
5073;1135;2026-04-27;Cartao de Credito;Entregue;54.3
5074;945;2026-06-28;Pix;Entregue;371.69
5075;1140;2026-05-17;Pix;Entregue com Atraso;126.78
5076;88;2024-11-29;Cartao de Credito;Entregue;42.2
5077;770;2025-10-04;Cartao de Debito;Entregue;119.26
5078;1749;2025-02-21;Cartao de Credito;Entregue;70.22
5079;83;2025-10-15;Pix;Entregue;12.0
5080;1731;2026-03-22;Cartao de Credito;Entregue;71.31
5081;1205;2026-03-25;Pix;Entregue;213.42
5082;703;2025-12-13;Pix;Entregue;18.81
5083;1645;2026-02-13;Cartao de Credito;Entregue;17.37
5084;914;2025-09-14;Pix;Entregue com Atraso;93.96
5085;1666;2025-07-21;Pix;Entregue;155.81
5086;913;2024-08-03;Cartao de Credito;Entregue;139.23
5087;986;2025-01-25;Cartao de Credito;Entregue;15.0
5088;841;2024-08-29;Cartao de Debito;Entregue com Atraso;288.33
5089;912;2025-09-11;Boleto;Entregue;187.91
5090;1449;2024-11-13;Boleto;Entregue;28.55
5091;1723;2024-09-09;Pix;Em Transito;77.42
5092;1038;2025-08-26;Boleto;Entregue;22.26
5093;979;2026-07-13;Cartao de Credito;Entregue;121.9
5094;838;2026-07-09;Boleto;Em Transito;47.48
5095;836;2025-08-13;Cartao de Credito;Entregue com Atraso;15.0
5096;316;2025-03-30;Pix;Entregue;38.86
5097;1064;2025-08-29;Cartao de Credito;Entregue com Atraso;174.09
5098;904;2024-08-05;Cartao de Debito;Entregue;52.05
5099;617;2024-10-17;Pix;Entregue;94.13
5100;838;2025-02-08;Pix;Entregue;240.76
5101;987;2025-09-08;Cartao de Credito;Entregue;848.74
5102;1210;2025-07-29;Boleto;Entregue;333.2
5103;468;2025-04-27;Cartao de Credito;Entregue com Atraso;176.49
5104;1041;2025-01-29;Pix;Entregue;167.1
5105;308;2025-07-12;Pix;Entregue;15.0
5106;859;2025-05-14;Cartao de Credito;Entregue com Atraso;266.75
5107;5;2025-12-20;Cartao de Debito;Entregue;23.19
5108;369;2025-04-29;Cartao de Credito;Entregue;503.76
5109;850;2026-06-01;Pix;Entregue;20.26
5110;1709;2026-04-23;Pix;Em Transito;160.95
5111;874;2025-08-31;Cartao de Debito;Entregue;213.28
5112;25;2025-02-28;Boleto;Entregue;122.57
5113;468;2024-10-08;Boleto;Entregue com Atraso;45.08
5114;930;2025-01-19;Cartao de Credito;Entregue;15.0
5115;966;2025-11-27;Boleto;Entregue;341.32
5116;1298;2025-12-09;Boleto;Entregue com Atraso;55.15
5117;829;2025-08-13;Cartao de Credito;Entregue;277.01
5118;1235;2026-03-20;Cartao de Credito;Entregue;15.0
5119;325;2026-02-21;Pix;Cancelado;80.42
5120;945;2025-11-07;Cartao de Credito;Entregue;104.47
5121;1549;2026-04-02;Pix;Entregue;19.02
5122;242;2025-07-13;Cartao de Credito;Em Transito;323.6
5123;1657;2024-11-30;Boleto;Entregue;132.88
5124;631;2026-06-23;Cartao de Credito;Entregue;121.36
5125;499;2025-05-12;Cartao de Credito;Entregue;77.52
5126;1311;2025-08-25;Pix;Entregue;209.45
5127;595;2025-05-03;Boleto;Entregue com Atraso;152.85
5128;954;2025-07-28;Cartao de Credito;Entregue;96.27
5129;1614;2025-08-05;Cartao de Debito;Cancelado;28.55
5130;1672;2026-04-04;Cartao de Credito;Entregue;208.6
5131;634;2024-12-05;Pix;Entregue;97.81
5132;1327;2025-06-12;Cartao de Credito;Entregue;79.63
5133;1289;2026-05-02;Pix;Entregue;168.69
5134;559;2025-08-15;Pix;Em Transito;24.3
5135;1073;2025-06-04;Cartao de Credito;Entregue;254.62
5136;180;2026-06-16;Boleto;Entregue;31.91
5137;1279;2025-01-16;Cartao de Credito;Entregue;15.0
5138;1592;2025-01-16;Pix;Entregue;163.37
5139;1588;2025-04-07;Cartao de Debito;Entregue com Atraso;74.15
5140;919;2025-06-14;Cartao de Credito;Entregue;274.25
5141;578;2025-09-21;Boleto;Em Transito;109.97
5142;1558;2024-11-03;Pix;Entregue;46.56
5143;325;2026-01-30;Pix;Entregue;154.88
5144;1797;2026-05-03;Pix;Entregue;123.9
5145;1047;2026-07-26;Cartao de Debito;Entregue;97.94
5146;1470;2025-06-29;Pix;Entregue;49.46
5147;843;2025-04-12;Cartao de Credito;Entregue;21.32
5148;1202;2025-01-03;Cartao de Credito;Cancelado;45.59
5149;1763;2024-12-07;Pix;Entregue com Atraso;116.5
5150;905;2026-01-31;Pix;Entregue;43.88
5151;1172;2025-11-05;Cartao de Credito;Entregue;19.72
5152;367;2025-11-10;Pix;Entregue;135.28
5153;487;2025-01-17;Cartao de Credito;Entregue;266.76
5154;1650;2026-05-24;Cartao de Credito;Entregue;134.56
5155;179;2025-08-15;Pix;Em Transito;36.0
5156;1426;2025-07-10;Pix;Entregue;32.73
5157;1527;2025-08-22;Pix;Em Transito;123.56
5158;1321;2025-07-02;Cartao de Credito;Entregue;259.82
5159;1360;2024-09-13;Pix;Entregue;32.8
5160;1731;2024-10-26;Pix;Entregue;19.9
5161;534;2026-06-17;Pix;Cancelado;65.87
5162;584;2024-11-10;Pix;Entregue;34.7
5163;923;2026-03-30;Cartao de Credito;Entregue com Atraso;182.67
5164;1037;2024-12-01;Cartao de Credito;Entregue;60.76
5165;981;2024-12-09;Boleto;Entregue;584.0
5166;1548;2025-08-26;Pix;Entregue;139.73
5167;30;2026-02-10;Cartao de Credito;Entregue;44.43
5168;1186;2025-02-02;Cartao de Debito;Entregue;32.32
5169;467;2025-09-25;Pix;Em Transito;206.34
5170;1466;2025-03-31;Cartao de Credito;Cancelado;15.84
5171;1209;2024-12-06;Cartao de Debito;Entregue;236.63
5172;555;2026-03-08;Pix;Entregue;134.02
5173;786;2025-10-22;Cartao de Debito;Entregue;154.31
5174;359;2026-03-12;Cartao de Credito;Entregue;119.55
5175;1126;2025-03-05;Cartao de Credito;Entregue;65.87
5176;1731;2024-09-11;Cartao de Credito;Entregue;248.01
5177;49;2024-09-04;Cartao de Debito;Entregue com Atraso;326.32
5178;21;2025-10-01;Boleto;Cancelado;242.38
5179;59;2026-02-07;Cartao de Credito;Em Transito;197.62
5180;1094;2024-09-15;Cartao de Credito;Em Transito;14.25
5181;515;2026-04-29;Pix;Entregue;159.95
5182;868;2025-08-12;Pix;Entregue;141.59
5183;341;2025-03-19;Cartao de Credito;Entregue;224.32
5184;641;2025-07-20;Cartao de Credito;Entregue;451.26
5185;251;2025-06-10;Cartao de Credito;Entregue;89.85
5186;1162;2025-09-07;Boleto;Entregue;18.28
5187;1507;2026-01-21;Pix;Cancelado;32.73
5188;390;2025-10-28;Pix;Entregue;33.34
5189;1783;2025-09-24;Cartao de Credito;Entregue;114.72
5190;572;2026-02-18;Pix;Entregue;155.04
5191;46;2025-04-14;Cartao de Credito;Em Transito;30.02
5192;53;2025-09-12;Cartao de Debito;Entregue;104.82
5193;1279;2025-06-15;Pix;Entregue;238.17
5194;266;2026-07-28;Pix;Entregue;214.27
5195;129;2025-10-02;Pix;Entregue;61.82
5196;275;2025-03-30;Pix;Entregue;63.36
5197;634;2025-07-19;Cartao de Credito;Entregue;111.43
5198;505;2025-01-22;Cartao de Debito;Entregue;79.36
5199;1574;2026-06-06;Cartao de Credito;Entregue;45.31
5200;462;2024-10-25;Cartao de Credito;Cancelado;54.95
5201;1541;2026-01-26;Cartao de Credito;Em Transito;263.22
5202;948;2025-08-29;Cartao de Credito;Entregue;209.78
5203;838;2026-02-10;Pix;Entregue;86.62
5204;540;2025-05-12;Cartao de Credito;Entregue;46.12
5205;1784;2025-08-19;Boleto;Entregue;305.7
5206;1721;2025-08-16;Pix;Entregue;42.82
5207;1202;2024-11-04;Boleto;Entregue;99.29
5208;1550;2025-06-08;Cartao de Debito;Em Transito;114.3
5209;1730;2026-07-09;Boleto;Entregue;113.9
5210;19;2026-01-14;Cartao de Credito;Entregue;74.01
5211;728;2024-11-18;Pix;Entregue;242.21
5212;998;2025-12-25;Cartao de Credito;Entregue com Atraso;136.46
5213;801;2024-09-20;Pix;Entregue;30.0
5214;613;2025-10-10;Pix;Entregue;316.4
5215;30;2026-01-09;Boleto;Entregue;222.92
5216;691;2025-12-15;Cartao de Debito;Entregue;167.1
5217;596;2026-07-16;Cartao de Credito;Em Transito;186.4
5218;1773;2025-02-22;Boleto;Entregue;46.32
5219;1365;2025-08-27;Pix;Entregue;28.5
5220;1103;2025-07-28;Pix;Entregue;52.9
5221;308;2025-05-05;Boleto;Cancelado;41.74
5222;966;2026-06-25;Cartao de Debito;Entregue;209.41
5223;1041;2026-07-17;Boleto;Entregue com Atraso;98.05
5224;633;2026-03-05;Boleto;Entregue com Atraso;13.5
5225;1275;2026-02-14;Boleto;Entregue;90.57
5226;666;2025-05-08;Boleto;Entregue;38.2
5227;444;2025-06-28;Pix;Entregue;35.87
5228;1703;2026-07-22;Pix;Entregue;34.56
5229;226;2025-10-27;Cartao de Debito;Entregue;252.31
5230;1724;2025-11-06;Pix;Entregue;286.31
5231;1014;2025-12-13;Cartao de Credito;Entregue;177.53
5232;461;2024-09-15;Cartao de Debito;Entregue;199.11
5233;1523;2024-09-06;Cartao de Credito;Entregue;135.16
5234;924;2024-12-03;Cartao de Debito;Entregue;107.66
5235;614;2025-06-11;Cartao de Credito;Entregue com Atraso;128.72
5236;995;2026-04-02;Cartao de Debito;Entregue;66.22
5237;316;2025-01-23;Boleto;Entregue;336.68
5238;974;2025-06-02;Cartao de Debito;Cancelado;23.54
5239;631;2024-10-25;Cartao de Credito;Entregue;79.33
5240;825;2025-01-30;Pix;Entregue;242.89
5241;367;2025-06-16;Cartao de Credito;Entregue;79.1
5242;7;2025-07-19;Boleto;Entregue com Atraso;126.48
5243;879;2025-05-11;Boleto;Entregue com Atraso;192.04
5244;388;2025-05-16;Cartao de Debito;Entregue com Atraso;89.81
5245;266;2026-05-04;Cartao de Credito;Entregue;46.12
5246;1353;2025-03-25;Cartao de Debito;Entregue;111.14
5247;828;2025-03-14;Pix;Entregue;72.72
5248;226;2026-07-13;Pix;Entregue com Atraso;30.0
5249;54;2025-12-27;Cartao de Debito;Entregue com Atraso;35.69
5250;1151;2026-07-22;Pix;Entregue;40.76
5251;142;2025-12-26;Cartao de Credito;Entregue;180.26
5252;503;2025-11-22;Cartao de Credito;Entregue;48.55
5253;682;2025-10-26;Boleto;Cancelado;80.93
5254;1381;2025-05-13;Cartao de Debito;Entregue;62.12
5255;1240;2025-07-28;Cartao de Credito;Entregue;39.99
5256;30;2026-03-09;Pix;Entregue;110.98
5257;362;2025-08-10;Cartao de Credito;Entregue;33.28
5258;384;2025-11-12;Pix;Entregue;21.21
5259;30;2024-09-20;Pix;Entregue;438.18
5260;1278;2026-04-15;Boleto;Entregue;83.26
5261;1689;2024-11-11;Cartao de Credito;Entregue com Atraso;246.26
5262;494;2026-04-15;Pix;Entregue;36.56
5263;1436;2024-11-29;Pix;Entregue;95.37
5264;380;2025-02-21;Cartao de Credito;Em Transito;32.83
5265;838;2025-01-07;Boleto;Entregue;24.0
5266;226;2024-10-04;Cartao de Credito;Cancelado;56.78
5267;687;2024-11-30;Pix;Entregue;29.46
5268;1589;2025-07-25;Cartao de Credito;Entregue;33.06
5269;407;2025-02-20;Pix;Entregue;86.2
5270;1270;2025-02-06;Cartao de Credito;Entregue;132.83
5271;1230;2025-08-22;Cartao de Debito;Entregue;145.65
5272;1332;2024-08-03;Cartao de Credito;Cancelado;24.29
5273;1266;2026-02-18;Cartao de Credito;Entregue;133.77
5274;789;2024-10-03;Cartao de Credito;Entregue;76.48
5275;434;2026-07-12;Cartao de Credito;Entregue;35.64
5276;1192;2025-08-31;Cartao de Credito;Entregue;321.7
5277;622;2026-01-16;Pix;Entregue;71.82
5278;1290;2024-10-03;Pix;Entregue;45.63
5279;1754;2025-04-12;Cartao de Credito;Entregue;125.96
5280;1296;2025-01-30;Pix;Entregue;47.75
5281;40;2026-06-16;Cartao de Credito;Entregue;23.59
5282;1298;2026-04-25;Cartao de Credito;Entregue;302.36
5283;1431;2024-08-15;Cartao de Credito;Entregue;36.24
5284;386;2025-07-12;Pix;Cancelado;15.0
5285;1543;2025-05-18;Cartao de Debito;Entregue;65.87
5286;392;2026-03-30;Cartao de Credito;Entregue com Atraso;169.23
5287;784;2026-02-07;Pix;Entregue;44.38
5288;1234;2025-12-28;Pix;Entregue;82.44
5289;1218;2024-08-16;Boleto;Entregue;244.29
5290;343;2026-04-04;Boleto;Em Transito;149.96
5291;1025;2025-07-22;Pix;Cancelado;161.23
5292;1272;2025-09-13;Cartao de Credito;Entregue;71.93
5293;1281;2024-11-28;Boleto;Entregue;460.83
5294;841;2024-12-25;Cartao de Credito;Entregue com Atraso;39.42
5295;1645;2025-01-22;Cartao de Debito;Cancelado;64.07
5296;325;2026-02-07;Boleto;Entregue;32.12
5297;1783;2025-06-10;Boleto;Entregue;58.45
5298;1313;2025-03-23;Cartao de Credito;Entregue;111.99
5299;1539;2024-12-05;Pix;Entregue;21.1
5300;1717;2024-08-08;Cartao de Debito;Entregue;193.64
5301;1187;2024-10-24;Pix;Entregue com Atraso;359.52
5302;119;2026-03-05;Cartao de Debito;Entregue;148.78
5303;666;2026-03-23;Boleto;Entregue;92.51
5304;542;2025-12-28;Pix;Entregue;40.09
5305;349;2025-12-30;Pix;Em Transito;276.09
5306;56;2026-05-10;Pix;Entregue;21.32
5307;1098;2025-07-29;Cartao de Debito;Entregue;111.04
5308;1564;2026-07-09;Pix;Entregue com Atraso;158.1
5309;437;2024-08-17;Cartao de Credito;Entregue;73.97
5310;32;2025-03-20;Cartao de Debito;Entregue;175.65
5311;712;2024-12-05;Pix;Entregue;197.75
5312;434;2024-10-30;Pix;Entregue;161.23
5313;621;2024-08-21;Pix;Entregue;124.5
5314;1731;2025-11-28;Pix;Entregue;18.28
5315;772;2024-11-08;Cartao de Credito;Entregue com Atraso;548.98
5316;1008;2026-06-27;Pix;Entregue;17.54
5317;1605;2026-05-30;Boleto;Entregue;124.77
5318;604;2026-07-05;Boleto;Entregue;261.42
5319;785;2026-07-05;Boleto;Entregue;97.82
5320;1709;2025-08-28;Cartao de Credito;Entregue;174.96
5321;1266;2024-10-01;Pix;Entregue;47.45
5322;1279;2024-08-23;Boleto;Entregue com Atraso;55.52
5323;1786;2025-02-13;Cartao de Credito;Entregue;124.24
5324;635;2026-06-17;Cartao de Credito;Entregue;126.32
5325;1672;2024-12-20;Pix;Entregue;34.56
5326;401;2026-05-14;Cartao de Credito;Entregue;14.25
5327;1389;2026-02-11;Cartao de Credito;Entregue;510.53
5328;880;2026-06-13;Pix;Entregue;17.23
5329;1556;2026-05-26;Boleto;Entregue;105.7
5330;904;2025-04-14;Pix;Entregue com Atraso;93.71
5331;702;2025-07-04;Cartao de Debito;Entregue;393.85
5332;1085;2024-11-08;Pix;Entregue com Atraso;38.08
5333;494;2026-07-16;Boleto;Entregue;210.3
5334;1016;2025-07-06;Cartao de Credito;Em Transito;32.77
5335;1384;2025-09-16;Cartao de Credito;Entregue com Atraso;95.69
5336;1219;2024-08-12;Boleto;Entregue;466.0
5337;797;2026-03-17;Cartao de Debito;Entregue;15.0
5338;531;2026-02-23;Cartao de Credito;Entregue;477.95
5339;825;2024-10-30;Cartao de Credito;Entregue com Atraso;56.21
5340;1680;2025-06-18;Cartao de Credito;Cancelado;73.82
5341;1457;2025-11-28;Cartao de Credito;Entregue;246.75
5342;1672;2024-09-18;Pix;Entregue com Atraso;141.2
5343;831;2024-09-16;Cartao de Credito;Entregue;156.68
5344;234;2025-08-18;Boleto;Entregue;196.1
5345;16;2026-02-12;Pix;Entregue;85.98
5346;1295;2025-10-21;Cartao de Credito;Entregue;85.61
5347;1291;2025-05-26;Cartao de Credito;Entregue com Atraso;193.65
5348;1675;2026-04-12;Pix;Em Transito;347.91
5349;631;2025-04-15;Boleto;Entregue com Atraso;30.38
5350;1357;2026-07-03;Boleto;Cancelado;83.34
5351;170;2026-06-07;Pix;Entregue com Atraso;106.37
5352;1583;2025-04-30;Boleto;Entregue;174.39
5353;966;2025-06-30;Pix;Em Transito;143.63
5354;258;2025-01-01;Cartao de Debito;Entregue;14.25
5355;1557;2024-12-28;Cartao de Credito;Entregue com Atraso;42.91
5356;515;2025-06-19;Boleto;Entregue;193.0
5357;887;2026-03-22;Cartao de Credito;Entregue;13.5
5358;260;2024-11-03;Pix;Entregue;51.95
5359;841;2024-08-28;Cartao de Debito;Entregue com Atraso;43.64
5360;829;2025-04-10;Cartao de Credito;Entregue;87.53
5361;30;2024-09-06;Cartao de Credito;Cancelado;78.02
5362;1156;2025-09-05;Pix;Entregue;153.17
5363;1206;2024-08-08;Cartao de Credito;Entregue com Atraso;21.21
5364;1650;2024-08-04;Cartao de Credito;Entregue;54.95
5365;1229;2026-07-21;Cartao de Credito;Entregue;44.18
5366;1231;2025-10-16;Cartao de Credito;Cancelado;575.3
5367;136;2025-07-14;Cartao de Credito;Entregue;474.24
5368;1090;2024-10-21;Cartao de Credito;Entregue;170.69
5369;388;2024-09-16;Pix;Entregue;64.24
5370;1069;2026-04-09;Boleto;Entregue;295.14
5371;666;2024-09-02;Pix;Cancelado;34.49
5372;699;2026-03-22;Cartao de Credito;Entregue;359.81
5373;226;2026-01-04;Cartao de Credito;Em Transito;85.41
5374;1287;2024-12-30;Cartao de Credito;Entregue;337.46
5375;1129;2025-03-21;Cartao de Credito;Entregue;91.16
5376;838;2026-07-06;Pix;Entregue;150.23
5377;191;2026-03-23;Cartao de Credito;Entregue;97.26
5378;1036;2025-03-13;Cartao de Credito;Entregue;100.62
5379;1670;2025-01-13;Cartao de Credito;Entregue com Atraso;325.38
5380;1162;2026-01-14;Pix;Cancelado;31.09
5381;659;2026-02-07;Pix;Entregue com Atraso;100.26
5382;90;2025-05-14;Cartao de Credito;Entregue;32.5
5383;956;2026-05-11;Pix;Entregue;18.68
5384;349;2025-11-27;Cartao de Credito;Entregue;182.18
5385;263;2025-01-04;Cartao de Debito;Entregue;58.48
5386;1517;2025-03-01;Boleto;Entregue;207.68
5387;771;2026-01-20;Pix;Entregue;101.32
5388;463;2025-07-15;Cartao de Debito;Entregue;27.0
5389;1172;2025-01-24;Cartao de Debito;Entregue;45.63
5390;130;2025-11-29;Cartao de Credito;Entregue com Atraso;82.42
5391;672;2026-06-15;Cartao de Credito;Entregue;145.97
5392;698;2024-11-07;Cartao de Credito;Entregue;39.42
5393;1605;2026-03-27;Pix;Entregue;220.38
5394;1597;2026-03-25;Boleto;Cancelado;15.0
5395;30;2025-05-05;Pix;Entregue com Atraso;39.42
5396;1266;2024-10-07;Pix;Entregue;161.23
5397;1709;2025-10-17;Pix;Entregue com Atraso;41.7
5398;1683;2025-03-28;Pix;Entregue;109.22
5399;835;2025-05-09;Pix;Entregue com Atraso;33.59
5400;1252;2025-11-11;Cartao de Credito;Entregue;106.55
5401;416;2024-10-31;Cartao de Debito;Entregue;45.63
5402;1686;2026-07-14;Cartao de Credito;Entregue;222.11
5403;1213;2024-12-04;Cartao de Credito;Entregue;15.0
5404;312;2024-10-25;Cartao de Credito;Entregue com Atraso;70.72
5405;669;2025-05-25;Cartao de Credito;Entregue com Atraso;19.71
5406;323;2025-01-16;Cartao de Credito;Entregue com Atraso;90.89
5407;1022;2025-10-25;Pix;Entregue;140.13
5408;498;2025-01-21;Pix;Entregue;30.38
5409;1412;2025-04-27;Pix;Entregue;134.59
5410;424;2025-11-21;Cartao de Credito;Entregue;62.28
5411;825;2026-06-22;Pix;Entregue;57.02
5412;966;2025-10-27;Cartao de Credito;Entregue;58.63
5413;196;2025-07-30;Cartao de Credito;Entregue com Atraso;14.25
5414;1073;2025-11-06;Pix;Em Transito;183.76
5415;1649;2026-02-05;Pix;Entregue;34.49
5416;1017;2024-09-03;Cartao de Credito;Entregue;257.66
5417;62;2024-08-16;Cartao de Credito;Entregue;20.05
5418;1073;2026-01-15;Pix;Entregue;62.3
5419;1229;2026-03-10;Cartao de Credito;Entregue;147.85
5420;884;2026-01-14;Pix;Entregue com Atraso;165.79
5421;897;2026-03-14;Pix;Entregue;212.6
5422;1252;2025-04-25;Boleto;Entregue;293.92
5423;613;2025-08-10;Cartao de Credito;Entregue;133.74
5424;675;2025-07-06;Cartao de Credito;Entregue;28.52
5425;266;2025-06-08;Boleto;Entregue;112.37
5426;1185;2024-10-01;Boleto;Entregue;83.86
5427;548;2024-09-02;Boleto;Entregue com Atraso;27.15
5428;954;2025-07-11;Cartao de Credito;Entregue;324.95
5429;1139;2024-09-18;Cartao de Credito;Entregue;188.44
5430;1565;2024-08-18;Cartao de Credito;Entregue;36.5
5431;266;2025-03-25;Pix;Entregue com Atraso;62.58
5432;325;2024-08-08;Cartao de Credito;Entregue com Atraso;111.52
5433;226;2024-09-10;Pix;Entregue com Atraso;29.46
5434;95;2024-12-03;Pix;Entregue;30.0
5435;182;2024-11-20;Cartao de Debito;Entregue;18.71
5436;1261;2025-01-17;Pix;Entregue;32.8
5437;1571;2025-01-09;Pix;Entregue com Atraso;14.25
5438;1665;2026-02-05;Cartao de Credito;Em Transito;137.01
5439;184;2025-05-03;Boleto;Entregue com Atraso;14.25
5440;154;2026-03-18;Cartao de Credito;Entregue;530.96
5441;604;2024-12-02;Pix;Entregue;23.59
5442;838;2026-04-13;Boleto;Em Transito;136.96
5443;1315;2024-11-19;Cartao de Credito;Entregue com Atraso;46.15
5444;1800;2024-10-20;Pix;Entregue;382.43
5445;1131;2026-04-23;Pix;Entregue;89.84
5446;384;2025-11-10;Cartao de Credito;Cancelado;63.54
5447;1279;2026-04-26;Pix;Em Transito;43.96
5448;833;2026-04-24;Cartao de Credito;Entregue;12.0
5449;825;2025-06-25;Boleto;Entregue;58.79
5450;981;2025-11-27;Cartao de Debito;Entregue com Atraso;791.61
5451;631;2024-09-16;Cartao de Credito;Entregue;114.83
5452;1311;2024-12-12;Cartao de Credito;Entregue com Atraso;24.29
5453;25;2025-07-07;Boleto;Entregue com Atraso;62.74
5454;1193;2025-10-19;Cartao de Credito;Entregue com Atraso;90.86
5455;580;2025-04-07;Cartao de Credito;Cancelado;30.23
5456;35;2026-05-15;Cartao de Credito;Entregue;58.17
5457;1688;2025-12-29;Cartao de Credito;Entregue;89.87
5458;90;2026-02-02;Boleto;Entregue;186.92
5459;59;2025-05-31;Boleto;Cancelado;95.24
5460;255;2026-07-04;Cartao de Credito;Entregue;103.47
5461;1320;2025-03-04;Cartao de Credito;Entregue;123.28
5462;1638;2025-02-05;Boleto;Entregue;371.16
5463;814;2026-04-07;Boleto;Entregue;74.84
5464;1465;2025-07-16;Cartao de Credito;Cancelado;79.01
5465;911;2024-10-05;Cartao de Credito;Entregue com Atraso;54.95
5466;187;2024-11-16;Cartao de Credito;Em Transito;88.35
5467;1755;2025-08-21;Cartao de Credito;Em Transito;30.0
5468;405;2024-09-19;Cartao de Debito;Entregue;68.47
5469;1460;2024-08-14;Pix;Em Transito;15.0
5470;531;2024-11-02;Cartao de Credito;Entregue;107.17
5471;1269;2026-04-23;Cartao de Credito;Entregue;51.36
5472;770;2025-09-07;Boleto;Em Transito;19.02
5473;651;2026-01-03;Cartao de Credito;Entregue;15.0
5474;1037;2026-04-06;Cartao de Credito;Em Transito;21.41
5475;280;2025-06-15;Cartao de Credito;Entregue;234.29
5476;897;2025-03-09;Cartao de Credito;Entregue;181.16
5477;390;2025-07-09;Cartao de Credito;Entregue;148.63
5478;660;2025-06-13;Pix;Em Transito;33.81
5479;564;2025-12-19;Cartao de Credito;Cancelado;107.57
5480;383;2025-08-20;Boleto;Entregue;22.49
5481;745;2024-12-26;Pix;Em Transito;348.95
5482;1626;2025-12-23;Pix;Entregue com Atraso;239.11
5483;838;2024-11-30;Pix;Entregue;145.62
5484;1298;2024-12-09;Boleto;Entregue;347.99
5485;344;2024-11-07;Cartao de Credito;Entregue;33.06
5486;1651;2025-12-03;Pix;Entregue;147.52
5487;442;2024-11-27;Cartao de Credito;Entregue com Atraso;211.93
5488;342;2026-04-25;Pix;Entregue;47.75
5489;367;2026-02-07;Boleto;Entregue;265.91
5490;179;2025-09-03;Cartao de Credito;Entregue;59.72
5491;633;2026-03-11;Cartao de Debito;Entregue;213.19
5492;1173;2025-04-26;Cartao de Debito;Entregue;225.77
5493;92;2025-06-04;Boleto;Entregue;66.77
5494;422;2026-06-17;Cartao de Credito;Em Transito;29.32
5495;1630;2026-04-25;Cartao de Credito;Entregue com Atraso;15.0
5496;226;2026-04-07;Cartao de Credito;Entregue;232.99
5497;416;2025-03-08;Cartao de Credito;Entregue;177.68
5498;163;2025-11-15;Cartao de Credito;Entregue com Atraso;15.0
5499;990;2025-04-13;Cartao de Credito;Entregue com Atraso;62.58
5500;109;2024-11-26;Cartao de Credito;Entregue;108.99
5501;1279;2025-09-19;Cartao de Credito;Entregue com Atraso;26.87
5502;162;2025-01-25;Cartao de Credito;Cancelado;272.74
5503;908;2026-01-26;Pix;Entregue com Atraso;211.52
5504;429;2024-12-01;Pix;Entregue;38.89
5505;30;2026-06-21;Pix;Entregue;103.7
5506;1340;2025-05-12;Cartao de Credito;Entregue;186.32
5507;1159;2025-10-10;Cartao de Credito;Entregue;101.37
5508;141;2025-04-06;Pix;Entregue;80.78
5509;292;2025-12-29;Cartao de Credito;Entregue;418.17
5510;505;2025-05-26;Boleto;Entregue;119.51
5511;122;2025-06-16;Boleto;Entregue;461.95
5512;488;2025-08-23;Cartao de Debito;Cancelado;48.91
5513;388;2024-08-27;Pix;Entregue;98.05
5514;884;2025-10-17;Boleto;Entregue;156.78
5515;522;2025-07-12;Boleto;Entregue;44.99
5516;85;2025-04-30;Cartao de Credito;Entregue;24.99
5517;1422;2026-05-27;Pix;Entregue com Atraso;68.38
5518;1642;2024-08-30;Boleto;Entregue;75.5
5519;1714;2024-08-10;Cartao de Debito;Em Transito;255.49
5520;1750;2025-05-26;Pix;Entregue com Atraso;207.74
5521;1645;2025-08-11;Cartao de Credito;Em Transito;69.41
5522;1672;2026-07-07;Cartao de Credito;Entregue;101.66
5523;1172;2026-02-19;Cartao de Credito;Entregue;226.0
5524;978;2026-02-23;Pix;Entregue;25.67
5525;1356;2024-09-10;Cartao de Credito;Em Transito;22.03
5526;471;2025-08-25;Cartao de Credito;Em Transito;151.83
5527;1731;2026-06-18;Pix;Entregue;67.18
5528;333;2025-05-11;Pix;Em Transito;24.43
5529;1227;2025-12-18;Pix;Entregue;226.53
5530;263;2024-11-07;Cartao de Credito;Entregue;18.28
5531;1575;2025-12-08;Pix;Cancelado;156.01
5532;1229;2025-12-06;Pix;Cancelado;131.03
5533;1073;2024-08-12;Cartao de Debito;Entregue;124.36
5534;1384;2025-02-04;Cartao de Credito;Entregue;412.13
5535;1778;2024-10-06;Pix;Entregue;209.94
5536;1486;2025-08-29;Cartao de Credito;Entregue;187.26
5537;835;2025-09-08;Boleto;Entregue;66.0
5538;1344;2026-07-31;Pix;Entregue;191.61
5539;921;2025-03-19;Cartao de Credito;Entregue;329.58
5540;914;2025-06-19;Boleto;Entregue;19.19
5541;1129;2026-04-24;Cartao de Credito;Entregue;535.23
5542;1073;2024-12-12;Pix;Entregue com Atraso;590.9
5543;109;2024-12-28;Cartao de Credito;Entregue;541.57
5544;1451;2025-04-21;Pix;Entregue com Atraso;89.54
5545;52;2024-12-02;Pix;Entregue;335.54
5546;1709;2024-09-08;Pix;Em Transito;40.76
5547;1151;2025-12-21;Cartao de Credito;Entregue;274.44
5548;1279;2025-07-17;Boleto;Entregue;62.36
5549;841;2024-10-13;Boleto;Entregue;311.61
5550;1425;2025-12-31;Boleto;Entregue;198.22
5551;935;2024-09-28;Pix;Entregue;249.33
5552;195;2024-09-20;Boleto;Entregue;57.59
5553;1609;2026-01-11;Cartao de Credito;Entregue;354.52
5554;567;2025-02-27;Pix;Entregue;243.37
5555;1622;2024-11-22;Pix;Em Transito;109.57
5556;1246;2025-01-08;Cartao de Debito;Entregue;71.38
5557;90;2024-11-05;Cartao de Debito;Entregue;193.43
5558;896;2025-03-23;Cartao de Credito;Entregue com Atraso;75.14
5559;1229;2026-02-08;Cartao de Credito;Entregue;48.91
5560;1202;2025-04-13;Pix;Em Transito;289.58
5561;955;2024-12-23;Cartao de Credito;Entregue;113.62
5562;1330;2026-04-26;Cartao de Credito;Entregue;72.95
5563;593;2025-05-16;Cartao de Credito;Em Transito;137.7
5564;782;2026-04-27;Cartao de Credito;Entregue;239.77
5565;181;2026-02-16;Pix;Entregue;212.15
5566;1358;2025-06-17;Boleto;Entregue;69.37
5567;306;2025-09-11;Boleto;Entregue;492.35
5568;683;2026-03-29;Cartao de Credito;Entregue;60.69
5569;1053;2024-12-26;Cartao de Debito;Entregue com Atraso;100.59
5570;30;2026-03-13;Cartao de Credito;Entregue;388.2
5571;1044;2025-12-25;Pix;Entregue;366.88
5572;1167;2024-11-23;Pix;Entregue;154.69
5573;1774;2025-07-02;Boleto;Entregue;19.02
5574;1672;2025-10-04;Pix;Cancelado;40.43
5575;1346;2024-11-10;Pix;Entregue;113.42
5576;1049;2025-08-08;Pix;Entregue;84.85
5577;782;2025-03-08;Pix;Entregue;76.4
5578;4;2026-03-31;Pix;Entregue com Atraso;90.86
5579;1668;2026-03-25;Pix;Entregue;457.97
5580;1658;2025-11-28;Boleto;Entregue;209.63
5581;13;2026-04-27;Cartao de Credito;Entregue;55.68
5582;1171;2025-12-13;Cartao de Credito;Cancelado;86.35
5583;1264;2024-08-30;Cartao de Credito;Entregue;203.25
5584;328;2025-06-16;Boleto;Em Transito;163.5
5585;584;2026-01-21;Cartao de Credito;Entregue com Atraso;230.5
5586;1757;2026-01-26;Cartao de Credito;Entregue;15.0
5587;789;2024-09-11;Cartao de Credito;Entregue;323.04
5588;947;2026-02-26;Pix;Em Transito;62.12
5589;1124;2026-06-30;Boleto;Entregue;158.31
5590;1652;2024-10-21;Cartao de Credito;Entregue;65.52
5591;1229;2025-06-27;Cartao de Credito;Entregue com Atraso;31.1
5592;108;2024-10-17;Cartao de Credito;Entregue;344.76
5593;1425;2025-02-16;Pix;Entregue;18.07
5594;527;2025-04-04;Pix;Em Transito;47.45
5595;567;2025-04-19;Cartao de Credito;Entregue;70.44
5596;966;2025-04-03;Cartao de Credito;Entregue;239.3
5597;1299;2025-07-29;Cartao de Credito;Entregue;97.26
5598;619;2026-03-15;Boleto;Em Transito;226.28
5599;1507;2026-05-08;Cartao de Debito;Entregue;159.26
5600;154;2024-08-24;Pix;Entregue;58.11
5601;1441;2025-09-04;Cartao de Credito;Entregue;72.09
5602;388;2026-07-22;Pix;Entregue;124.24
5603;1119;2025-11-22;Pix;Entregue;108.02
5604;1092;2024-10-03;Boleto;Entregue;94.95
5605;814;2026-01-20;Cartao de Credito;Entregue;72.09
5606;1304;2025-01-20;Cartao de Credito;Entregue;165.18
5607;429;2025-05-14;Cartao de Debito;Em Transito;201.69
5608;1109;2025-11-17;Pix;Cancelado;97.37
5609;1649;2025-09-06;Cartao de Credito;Entregue;81.06
5610;1379;2026-05-03;Pix;Entregue;320.51
5611;445;2026-03-12;Cartao de Credito;Entregue com Atraso;176.83
5612;1794;2025-05-06;Pix;Entregue;198.34
5613;770;2026-03-04;Cartao de Credito;Entregue com Atraso;15.84
5614;1532;2026-01-16;Boleto;Entregue;18.81
5615;1185;2025-04-27;Boleto;Entregue;68.98
5616;1214;2024-11-15;Pix;Cancelado;15.0
5617;419;2026-03-05;Boleto;Entregue;54.95
5618;1204;2025-01-12;Cartao de Credito;Entregue com Atraso;37.49
5619;82;2025-02-26;Cartao de Credito;Entregue com Atraso;236.37
5620;20;2025-04-20;Pix;Entregue;45.06
5621;1759;2024-11-19;Cartao de Debito;Entregue com Atraso;83.15
5622;1658;2025-10-10;Pix;Entregue;60.06
5623;1085;2025-11-03;Cartao de Credito;Entregue;15.0
5624;626;2026-01-10;Pix;Entregue com Atraso;55.92
5625;631;2024-11-21;Cartao de Credito;Em Transito;151.71
5626;825;2026-04-26;Cartao de Credito;Entregue;85.97
5627;912;2026-01-21;Boleto;Em Transito;182.11
5628;623;2024-09-26;Boleto;Entregue;34.42
5629;848;2026-01-31;Cartao de Credito;Entregue com Atraso;24.0
5630;496;2026-06-09;Cartao de Credito;Entregue;51.73
5631;1751;2025-06-17;Pix;Cancelado;19.9
5632;1472;2025-08-22;Pix;Entregue;75.2
5633;939;2025-01-13;Cartao de Credito;Entregue;152.68
5634;1441;2026-03-23;Cartao de Credito;Entregue;64.64
5635;1214;2025-06-14;Boleto;Entregue;159.42
5636;794;2025-04-25;Cartao de Credito;Entregue;45.06
5637;1693;2025-09-04;Cartao de Credito;Entregue;37.88
5638;809;2025-10-02;Cartao de Credito;Entregue;15.99
5639;153;2024-10-03;Cartao de Credito;Entregue;174.4
5640;1464;2026-07-21;Cartao de Credito;Entregue;164.66
5641;1549;2026-06-17;Cartao de Credito;Entregue;201.15
5642;903;2026-03-14;Pix;Entregue;81.8
5643;154;2026-05-21;Cartao de Credito;Cancelado;191.61
5644;765;2026-03-28;Cartao de Credito;Entregue;149.56
5645;312;2025-05-24;Cartao de Credito;Entregue;272.99
5646;1655;2025-01-26;Boleto;Entregue;214.66
5647;501;2025-02-06;Pix;Entregue;190.77
5648;1059;2026-06-05;Cartao de Debito;Cancelado;235.91
5649;1403;2025-02-02;Cartao de Credito;Entregue;114.6
5650;1682;2026-03-05;Pix;Entregue;35.91
5651;1041;2025-08-07;Pix;Entregue;68.49
5652;921;2025-05-10;Pix;Entregue;84.55
5653;1089;2026-02-04;Boleto;Entregue;155.35
5654;814;2024-10-12;Pix;Entregue;153.28
5655;83;2025-05-16;Cartao de Credito;Entregue;298.62
5656;982;2025-05-23;Cartao de Credito;Cancelado;305.95
5657;309;2024-12-06;Cartao de Debito;Entregue com Atraso;362.73
5658;1174;2024-09-16;Cartao de Credito;Entregue;62.12
5659;1279;2025-04-16;Cartao de Credito;Cancelado;204.84
5660;1731;2026-03-31;Cartao de Credito;Em Transito;35.91
5661;1625;2025-05-21;Cartao de Debito;Entregue;270.77
5662;396;2024-12-18;Cartao de Credito;Entregue;12.75
5663;1672;2026-01-23;Cartao de Credito;Entregue;192.75
5664;1563;2024-10-25;Pix;Entregue;128.98
5665;263;2026-06-07;Cartao de Credito;Entregue;53.1
5666;59;2026-04-27;Cartao de Credito;Entregue;22.26
5667;1393;2025-01-28;Pix;Entregue;65.46
5668;633;2025-05-04;Boleto;Entregue;87.53
5669;1085;2026-05-24;Pix;Entregue;121.1
5670;384;2025-04-17;Pix;Entregue;72.61
5671;966;2024-11-03;Cartao de Credito;Entregue;653.38
5672;59;2025-12-03;Cartao de Credito;Em Transito;39.96
5673;405;2025-03-24;Boleto;Entregue;35.55
5674;670;2024-08-18;Cartao de Credito;Entregue;118.24
5675;141;2025-03-27;Pix;Entregue com Atraso;40.04
5676;237;2024-10-25;Cartao de Debito;Entregue;465.49
5677;1;2025-12-06;Cartao de Credito;Entregue;24.99
5678;1426;2026-04-02;Pix;Entregue;163.85
5679;1042;2024-10-22;Cartao de Credito;Entregue;190.88
5680;1447;2025-04-08;Cartao de Credito;Entregue;39.96
5681;1513;2025-09-10;Cartao de Credito;Entregue;87.55
5682;1279;2024-08-14;Boleto;Entregue com Atraso;128.17
5683;1001;2025-08-25;Cartao de Credito;Entregue;52.54
5684;699;2026-07-20;Boleto;Entregue com Atraso;285.86
5685;949;2024-08-04;Cartao de Credito;Entregue;30.38
5686;952;2026-01-27;Cartao de Credito;Em Transito;14.25
5687;493;2025-11-14;Cartao de Credito;Em Transito;179.4
5688;575;2025-05-06;Cartao de Credito;Em Transito;144.48
5689;1305;2026-02-24;Pix;Cancelado;38.41
5690;1731;2024-11-10;Cartao de Credito;Entregue;145.11
5691;567;2025-12-07;Pix;Entregue;155.35
5692;1202;2025-10-11;Pix;Entregue;345.22
5693;142;2025-12-07;Boleto;Entregue;83.67
5694;1749;2025-11-13;Cartao de Debito;Entregue;99.3
5695;887;2026-06-13;Cartao de Debito;Entregue com Atraso;118.39
5696;1468;2025-08-28;Cartao de Credito;Entregue;116.4
5697;485;2025-04-04;Pix;Entregue;38.13
5698;922;2026-02-22;Pix;Entregue;144.15
5699;1762;2026-06-25;Cartao de Debito;Em Transito;298.31
5700;137;2024-12-03;Cartao de Credito;Entregue;90.09
5701;1335;2024-11-19;Pix;Entregue;353.09
5702;185;2026-04-12;Pix;Entregue;155.92
5703;1468;2025-10-09;Pix;Cancelado;143.67
5704;1156;2026-02-16;Cartao de Credito;Entregue;101.76
5705;1211;2026-05-16;Cartao de Debito;Entregue;214.63
5706;687;2025-05-29;Cartao de Credito;Entregue;84.58
5707;659;2025-01-11;Cartao de Debito;Entregue com Atraso;249.82
5708;531;2025-08-11;Cartao de Credito;Em Transito;25.67
5709;618;2025-11-30;Cartao de Credito;Entregue com Atraso;71.98
5710;87;2024-09-09;Cartao de Credito;Entregue;252.25
5711;573;2026-03-07;Pix;Entregue;29.89
5712;226;2024-12-05;Cartao de Credito;Entregue;41.66
5713;1279;2025-05-05;Pix;Entregue;197.14
5714;603;2025-09-13;Cartao de Credito;Entregue;25.5
5715;1502;2025-12-08;Cartao de Credito;Entregue;57.73
5716;1424;2026-01-24;Pix;Entregue;15.0
5717;631;2025-09-21;Pix;Entregue;58.17
5718;927;2026-06-02;Cartao de Credito;Entregue;93.41
5719;1737;2026-05-31;Cartao de Credito;Entregue;17.06
5720;99;2026-05-16;Boleto;Entregue;43.06
5721;776;2026-02-01;Cartao de Credito;Entregue;236.93
5722;618;2026-03-29;Boleto;Entregue com Atraso;161.88
5723;124;2026-05-29;Cartao de Credito;Entregue;22.36
5724;1012;2025-01-03;Pix;Entregue;690.6
5725;1140;2026-04-20;Cartao de Credito;Entregue;14.25
5726;162;2025-08-25;Boleto;Entregue;30.37
5727;1546;2025-04-12;Cartao de Credito;Entregue;109.04
5728;676;2026-01-05;Cartao de Credito;Entregue;355.59
5729;867;2026-03-25;Cartao de Credito;Entregue;270.48
5730;968;2024-11-10;Cartao de Credito;Entregue;31.16
5731;1269;2024-12-30;Cartao de Credito;Entregue;179.38
5732;1184;2025-02-03;Boleto;Entregue;256.59
5733;998;2026-06-10;Cartao de Credito;Entregue;62.12
5734;618;2026-03-19;Cartao de Credito;Entregue;27.0
5735;903;2026-05-07;Cartao de Credito;Entregue;59.78
5736;1651;2026-01-21;Cartao de Debito;Entregue;85.48
5737;950;2026-04-14;Cartao de Credito;Entregue com Atraso;48.55
5738;1635;2026-07-04;Pix;Entregue;15.99
5739;825;2024-12-19;Pix;Entregue;154.74
5740;1100;2025-07-21;Pix;Em Transito;86.49
5741;309;2026-05-08;Boleto;Entregue;45.0
5742;468;2024-08-29;Pix;Entregue;187.47
5743;435;2025-07-17;Cartao de Credito;Entregue;57.98
5744;1558;2025-06-15;Pix;Em Transito;221.07
5745;1229;2026-01-29;Pix;Cancelado;230.27
5746;631;2026-05-22;Cartao de Credito;Entregue;87.09
5747;383;2024-08-04;Pix;Entregue;144.79
5748;334;2025-03-11;Cartao de Credito;Entregue;155.04
5749;1570;2024-10-02;Boleto;Entregue;386.17
5750;1505;2024-08-21;Cartao de Credito;Entregue;194.12
5751;1165;2024-09-02;Pix;Entregue;191.9
5752;1159;2026-06-11;Cartao de Credito;Entregue;123.8
5753;88;2025-01-01;Pix;Em Transito;18.58
5754;825;2025-03-28;Pix;Entregue com Atraso;184.25
5755;1360;2025-01-24;Pix;Entregue;219.58
5756;1672;2025-05-30;Pix;Entregue;98.05
5757;1550;2026-05-02;Pix;Entregue;141.94
5758;670;2024-09-07;Pix;Entregue;40.59
5759;1413;2025-03-25;Pix;Em Transito;15.54
5760;841;2024-11-27;Pix;Cancelado;18.71
5761;128;2025-03-24;Pix;Entregue com Atraso;117.02
5762;1638;2026-06-06;Cartao de Debito;Em Transito;36.6
5763;1416;2024-08-30;Cartao de Credito;Entregue;50.47
5764;84;2026-04-13;Pix;Entregue;43.1
5765;1279;2025-05-07;Pix;Cancelado;45.63
5766;1583;2026-01-15;Cartao de Credito;Entregue;79.23
5767;623;2026-06-20;Pix;Entregue;186.06
5768;608;2025-05-10;Boleto;Entregue;27.34
5769;1604;2026-06-27;Cartao de Credito;Entregue;137.95
5770;1222;2025-07-19;Pix;Entregue com Atraso;19.61
5771;1471;2026-07-28;Cartao de Credito;Entregue com Atraso;279.94
5772;538;2025-06-07;Cartao de Credito;Em Transito;694.68
5773;1714;2026-04-16;Pix;Entregue;207.5
5774;383;2026-04-16;Boleto;Entregue;39.16
5775;1266;2025-07-08;Pix;Entregue;432.51
5776;1499;2024-12-31;Cartao de Credito;Entregue com Atraso;108.67
5777;1627;2024-10-14;Cartao de Credito;Em Transito;221.97
5778;1591;2025-04-10;Pix;Entregue;47.44
5779;819;2025-12-08;Boleto;Entregue;47.29
5780;1456;2024-11-23;Cartao de Credito;Entregue com Atraso;378.22
5781;1268;2026-05-22;Pix;Entregue;174.12
5782;1645;2025-10-26;Pix;Em Transito;197.27
5783;325;2026-05-26;Pix;Entregue;110.28
5784;97;2026-01-08;Pix;Cancelado;48.58
5785;562;2026-06-09;Pix;Entregue;91.97
5786;391;2025-05-23;Pix;Entregue;152.21
5787;409;2025-02-27;Cartao de Credito;Entregue;207.53
5788;1119;2024-09-05;Pix;Cancelado;69.57
5789;1658;2025-10-27;Cartao de Debito;Entregue;108.02
5790;1462;2024-11-20;Pix;Entregue;535.45
5791;467;2024-10-23;Cartao de Credito;Entregue;140.81
5792;1284;2025-01-14;Pix;Entregue com Atraso;432.09
5793;353;2025-06-08;Cartao de Credito;Em Transito;91.19
5794;367;2025-01-24;Pix;Cancelado;442.17
5795;1549;2024-11-15;Boleto;Entregue;76.1
5796;1613;2026-03-16;Pix;Cancelado;15.0
5797;323;2025-08-24;Pix;Entregue com Atraso;23.54
5798;1229;2026-03-18;Pix;Entregue;91.01
5799;1797;2024-12-20;Pix;Entregue;416.66
5800;1412;2025-11-30;Cartao de Credito;Entregue;138.4
5801;172;2025-11-02;Pix;Entregue;178.34
5802;207;2024-08-18;Pix;Entregue;63.54
5803;23;2025-05-04;Cartao de Credito;Entregue;243.18
5804;1742;2024-12-27;Pix;Entregue;417.7
5805;138;2025-12-17;Boleto;Entregue;44.16
5806;290;2025-06-20;Cartao de Credito;Em Transito;12.0
5807;1064;2024-10-07;Pix;Entregue;86.54
5808;637;2026-04-14;Pix;Entregue;86.54
5809;836;2025-01-08;Pix;Entregue com Atraso;35.69
5810;825;2025-03-05;Cartao de Credito;Entregue;38.24
5811;1204;2026-06-22;Cartao de Credito;Entregue;325.18
5812;697;2024-11-29;Cartao de Credito;Entregue com Atraso;306.56
5813;277;2026-07-20;Boleto;Entregue;35.47
5814;1557;2024-08-07;Pix;Entregue;45.55
5815;621;2026-03-31;Boleto;Entregue;70.16
5816;1222;2024-12-29;Pix;Cancelado;328.3
5817;346;2025-10-04;Cartao de Credito;Entregue;103.36
5818;1621;2026-01-12;Cartao de Credito;Entregue;459.51
5819;945;2026-07-16;Cartao de Credito;Entregue;100.52
5820;569;2025-08-17;Pix;Entregue;30.02
5821;966;2026-07-20;Cartao de Credito;Entregue;268.38
5822;680;2025-04-11;Boleto;Entregue;255.66
5823;573;2025-05-10;Pix;Entregue;38.24
5824;604;2026-03-28;Cartao de Debito;Entregue com Atraso;164.37
5825;1566;2026-04-26;Cartao de Credito;Entregue;78.99
5826;1305;2025-11-18;Boleto;Cancelado;34.8
5827;966;2026-07-23;Cartao de Debito;Entregue;222.5
5828;1731;2024-11-28;Pix;Entregue com Atraso;45.63
5829;659;2025-05-09;Cartao de Debito;Entregue;58.63
5830;1212;2025-05-01;Cartao de Credito;Entregue;46.32
5831;416;2026-04-10;Cartao de Credito;Entregue;40.76
5832;941;2025-03-26;Cartao de Credito;Entregue com Atraso;58.03
5833;150;2025-02-04;Cartao de Debito;Entregue;25.67
5834;1707;2025-03-08;Pix;Entregue com Atraso;37.42
5835;1231;2026-06-04;Cartao de Credito;Entregue;120.65
5836;79;2026-04-21;Cartao de Credito;Entregue;55.99
5837;56;2025-08-03;Cartao de Credito;Entregue com Atraso;342.32
5838;1596;2026-05-24;Cartao de Credito;Em Transito;163.24
5839;841;2025-05-25;Pix;Entregue;55.2
5840;596;2025-08-25;Cartao de Credito;Entregue com Atraso;39.13
5841;1478;2025-08-29;Cartao de Credito;Entregue;118.03
5842;193;2025-01-19;Cartao de Credito;Entregue;40.88
5843;494;2026-02-09;Cartao de Credito;Cancelado;341.81
5844;1433;2025-02-05;Boleto;Entregue;198.34
5845;1374;2024-12-28;Pix;Entregue;381.38
5846;1311;2025-10-19;Cartao de Credito;Entregue;174.09
5847;383;2025-04-22;Pix;Entregue com Atraso;65.74
5848;920;2025-08-31;Cartao de Credito;Entregue;53.82
5849;614;2024-12-20;Cartao de Debito;Entregue;101.58
5850;1287;2025-07-12;Pix;Entregue com Atraso;153.62
5851;1279;2024-08-30;Pix;Entregue;330.31
5852;239;2026-07-13;Cartao de Credito;Entregue;33.34
5853;837;2024-09-04;Cartao de Credito;Entregue;240.53
5854;541;2024-09-27;Pix;Cancelado;40.89
5855;887;2025-01-28;Cartao de Credito;Cancelado;23.08
5856;59;2025-02-24;Cartao de Credito;Cancelado;165.36
5857;1731;2024-09-11;Cartao de Credito;Entregue;650.7
5858;869;2025-12-16;Cartao de Credito;Entregue;403.68
5859;1121;2026-07-07;Cartao de Debito;Entregue;173.17
5860;1202;2024-10-05;Boleto;Entregue;23.54
5861;1677;2025-10-16;Cartao de Debito;Entregue;108.68
5862;666;2025-05-10;Pix;Entregue;173.26
5863;1055;2026-05-12;Cartao de Credito;Entregue;90.89
5864;221;2025-07-27;Pix;Entregue;50.5
5865;624;2024-11-13;Boleto;Entregue com Atraso;105.85
5866;1050;2025-12-21;Cartao de Credito;Entregue;64.4
5867;1032;2025-10-13;Boleto;Entregue;162.76
5868;825;2025-06-17;Cartao de Credito;Cancelado;211.32
5869;1358;2024-10-09;Pix;Cancelado;33.02
5870;559;2024-12-14;Pix;Entregue;220.38
5871;251;2025-05-06;Cartao de Credito;Entregue;55.17
5872;1558;2025-12-25;Cartao de Credito;Entregue;305.11
5873;531;2025-02-14;Pix;Entregue com Atraso;179.4
5874;1339;2024-08-29;Pix;Entregue;371.36
5875;1622;2025-11-21;Cartao de Debito;Entregue;74.24
5876;1468;2025-06-03;Pix;Entregue;18.71
5877;1229;2026-06-19;Cartao de Credito;Entregue;184.93
5878;377;2025-11-28;Pix;Entregue;18.81
5879;690;2026-02-13;Cartao de Credito;Entregue com Atraso;310.16
5880;745;2025-09-04;Cartao de Credito;Entregue;37.01
5881;181;2026-05-14;Pix;Entregue com Atraso;42.15
5882;1672;2025-05-08;Pix;Entregue;405.79
5883;405;2024-09-25;Boleto;Entregue com Atraso;93.42
5884;191;2025-10-12;Cartao de Credito;Em Transito;337.61
5885;184;2024-08-31;Cartao de Credito;Entregue;78.59
5886;1431;2026-05-31;Pix;Entregue;32.88
5887;1563;2026-02-11;Pix;Entregue;115.17
5888;1558;2026-02-21;Boleto;Entregue;221.42
5889;1672;2025-03-04;Cartao de Credito;Entregue com Atraso;47.24
5890;1017;2024-12-25;Cartao de Credito;Entregue;49.94
5891;756;2026-06-09;Pix;Entregue;146.34
5892;746;2024-12-28;Pix;Em Transito;23.54
5893;244;2024-09-08;Cartao de Credito;Entregue;50.01
5894;294;2024-12-28;Pix;Entregue;158.08
5895;838;2026-06-09;Cartao de Debito;Entregue;156.28
5896;849;2026-07-12;Pix;Entregue;57.1
5897;1455;2025-10-27;Pix;Entregue;258.8
5898;1676;2026-03-14;Pix;Entregue;110.86
5899;501;2026-04-19;Pix;Em Transito;88.87
5900;876;2026-05-11;Cartao de Credito;Entregue;135.48
5901;1054;2026-01-21;Cartao de Debito;Entregue;66.72
5902;540;2026-01-22;Boleto;Entregue;219.82
5903;1688;2025-06-26;Cartao de Credito;Entregue;148.74
5904;1731;2025-11-29;Cartao de Credito;Entregue;169.16
5905;68;2026-07-25;Boleto;Entregue;218.26
5906;1115;2026-01-16;Cartao de Credito;Entregue;261.1
5907;1073;2025-11-19;Cartao de Debito;Entregue;94.41
5908;1059;2025-05-10;Cartao de Credito;Entregue;1165.51
5909;1229;2024-11-10;Cartao de Credito;Entregue;101.8
5910;1605;2026-02-17;Pix;Entregue;217.53
5911;1154;2026-01-17;Cartao de Debito;Entregue com Atraso;25.52
5912;961;2026-06-22;Cartao de Credito;Entregue;35.02
5913;1658;2026-06-28;Cartao de Credito;Entregue;41.5
5914;1279;2025-08-02;Cartao de Debito;Entregue;34.04
5915;1107;2025-01-21;Pix;Cancelado;469.42
5916;387;2025-12-22;Pix;Entregue com Atraso;70.78
5917;1366;2025-09-17;Cartao de Credito;Entregue;12.75
5918;1193;2024-12-04;Boleto;Entregue;34.56
5919;56;2025-02-20;Cartao de Credito;Entregue com Atraso;56.68
5920;161;2024-08-23;Boleto;Entregue com Atraso;94.55
5921;1431;2024-09-26;Cartao de Credito;Entregue com Atraso;18.2
5922;310;2026-07-09;Cartao de Debito;Entregue;15.0
5923;249;2024-12-28;Boleto;Entregue;233.05
5924;203;2025-05-08;Cartao de Debito;Entregue;21.47
5925;845;2025-01-02;Cartao de Credito;Entregue;71.46
5926;254;2025-05-18;Cartao de Credito;Em Transito;37.34
5927;129;2024-09-17;Pix;Entregue;253.32
5928;47;2026-03-10;Cartao de Credito;Entregue;34.49
5929;179;2026-04-03;Cartao de Credito;Entregue;94.95
5930;1305;2026-06-16;Pix;Entregue com Atraso;498.52
5931;46;2026-02-16;Pix;Entregue;291.92
5932;169;2025-01-08;Cartao de Credito;Entregue;245.25
5933;24;2024-11-13;Pix;Em Transito;73.29
5934;338;2024-10-07;Pix;Entregue;15.0
5935;1229;2024-09-19;Pix;Entregue;152.12
5936;814;2024-08-26;Cartao de Credito;Entregue;45.31
5937;1751;2026-07-14;Boleto;Entregue;36.53
5938;624;2025-06-03;Cartao de Debito;Entregue;215.96
5939;434;2025-01-02;Pix;Entregue com Atraso;189.92
5940;1079;2025-10-05;Cartao de Credito;Entregue;208.84
5941;801;2024-08-20;Boleto;Entregue;48.58
5942;130;2025-03-01;Pix;Entregue;305.91
5943;527;2025-12-02;Cartao de Credito;Entregue;34.48
5944;1095;2026-07-24;Cartao de Credito;Entregue;164.91
5945;1355;2026-01-05;Cartao de Credito;Em Transito;17.91
5946;418;2026-03-09;Cartao de Credito;Em Transito;177.75
5947;1322;2026-01-11;Boleto;Entregue;113.52
5948;1229;2025-05-21;Cartao de Debito;Em Transito;41.5
5949;1723;2025-08-12;Cartao de Credito;Entregue;49.19
5950;431;2026-02-14;Boleto;Entregue com Atraso;108.21
5951;452;2026-02-09;Cartao de Credito;Entregue;352.59
5952;1172;2025-04-16;Pix;Em Transito;17.23
5953;268;2025-12-19;Pix;Entregue com Atraso;48.76
5954;1731;2026-05-24;Boleto;Em Transito;116.42
5955;1333;2025-10-14;Pix;Entregue;148.09
5956;1207;2026-06-22;Boleto;Entregue;113.92
5957;1493;2024-08-08;Cartao de Credito;Entregue;471.98
5958;1127;2026-04-02;Cartao de Credito;Entregue;302.31
5959;559;2026-02-19;Cartao de Debito;Entregue;248.49
5960;867;2024-10-17;Pix;Cancelado;37.44
5961;1507;2025-07-18;Boleto;Entregue;57.15
5962;1433;2026-01-02;Cartao de Credito;Entregue;57.02
5963;462;2026-04-21;Pix;Em Transito;38.08
5964;609;2026-03-04;Cartao de Debito;Entregue;44.38
5965;504;2026-06-23;Cartao de Credito;Entregue com Atraso;528.0
5966;1109;2025-03-29;Cartao de Credito;Entregue;22.03
5967;421;2026-01-19;Cartao de Credito;Entregue com Atraso;247.81
5968;1032;2025-12-29;Cartao de Credito;Cancelado;139.64
5969;562;2025-02-04;Pix;Entregue;153.28
5970;1427;2025-12-04;Cartao de Credito;Entregue com Atraso;98.96
5971;198;2024-12-23;Pix;Em Transito;14.25
5972;825;2026-04-09;Pix;Entregue;74.2
5973;208;2024-08-10;Cartao de Credito;Entregue;102.29
5974;825;2026-06-22;Pix;Entregue;154.41
5975;1457;2025-02-03;Cartao de Debito;Entregue;80.67
5976;1468;2026-01-02;Pix;Entregue;198.56
5977;292;2025-04-16;Cartao de Credito;Entregue;139.85
5978;634;2025-03-02;Pix;Entregue;95.59
5979;573;2025-08-08;Cartao de Credito;Entregue;417.2
5980;1431;2025-03-06;Cartao de Credito;Entregue;107.96
5981;1070;2024-08-28;Boleto;Cancelado;35.82
5982;1497;2025-04-13;Pix;Entregue;92.4
5983;816;2026-02-15;Boleto;Entregue;310.73
5984;1689;2025-10-07;Cartao de Credito;Cancelado;121.1
5985;983;2025-02-11;Cartao de Credito;Entregue;98.88
5986;354;2025-11-08;Cartao de Debito;Entregue;57.15
5987;1246;2025-02-21;Boleto;Entregue;248.64
5988;109;2025-11-12;Pix;Entregue;115.37
5989;154;2024-08-14;Pix;Entregue;42.15
5990;1469;2024-08-10;Cartao de Credito;Cancelado;15.0
5991;631;2025-01-14;Cartao de Credito;Entregue;80.78
5992;1591;2025-11-20;Cartao de Debito;Entregue;55.68
5993;1785;2025-02-22;Pix;Entregue;134.56
5994;92;2024-08-23;Pix;Em Transito;124.09
5995;292;2026-04-13;Cartao de Credito;Entregue;31.39
5996;1293;2024-12-16;Cartao de Credito;Entregue;64.94
5997;1731;2025-11-25;Boleto;Entregue com Atraso;23.19
5998;1050;2025-12-20;Pix;Entregue;15.0
5999;489;2025-09-16;Pix;Entregue;15.0
6000;513;2025-07-23;Cartao de Credito;Entregue;210.77
6001;49;2025-03-04;Pix;Cancelado;84.11
6002;621;2026-04-30;Cartao de Credito;Em Transito;36.22
6003;618;2024-08-12;Cartao de Credito;Entregue;29.89
6004;1537;2026-02-20;Boleto;Entregue;30.02
6005;1264;2025-05-19;Pix;Entregue;104.84
6006;549;2025-02-20;Cartao de Debito;Em Transito;113.14
6007;626;2025-05-16;Pix;Em Transito;215.15
6008;579;2026-01-24;Cartao de Credito;Entregue;162.44
6009;867;2024-12-14;Pix;Entregue;379.64
6010;251;2025-12-27;Cartao de Debito;Entregue;40.93
6011;637;2024-10-02;Pix;Entregue com Atraso;54.95
6012;44;2025-08-31;Boleto;Em Transito;152.49
6013;718;2026-06-12;Pix;Entregue;326.59
6014;31;2025-05-01;Pix;Entregue;79.34
6015;92;2026-05-27;Pix;Entregue;101.37
6016;966;2025-11-29;Cartao de Credito;Entregue;267.54
6017;887;2024-08-10;Boleto;Entregue;38.13
6018;1509;2025-01-11;Pix;Entregue;306.56
6019;841;2024-09-20;Cartao de Credito;Entregue;15.0
6020;1231;2025-10-12;Pix;Entregue;188.69
6021;1087;2024-10-17;Cartao de Credito;Entregue;163.24
6022;867;2025-04-23;Cartao de Credito;Entregue;30.0
6023;1611;2024-11-08;Pix;Entregue;114.05
6024;1344;2026-04-20;Cartao de Credito;Entregue;135.28
6025;264;2024-08-26;Pix;Entregue com Atraso;179.87
6026;1244;2025-11-17;Cartao de Credito;Em Transito;236.94
6027;187;2026-01-16;Pix;Entregue;143.43
6028;350;2025-04-18;Cartao de Credito;Entregue;232.56
6029;466;2025-08-31;Boleto;Entregue;30.0
6030;559;2025-03-04;Cartao de Credito;Entregue;98.19
6031;1546;2026-01-25;Pix;Entregue;31.91
6032;588;2025-10-19;Pix;Entregue;91.09
6033;1229;2025-11-14;Boleto;Entregue;46.9
6034;604;2024-09-08;Cartao de Credito;Entregue;32.5
6035;1220;2025-01-05;Cartao de Credito;Entregue;465.23
6036;1721;2025-11-10;Cartao de Credito;Entregue;28.5
6037;832;2025-10-27;Boleto;Entregue;145.62
6038;754;2025-04-11;Pix;Em Transito;658.74
6039;483;2025-07-28;Cartao de Debito;Entregue;76.57
6040;1391;2026-05-21;Pix;Entregue;148.0
6041;159;2026-06-08;Cartao de Credito;Entregue;216.6
6042;21;2026-07-26;Cartao de Credito;Entregue;544.97
6043;1205;2025-08-30;Cartao de Credito;Entregue;69.98
6044;1735;2025-02-14;Pix;Entregue;33.78
6045;123;2026-03-19;Cartao de Credito;Entregue;40.82
6046;1156;2025-06-14;Cartao de Debito;Entregue;104.68
6047;1058;2026-06-15;Boleto;Entregue com Atraso;74.67
6048;258;2025-01-19;Cartao de Credito;Entregue;149.84
6049;709;2025-08-26;Cartao de Credito;Entregue;34.15
6050;564;2025-09-14;Cartao de Credito;Entregue;34.7
6051;454;2026-03-15;Pix;Entregue;190.59
6052;1511;2025-02-18;Cartao de Credito;Em Transito;63.96
6053;1771;2025-08-02;Cartao de Credito;Em Transito;15.0
6054;841;2026-07-01;Pix;Entregue;698.82
6055;378;2024-11-14;Cartao de Credito;Entregue;124.23
6056;1001;2026-06-07;Boleto;Entregue;332.05
6057;460;2026-06-10;Pix;Entregue com Atraso;17.37
6058;1597;2025-07-19;Cartao de Credito;Entregue;93.55
6059;1097;2024-10-24;Pix;Entregue com Atraso;31.39
6060;335;2026-01-13;Cartao de Credito;Entregue com Atraso;119.57
6061;1240;2025-11-20;Pix;Entregue com Atraso;112.39
6062;1229;2026-06-06;Cartao de Debito;Entregue;35.83
6063;1770;2026-05-18;Pix;Entregue;237.93
6064;226;2025-07-04;Cartao de Debito;Entregue;123.07
6065;1297;2025-01-08;Cartao de Credito;Em Transito;60.88
6066;604;2025-12-01;Boleto;Entregue;169.78
6067;1710;2026-06-12;Cartao de Debito;Entregue;32.83
6068;825;2025-09-12;Cartao de Credito;Cancelado;189.42
6069;1100;2025-06-30;Cartao de Debito;Entregue com Atraso;342.52
6070;733;2025-07-15;Pix;Entregue com Atraso;282.63
6071;544;2026-06-25;Pix;Entregue;89.03
6072;966;2025-04-08;Cartao de Credito;Entregue;18.99
6073;1560;2024-12-21;Cartao de Credito;Entregue;173.98
6074;30;2025-11-03;Cartao de Credito;Entregue;74.05
6075;153;2024-12-30;Pix;Cancelado;34.56
6076;1136;2026-06-26;Pix;Entregue;138.08
6077;1229;2025-04-12;Cartao de Credito;Entregue;57.48
6078;1202;2026-03-21;Cartao de Debito;Entregue;21.1
6079;445;2026-01-25;Pix;Entregue;140.65
6080;1602;2025-11-11;Pix;Entregue;91.26
6081;1666;2024-08-17;Pix;Em Transito;30.0
6082;1645;2026-04-11;Cartao de Credito;Entregue;27.0
6083;357;2024-12-15;Boleto;Entregue;121.36
6084;951;2025-12-31;Cartao de Credito;Entregue com Atraso;115.39
6085;1523;2024-09-23;Boleto;Entregue;118.82
6086;121;2024-11-23;Pix;Entregue;133.14
6087;388;2024-09-09;Cartao de Debito;Entregue;210.24
6088;1771;2025-03-02;Boleto;Entregue;849.68
6089;1046;2026-03-30;Pix;Entregue;90.01
6090;1728;2025-03-18;Cartao de Debito;Entregue com Atraso;140.81
6091;1579;2026-04-29;Cartao de Debito;Entregue com Atraso;349.37
6092;367;2024-11-30;Cartao de Credito;Entregue;60.82
6093;1468;2025-07-07;Cartao de Credito;Cancelado;15.0
6094;84;2026-02-23;Pix;Entregue;30.38
6095;1625;2025-07-26;Boleto;Entregue com Atraso;81.06
6096;1492;2025-07-08;Boleto;Entregue;197.21
6097;966;2024-11-07;Pix;Entregue;93.11
6098;794;2025-06-30;Cartao de Credito;Entregue;34.56
6099;1301;2025-09-10;Cartao de Credito;Entregue;53.08
6100;861;2026-04-19;Cartao de Credito;Entregue;213.05
6101;390;2025-06-16;Cartao de Credito;Entregue;93.76
6102;1044;2026-07-09;Boleto;Entregue;14.25
6103;82;2025-12-03;Pix;Em Transito;93.55
6104;1060;2025-10-29;Boleto;Entregue;76.26
6105;124;2024-11-29;Pix;Em Transito;164.94
6106;1126;2025-10-19;Pix;Entregue;477.52
6107;531;2025-06-16;Cartao de Credito;Entregue;113.55
6108;124;2024-10-25;Pix;Entregue;202.03
6109;701;2024-12-03;Cartao de Credito;Entregue com Atraso;426.04
6110;1470;2025-01-02;Cartao de Credito;Entregue;168.39
6111;564;2026-03-21;Cartao de Credito;Entregue;128.69
6112;782;2025-05-26;Cartao de Debito;Em Transito;54.95
6113;1571;2025-07-11;Pix;Em Transito;894.89
6114;1507;2025-10-17;Boleto;Entregue;144.55
6115;1237;2025-08-10;Pix;Entregue com Atraso;330.7
6116;466;2025-10-24;Boleto;Entregue;304.21
6117;1190;2025-10-28;Cartao de Credito;Entregue;18.28
6118;786;2026-06-03;Pix;Entregue;47.7
6119;1109;2026-07-26;Pix;Em Transito;240.68
6120;1085;2026-03-22;Pix;Em Transito;193.43
6121;1528;2026-06-22;Cartao de Credito;Entregue;321.94
6122;208;2026-07-03;Pix;Entregue;76.06
6123;664;2026-07-15;Pix;Entregue;242.72
6124;1454;2024-10-26;Cartao de Debito;Entregue;222.78
6125;402;2025-01-26;Cartao de Credito;Entregue;158.27
6126;914;2025-05-13;Cartao de Credito;Cancelado;68.52
6127;1441;2026-03-10;Pix;Entregue;673.63
6128;932;2024-08-12;Cartao de Credito;Entregue com Atraso;114.24
6129;1266;2026-05-03;Cartao de Credito;Entregue;86.81
6130;1523;2024-09-19;Boleto;Entregue;445.84
6131;1664;2025-01-11;Pix;Entregue;30.0
6132;226;2026-03-05;Pix;Entregue;154.39
6133;1588;2026-01-02;Cartao de Credito;Entregue;54.95
6134;826;2025-03-12;Cartao de Credito;Entregue;111.38
6135;1750;2025-04-29;Cartao de Credito;Entregue;104.67
6136;1229;2025-07-02;Boleto;Entregue com Atraso;80.66
6137;553;2024-09-18;Cartao de Credito;Em Transito;20.01
6138;621;2026-07-20;Cartao de Credito;Entregue;255.31
6139;1202;2025-03-29;Cartao de Credito;Entregue com Atraso;226.87
6140;262;2026-02-10;Cartao de Credito;Entregue;41.22
6141;655;2026-05-16;Pix;Entregue com Atraso;48.76
6142;650;2026-02-16;Boleto;Entregue;248.27
6143;1206;2024-12-23;Boleto;Entregue;24.9
6144;1434;2025-12-25;Boleto;Entregue;21.4
6145;1788;2025-04-07;Cartao de Credito;Entregue;128.05
6146;18;2025-09-13;Cartao de Debito;Em Transito;76.23
6147;338;2025-12-31;Cartao de Credito;Entregue;100.38
6148;425;2026-06-15;Cartao de Credito;Entregue com Atraso;42.15
6149;131;2024-10-14;Cartao de Credito;Entregue;201.86
6150;1071;2024-12-02;Boleto;Entregue;157.44
6151;1683;2025-12-30;Cartao de Credito;Entregue;33.94
6152;1166;2024-11-12;Pix;Entregue com Atraso;99.3
6153;1709;2026-02-14;Pix;Em Transito;123.85
6154;263;2025-02-10;Pix;Entregue;59.52
6155;631;2024-08-08;Pix;Entregue;18.28
6156;598;2026-05-03;Cartao de Credito;Entregue;347.94
6157;196;2025-06-05;Cartao de Credito;Entregue;44.38
6158;1185;2025-09-08;Pix;Entregue;178.77
6159;938;2025-06-04;Pix;Entregue;111.74
6160;678;2025-10-29;Cartao de Debito;Entregue;298.99
6161;1229;2025-11-08;Cartao de Credito;Entregue;298.15
6162;1073;2024-09-06;Boleto;Entregue;32.16
6163;263;2024-10-15;Pix;Entregue;65.75
6164;130;2026-03-16;Cartao de Debito;Entregue;97.18
6165;1713;2025-05-06;Cartao de Credito;Entregue com Atraso;178.45
6166;812;2026-02-12;Boleto;Entregue;143.55
6167;1270;2025-08-08;Pix;Entregue;118.16
6168;209;2025-06-08;Boleto;Entregue;279.22
6169;129;2025-10-11;Pix;Entregue;202.82
6170;1045;2024-10-29;Cartao de Credito;Entregue;21.41
6171;937;2026-06-09;Cartao de Credito;Entregue;112.88
6172;876;2025-04-08;Pix;Em Transito;156.28
6173;388;2025-09-02;Cartao de Debito;Cancelado;71.5
6174;854;2026-04-28;Cartao de Debito;Entregue;178.34
6175;1202;2024-08-01;Cartao de Credito;Entregue;98.76
6176;1628;2025-05-28;Pix;Entregue com Atraso;167.9
6177;998;2026-07-27;Cartao de Credito;Entregue;97.82
6178;911;2024-10-05;Cartao de Credito;Entregue;372.82
6179;1731;2025-12-22;Cartao de Credito;Entregue;88.83
6180;317;2026-06-18;Boleto;Entregue;495.56
6181;221;2025-11-18;Cartao de Credito;Entregue;346.98
6182;275;2024-11-14;Pix;Em Transito;29.89
6183;581;2025-06-01;Cartao de Credito;Entregue;88.49
6184;1115;2026-05-05;Pix;Entregue;249.99
6185;1792;2026-04-19;Cartao de Credito;Cancelado;96.0
6186;691;2025-09-25;Cartao de Debito;Entregue;27.88
6187;738;2025-07-11;Pix;Cancelado;90.7
6188;438;2025-08-08;Cartao de Credito;Entregue;85.03
6189;1328;2025-12-05;Pix;Entregue;23.85
6190;504;2025-03-07;Pix;Em Transito;148.63
6191;1090;2026-04-28;Pix;Entregue;190.59
6192;14;2026-06-08;Boleto;Em Transito;47.45
6193;496;2025-12-07;Cartao de Credito;Entregue;51.73
6194;388;2026-01-03;Pix;Entregue;357.84
6195;954;2024-08-13;Cartao de Debito;Entregue;197.62
6196;263;2024-12-13;Cartao de Credito;Entregue;259.58
6197;566;2024-08-08;Cartao de Credito;Entregue;88.9
6198;255;2025-12-17;Boleto;Entregue com Atraso;78.32
6199;862;2026-06-02;Cartao de Credito;Entregue;31.37
6200;1499;2025-10-30;Cartao de Debito;Entregue com Atraso;194.52
6201;1468;2025-12-06;Pix;Entregue;257.9
6202;377;2025-09-13;Boleto;Entregue;78.63
6203;38;2024-10-01;Cartao de Credito;Cancelado;150.71
6204;641;2025-11-05;Pix;Entregue;279.0
6205;5;2025-10-26;Boleto;Entregue;51.73
6206;1564;2024-12-17;Pix;Entregue;58.04
6207;1064;2025-12-14;Cartao de Credito;Entregue com Atraso;90.89
6208;1131;2026-07-21;Cartao de Credito;Entregue;266.54
6209;1296;2026-04-13;Cartao de Debito;Cancelado;227.13
6210;1605;2024-12-27;Boleto;Entregue;18.71
6211;1287;2025-03-11;Cartao de Credito;Entregue com Atraso;127.91
6212;359;2024-12-11;Pix;Entregue;59.16
6213;647;2024-09-21;Cartao de Credito;Entregue;153.28
6214;1772;2024-08-08;Pix;Entregue;79.88
6215;1748;2026-04-23;Pix;Cancelado;18.07
6216;1723;2025-08-27;Boleto;Em Transito;62.66
6217;1748;2025-04-22;Pix;Entregue;276.34
6218;551;2024-11-13;Cartao de Credito;Entregue;141.33
6219;1266;2025-11-17;Cartao de Credito;Em Transito;12.75
6220;22;2026-02-01;Pix;Entregue;131.69
6221;272;2024-09-22;Cartao de Credito;Entregue;87.95
6222;1240;2026-07-28;Cartao de Credito;Em Transito;83.15
6223;844;2024-09-02;Cartao de Credito;Entregue com Atraso;215.9
6224;1202;2025-08-07;Pix;Entregue;139.36
6225;1229;2025-08-29;Boleto;Entregue;51.0
6226;1197;2026-06-04;Pix;Entregue com Atraso;288.92
6227;77;2025-07-28;Pix;Entregue;170.18
6228;894;2026-06-29;Cartao de Credito;Entregue com Atraso;78.29
6229;912;2026-05-16;Cartao de Credito;Entregue com Atraso;449.96
6230;728;2026-04-29;Boleto;Em Transito;368.9
6231;486;2026-07-18;Cartao de Credito;Entregue;63.95
6232;462;2026-02-21;Cartao de Credito;Entregue com Atraso;120.29
6233;763;2025-10-29;Pix;Entregue;145.87
6234;998;2025-03-18;Pix;Entregue;418.52
6235;1636;2026-01-17;Pix;Entregue;146.56
6236;1279;2024-08-19;Cartao de Debito;Entregue;71.92
6237;1356;2025-03-05;Cartao de Credito;Entregue;42.38
6238;573;2025-12-08;Pix;Entregue;48.33
6239;56;2025-06-11;Pix;Entregue;639.5
6240;229;2026-06-25;Boleto;Entregue;51.33
6241;468;2025-07-17;Pix;Entregue;15.0
6242;266;2024-10-02;Cartao de Credito;Em Transito;24.01
6243;226;2024-09-06;Cartao de Credito;Entregue;86.35
6244;1317;2026-04-28;Boleto;Entregue;211.77
6245;273;2025-04-10;Cartao de Credito;Em Transito;126.29
6246;1796;2024-11-18;Pix;Entregue com Atraso;181.78
6247;340;2025-05-17;Cartao de Credito;Entregue;256.72
6248;1205;2025-11-12;Cartao de Credito;Entregue;43.1
6249;44;2025-01-11;Boleto;Entregue com Atraso;131.21
6250;1357;2026-05-21;Boleto;Entregue;395.75
6251;1230;2024-11-01;Cartao de Credito;Entregue;110.41
6252;527;2025-06-28;Cartao de Credito;Entregue;179.87
6253;573;2025-01-22;Pix;Entregue com Atraso;178.28
6254;762;2025-07-26;Boleto;Entregue;151.98
6255;259;2025-12-14;Pix;Entregue;104.67
6256;1494;2025-05-13;Boleto;Entregue;209.3
6257;213;2024-10-12;Cartao de Debito;Entregue;121.36
6258;1370;2025-04-21;Cartao de Credito;Entregue;32.8
6259;815;2026-05-27;Cartao de Credito;Cancelado;48.91
6260;630;2025-01-06;Pix;Entregue;651.52
6261;966;2025-02-02;Pix;Entregue com Atraso;62.12
6262;451;2024-09-30;Cartao de Debito;Entregue;35.91
6263;82;2025-03-02;Pix;Entregue;153.28
6264;1690;2026-05-10;Pix;Entregue com Atraso;21.1
6265;1202;2026-01-09;Pix;Entregue;81.47
6266;1085;2024-09-24;Cartao de Credito;Entregue;15.0
6267;1229;2026-02-20;Cartao de Credito;Entregue;399.22
6268;207;2026-04-20;Pix;Entregue;87.53
6269;266;2025-03-03;Pix;Entregue com Atraso;32.73
6270;1214;2024-12-18;Pix;Entregue;65.04
6271;1131;2026-01-31;Pix;Entregue;73.11
6272;1279;2025-11-20;Pix;Entregue com Atraso;198.21
6273;1090;2024-12-13;Cartao de Credito;Entregue;59.75
6274;641;2025-06-14;Pix;Entregue com Atraso;212.33
6275;1650;2024-08-09;Cartao de Credito;Entregue;291.6
6276;640;2024-08-07;Cartao de Credito;Entregue;43.84
6277;540;2025-02-05;Cartao de Credito;Entregue;68.66
6278;818;2026-01-16;Cartao de Credito;Em Transito;318.25
6279;918;2024-11-29;Cartao de Debito;Entregue;28.5
6280;666;2025-04-25;Pix;Entregue;185.48
6281;1298;2026-06-29;Pix;Entregue;149.17
6282;143;2026-01-04;Pix;Entregue;162.03
6283;659;2026-07-30;Cartao de Credito;Entregue;127.18
6284;1324;2025-07-08;Cartao de Credito;Entregue com Atraso;41.57
6285;901;2024-11-14;Cartao de Debito;Entregue;44.62
6286;409;2026-04-03;Cartao de Credito;Entregue;391.1
6287;914;2024-12-31;Cartao de Credito;Entregue;739.48
6288;731;2026-02-08;Cartao de Credito;Entregue;731.94
6289;1700;2025-06-23;Pix;Entregue com Atraso;53.76
6290;1459;2025-12-29;Pix;Entregue;30.0
6291;631;2026-05-30;Cartao de Credito;Em Transito;582.1
6292;88;2024-08-24;Cartao de Credito;Cancelado;36.56
6293;274;2025-11-18;Cartao de Credito;Entregue;51.44
6294;1718;2025-11-07;Boleto;Entregue;135.84
6295;466;2024-08-01;Boleto;Entregue;44.73
6296;969;2025-08-05;Pix;Entregue com Atraso;36.22
6297;373;2024-10-10;Pix;Entregue;73.94
6298;129;2025-05-23;Pix;Entregue;124.05
6299;1228;2024-08-31;Cartao de Credito;Entregue com Atraso;110.28
6300;1018;2024-08-22;Boleto;Entregue;93.38
6301;1648;2024-10-17;Cartao de Debito;Entregue com Atraso;65.67
6302;978;2026-03-31;Cartao de Credito;Entregue;13.5
6303;756;2024-08-18;Pix;Entregue;204.15
6304;883;2025-08-25;Boleto;Entregue;27.0
6305;1000;2024-10-12;Pix;Entregue;116.62
6306;199;2025-01-07;Pix;Entregue;55.82
6307;150;2025-12-14;Cartao de Credito;Entregue;154.82
6308;1731;2025-11-10;Pix;Entregue;58.04
6309;1015;2026-07-02;Pix;Entregue;97.1
6310;242;2026-03-15;Pix;Entregue com Atraso;234.78
6311;1606;2025-02-11;Cartao de Credito;Cancelado;180.55
6312;262;2025-06-25;Cartao de Credito;Entregue com Atraso;107.98
6313;587;2025-11-01;Cartao de Debito;Em Transito;147.1
6314;323;2025-06-24;Boleto;Entregue;47.08
6315;85;2026-03-01;Boleto;Entregue;57.15
6316;1392;2025-09-22;Cartao de Credito;Entregue;172.38
6317;277;2024-11-21;Cartao de Credito;Em Transito;291.1
6318;1191;2024-08-16;Cartao de Credito;Entregue;37.92
6319;1099;2025-06-04;Cartao de Credito;Entregue;38.91
6320;1550;2025-10-29;Boleto;Entregue com Atraso;230.58
6321;1435;2024-08-14;Pix;Entregue;76.26
6322;666;2025-11-19;Pix;Entregue com Atraso;63.36
6323;1419;2025-01-09;Pix;Entregue com Atraso;77.26
6324;825;2025-06-27;Cartao de Credito;Entregue;209.45
6325;218;2025-06-11;Cartao de Credito;Em Transito;160.11
6326;1776;2025-11-24;Pix;Entregue com Atraso;193.43
6327;447;2025-04-08;Cartao de Credito;Entregue;156.8
6328;540;2024-08-16;Boleto;Entregue;94.82
6329;496;2024-09-22;Pix;Entregue;33.04
6330;691;2024-09-06;Cartao de Debito;Entregue;169.35
6331;1202;2025-09-27;Pix;Cancelado;109.79
6332;1699;2024-11-07;Pix;Em Transito;130.05
6333;1328;2025-05-09;Cartao de Credito;Entregue;332.58
6334;353;2026-03-16;Cartao de Credito;Entregue com Atraso;202.37
6335;1229;2025-02-08;Boleto;Entregue;189.94
6336;1788;2025-04-22;Cartao de Credito;Entregue;119.69
6337;1507;2025-12-06;Boleto;Entregue;448.22
6338;502;2025-05-09;Cartao de Credito;Em Transito;43.88
6339;196;2025-06-08;Boleto;Em Transito;193.43
6340;1277;2024-12-25;Pix;Entregue;185.9
6341;1044;2025-04-01;Pix;Entregue;116.14
6342;348;2026-03-20;Cartao de Credito;Entregue com Atraso;61.01
6343;59;2025-07-24;Cartao de Credito;Entregue;200.57
6344;283;2025-10-18;Cartao de Credito;Entregue;336.83
6345;441;2026-02-25;Cartao de Credito;Entregue;97.28
6346;859;2025-12-16;Cartao de Credito;Entregue;189.35
6347;814;2026-05-31;Cartao de Credito;Entregue com Atraso;220.01
6348;242;2025-12-04;Pix;Entregue;132.02
6349;1442;2025-09-13;Boleto;Entregue;60.68
6350;1519;2025-09-06;Cartao de Credito;Entregue;98.05
6351;59;2024-08-21;Cartao de Credito;Em Transito;71.39
6352;220;2026-07-05;Pix;Entregue;38.62
6353;1340;2024-09-27;Pix;Entregue;35.47
6354;925;2024-10-06;Cartao de Debito;Entregue com Atraso;55.65
6355;1704;2024-10-07;Pix;Entregue;79.8
6356;1384;2025-06-16;Cartao de Credito;Entregue;93.15
6357;911;2025-09-18;Cartao de Credito;Entregue;271.61
6358;884;2025-09-30;Pix;Cancelado;371.48
6359;689;2026-02-03;Cartao de Debito;Entregue;110.4
6360;1205;2025-10-01;Pix;Entregue;139.12
6361;1450;2025-02-04;Cartao de Credito;Entregue;38.52
6362;1412;2025-09-08;Cartao de Credito;Em Transito;53.43
6363;1731;2025-12-27;Pix;Entregue;36.28
6364;1425;2024-10-10;Boleto;Entregue;32.73
6365;1623;2025-02-05;Cartao de Debito;Entregue;40.95
6366;406;2026-02-18;Pix;Em Transito;74.78
6367;310;2025-02-15;Cartao de Credito;Entregue com Atraso;42.81
6368;1221;2026-04-04;Pix;Entregue com Atraso;15.0
6369;117;2025-05-23;Pix;Entregue;158.05
6370;90;2026-06-19;Cartao de Credito;Entregue;170.38
6371;379;2025-07-13;Pix;Entregue;21.1
6372;1466;2025-05-05;Pix;Entregue com Atraso;92.93
6373;835;2024-12-30;Pix;Em Transito;32.8
6374;1750;2024-10-15;Cartao de Credito;Cancelado;261.71
6375;945;2025-11-04;Pix;Entregue;163.51
6376;1229;2026-06-02;Pix;Entregue;67.2
6377;205;2026-07-12;Cartao de Credito;Em Transito;209.53
6378;1750;2026-03-31;Cartao de Debito;Entregue;210.76
6379;1635;2025-11-22;Cartao de Credito;Entregue;102.37
6380;750;2025-07-14;Cartao de Debito;Em Transito;140.2
6381;1236;2024-09-26;Cartao de Credito;Entregue com Atraso;34.88
6382;725;2024-12-06;Cartao de Credito;Entregue;135.63
6383;51;2025-04-10;Cartao de Credito;Entregue;161.23
6384;467;2026-05-12;Boleto;Entregue;392.21
6385;1046;2025-04-10;Cartao de Credito;Em Transito;22.53
6386;9;2025-01-29;Cartao de Debito;Entregue;48.55
6387;1255;2025-12-23;Boleto;Entregue;159.48
6388;976;2025-04-04;Cartao de Credito;Em Transito;137.97
6389;771;2025-08-19;Pix;Entregue;275.58
6390;1100;2025-03-29;Cartao de Credito;Entregue;343.86
6391;854;2026-01-13;Cartao de Credito;Entregue;15.0
6392;682;2025-03-21;Pix;Entregue;381.26
6393;1126;2025-04-13;Pix;Entregue;15.0
6394;1302;2026-03-14;Boleto;Entregue;141.67
6395;131;2025-04-03;Cartao de Credito;Entregue com Atraso;133.77
6396;999;2024-08-13;Cartao de Credito;Entregue;21.32
6397;293;2024-10-24;Cartao de Credito;Entregue;90.37
6398;754;2025-04-14;Cartao de Credito;Entregue;94.58
6399;1058;2026-01-24;Pix;Em Transito;18.2
6400;1233;2025-03-26;Cartao de Credito;Entregue;200.59
6401;1750;2024-11-25;Pix;Entregue;348.37
6402;988;2026-06-06;Pix;Entregue;72.44
6403;1442;2025-01-07;Pix;Entregue;28.58
6404;562;2025-12-21;Cartao de Credito;Entregue;93.68
6405;825;2026-04-06;Pix;Entregue com Atraso;651.42
6406;1082;2026-03-08;Cartao de Credito;Entregue com Atraso;193.19
6407;586;2024-12-03;Cartao de Credito;Entregue;309.34
6408;450;2025-03-05;Pix;Entregue;175.34
6409;1639;2024-11-10;Pix;Entregue;435.78
6410;1497;2025-05-01;Cartao de Credito;Cancelado;54.42
6411;811;2024-09-07;Cartao de Credito;Entregue com Atraso;271.13
6412;1436;2025-01-21;Cartao de Credito;Entregue;311.98
6413;1689;2025-07-05;Cartao de Credito;Entregue com Atraso;15.0
6414;405;2025-02-05;Pix;Entregue com Atraso;12.75
6415;932;2025-01-06;Boleto;Entregue;33.45
6416;1351;2025-10-14;Cartao de Credito;Entregue;20.34
6417;1038;2025-10-05;Cartao de Credito;Cancelado;42.82
6418;1307;2025-02-20;Cartao de Credito;Entregue;82.44
6419;531;2024-09-11;Cartao de Credito;Entregue;524.28
6420;1559;2026-05-06;Cartao de Debito;Entregue;340.47
6421;696;2025-07-07;Pix;Entregue;38.24
6422;1459;2026-04-24;Cartao de Credito;Em Transito;18.07
6423;251;2026-06-21;Pix;Entregue com Atraso;103.47
6424;786;2024-08-24;Pix;Entregue com Atraso;138.55
6425;1104;2024-08-20;Cartao de Debito;Cancelado;155.68
6426;1765;2024-08-13;Cartao de Debito;Entregue;18.83
6427;226;2026-02-01;Cartao de Credito;Entregue;63.36
6428;1163;2025-01-23;Boleto;Entregue;211.77
6429;1733;2026-07-02;Cartao de Credito;Entregue;16.51
6430;801;2026-03-14;Cartao de Debito;Entregue;15.0
6431;1643;2025-08-21;Cartao de Credito;Entregue;195.87
6432;1412;2026-07-13;Pix;Entregue;71.92
6433;1115;2025-02-09;Boleto;Entregue;20.34
6434;585;2026-06-20;Pix;Entregue;177.12
6435;433;2026-06-26;Pix;Entregue;86.74
6436;1523;2026-01-13;Pix;Entregue;41.74
6437;1266;2025-12-04;Pix;Em Transito;52.26
6438;672;2024-09-29;Pix;Entregue;34.56
6439;331;2024-12-27;Cartao de Credito;Entregue com Atraso;32.41
6440;531;2025-09-07;Pix;Entregue com Atraso;147.42
6441;144;2025-05-07;Cartao de Credito;Entregue;37.85
6442;1266;2024-10-20;Pix;Entregue;48.64
6443;917;2025-12-05;Cartao de Credito;Entregue;385.71
6444;1276;2026-04-30;Cartao de Credito;Entregue;21.86
6445;867;2024-08-12;Cartao de Debito;Entregue com Atraso;155.14
6446;1204;2025-08-16;Cartao de Debito;Entregue;28.08
6447;1658;2026-04-15;Pix;Entregue;16.67
6448;1731;2026-01-06;Pix;Entregue;287.94
6449;367;2025-08-03;Cartao de Credito;Entregue;29.17
6450;1250;2026-07-16;Cartao de Credito;Entregue;24.3
6451;1517;2024-08-03;Pix;Entregue com Atraso;131.59
6452;159;2025-09-03;Pix;Entregue;15.0
6453;1438;2025-03-18;Cartao de Credito;Entregue;205.74
6454;479;2025-03-01;Boleto;Entregue com Atraso;76.26
6455;1246;2024-11-11;Boleto;Entregue;58.63
6456;1635;2025-02-08;Cartao de Credito;Cancelado;205.63
6457;689;2024-09-25;Boleto;Entregue;126.96
6458;129;2024-10-01;Cartao de Debito;Entregue;30.0
6459;1229;2025-07-16;Pix;Entregue;41.5
6460;1678;2026-05-03;Boleto;Entregue;149.56
6461;1090;2024-08-10;Pix;Entregue;321.95
6462;1629;2026-06-24;Cartao de Credito;Entregue;76.23
6463;801;2026-01-23;Pix;Entregue;18.07
6464;682;2026-04-20;Cartao de Credito;Entregue;112.65
6465;1399;2025-05-22;Pix;Entregue;335.02
6466;723;2026-04-01;Cartao de Credito;Entregue;36.53
6467;348;2025-04-02;Pix;Entregue;95.78
6468;647;2024-09-19;Cartao de Credito;Entregue;119.7
6469;1202;2025-12-13;Cartao de Credito;Em Transito;97.01
6470;59;2025-01-03;Cartao de Credito;Entregue;69.28
6471;26;2026-07-15;Cartao de Credito;Entregue;36.63
6472;604;2025-02-19;Cartao de Credito;Entregue;562.59
6473;402;2025-02-02;Cartao de Credito;Entregue com Atraso;176.63
6474;447;2024-12-28;Cartao de Credito;Entregue com Atraso;158.4
6475;388;2025-01-03;Pix;Entregue com Atraso;716.65
6476;707;2025-03-07;Cartao de Debito;Entregue;111.71
6477;604;2025-04-08;Boleto;Entregue;107.3
6478;40;2025-11-29;Cartao de Credito;Entregue com Atraso;126.86
6479;398;2026-04-02;Pix;Entregue;12.75
6480;1627;2025-04-07;Cartao de Debito;Entregue com Atraso;272.07
6481;1541;2025-04-07;Cartao de Credito;Entregue;36.56
6482;164;2025-01-28;Pix;Entregue;589.95
6483;1229;2025-08-21;Pix;Entregue;522.11
6484;383;2024-09-27;Cartao de Credito;Cancelado;30.0
6485;1384;2026-06-02;Cartao de Debito;Entregue;70.97
6486;503;2024-10-31;Boleto;Entregue;16.97
6487;583;2026-04-15;Cartao de Credito;Entregue;88.85
6488;154;2024-08-10;Cartao de Debito;Entregue;184.69
6489;187;2025-06-09;Cartao de Debito;Entregue;63.8
6490;415;2025-07-06;Cartao de Credito;Entregue;111.79
6491;999;2026-07-08;Pix;Entregue;204.46
6492;1229;2025-08-28;Cartao de Credito;Cancelado;36.63
6493;825;2025-12-20;Pix;Entregue;30.02
6494;458;2025-11-01;Cartao de Credito;Entregue com Atraso;109.37
6495;359;2025-08-28;Cartao de Debito;Entregue;25.88
6496;618;2024-12-17;Cartao de Debito;Entregue com Atraso;410.56
6497;1124;2026-05-12;Cartao de Credito;Entregue;118.21
6498;940;2025-08-24;Cartao de Credito;Entregue;148.1
6499;463;2026-06-14;Pix;Entregue;18.81
6500;481;2025-07-20;Cartao de Credito;Entregue;559.93
6501;559;2025-09-21;Pix;Entregue;119.21
6502;728;2025-04-30;Pix;Entregue;26.21
6503;23;2025-09-24;Cartao de Credito;Entregue;95.41
6504;327;2025-11-24;Pix;Entregue;15.0
6505;271;2025-09-28;Cartao de Credito;Entregue com Atraso;62.62
6506;1229;2025-04-17;Boleto;Entregue;116.08
6507;1670;2025-07-11;Boleto;Entregue;80.78
6508;1704;2025-08-08;Pix;Entregue;72.09
6509;1202;2025-11-26;Cartao de Credito;Em Transito;20.27
6510;1229;2025-08-11;Cartao de Credito;Entregue;70.42
6511;259;2024-12-03;Cartao de Credito;Cancelado;179.0
6512;95;2025-12-17;Boleto;Entregue;29.3
6513;1278;2024-08-19;Cartao de Credito;Entregue;234.22
6514;56;2025-01-02;Boleto;Entregue;137.46
6515;263;2025-02-16;Boleto;Entregue;237.65
6516;187;2025-11-21;Boleto;Entregue;219.33
6517;1720;2024-11-17;Pix;Entregue;155.04
6518;1741;2026-06-01;Pix;Entregue;16.67
6519;666;2025-05-11;Pix;Entregue com Atraso;67.15
6520;4;2026-03-04;Boleto;Entregue com Atraso;437.32
6521;1468;2025-02-22;Cartao de Credito;Entregue;137.28
6522;633;2026-01-03;Cartao de Credito;Entregue;38.89
6523;172;2024-11-20;Cartao de Credito;Entregue;142.28
6524;1707;2026-02-26;Boleto;Entregue;35.73
6525;1;2026-06-04;Pix;Em Transito;63.63
6526;1441;2026-04-02;Pix;Entregue;22.68
6527;1335;2025-12-29;Pix;Entregue;78.32
6528;1070;2026-05-06;Boleto;Entregue;170.14
6529;1783;2026-01-05;Cartao de Credito;Entregue;290.53
6530;309;2025-03-10;Pix;Entregue;123.55
6531;455;2025-10-05;Cartao de Credito;Entregue;70.97
6532;613;2024-12-20;Pix;Entregue;130.59
6533;1730;2026-01-27;Cartao de Debito;Entregue;65.11
6534;945;2025-07-10;Cartao de Credito;Cancelado;145.56
6535;841;2024-10-28;Cartao de Credito;Entregue;15.0
6536;725;2024-08-28;Cartao de Credito;Entregue;73.26
6537;59;2025-11-08;Cartao de Credito;Entregue;78.63
6538;451;2024-10-27;Cartao de Credito;Entregue;38.39
6539;1130;2026-07-19;Pix;Entregue;164.42
6540;1559;2025-10-26;Pix;Em Transito;306.17
6541;827;2026-03-25;Boleto;Entregue com Atraso;114.35
6542;1172;2024-09-23;Cartao de Credito;Entregue;67.64
6543;1454;2026-05-01;Cartao de Credito;Entregue;139.56
6544;1229;2025-10-16;Pix;Entregue;241.49
6545;631;2026-05-20;Pix;Entregue;14.25
6546;448;2026-02-08;Pix;Entregue com Atraso;15.0
6547;1379;2026-03-02;Pix;Entregue;46.69
6548;1523;2024-08-26;Boleto;Entregue;61.2
6549;1279;2024-09-18;Cartao de Credito;Entregue;14.25
6550;1221;2025-09-29;Cartao de Credito;Entregue;336.21
6551;361;2026-05-17;Cartao de Credito;Entregue com Atraso;17.87
6552;263;2025-10-18;Cartao de Credito;Entregue;15.0
6553;1359;2026-03-02;Boleto;Em Transito;21.34
6554;1175;2025-07-16;Cartao de Credito;Entregue com Atraso;186.36
6555;1598;2026-04-25;Cartao de Debito;Entregue;20.87
6556;1148;2025-02-07;Pix;Entregue;45.63
6557;309;2024-09-21;Pix;Entregue com Atraso;208.6
6558;1743;2024-11-06;Pix;Em Transito;523.64
6559;1188;2025-05-17;Cartao de Debito;Entregue;18.28
6560;1441;2025-05-28;Cartao de Credito;Em Transito;24.9
6561;324;2025-11-21;Pix;Entregue;27.88
6562;1495;2026-03-21;Pix;Entregue;146.17
6563;1800;2025-01-12;Cartao de Credito;Entregue com Atraso;38.89
6564;1686;2025-11-19;Cartao de Credito;Entregue;35.73
6565;786;2026-03-30;Cartao de Credito;Entregue;340.26
6566;1738;2025-06-30;Cartao de Credito;Entregue com Atraso;153.28
6567;773;2024-11-07;Cartao de Credito;Entregue;85.17
6568;1682;2024-11-21;Pix;Entregue;80.71
6569;1662;2025-02-23;Pix;Entregue com Atraso;267.54
6570;1154;2025-06-11;Pix;Entregue;21.1
6571;388;2026-07-13;Cartao de Credito;Em Transito;15.0
6572;89;2024-11-14;Boleto;Entregue com Atraso;300.23
6573;1546;2024-10-25;Boleto;Entregue;20.03
6574;1240;2026-02-07;Pix;Em Transito;26.9
6575;1506;2025-07-17;Cartao de Credito;Entregue;14.25
6576;563;2025-07-25;Cartao de Credito;Entregue;238.13
6577;549;2026-04-26;Cartao de Credito;Entregue;95.29
6578;723;2025-05-23;Cartao de Credito;Entregue;126.11
6579;91;2025-10-02;Cartao de Credito;Em Transito;47.97
6580;1257;2025-10-18;Pix;Cancelado;32.8
6581;835;2025-07-20;Pix;Entregue;588.64
6582;1723;2026-06-03;Cartao de Debito;Entregue;83.34
6583;1658;2026-07-30;Cartao de Credito;Entregue;219.68
6584;1018;2025-02-15;Cartao de Credito;Cancelado;189.9
6585;1752;2025-02-28;Cartao de Debito;Entregue;13.5
6586;824;2025-09-07;Cartao de Credito;Entregue;146.56
6587;402;2026-03-01;Cartao de Debito;Em Transito;30.02
6588;1266;2024-09-03;Cartao de Credito;Entregue;81.06
6589;1800;2025-04-13;Cartao de Credito;Entregue;255.66
6590;587;2025-05-05;Boleto;Entregue;110.48
6591;945;2025-09-03;Cartao de Credito;Entregue;15.0
6592;172;2026-07-09;Pix;Entregue;96.21
6593;667;2025-12-18;Boleto;Entregue;163.25
6594;1460;2026-01-19;Pix;Cancelado;95.0
6595;801;2025-01-11;Boleto;Entregue;146.31
6596;1793;2026-07-17;Cartao de Debito;Entregue;89.42
6597;917;2026-04-03;Cartao de Credito;Entregue com Atraso;83.84
6598;534;2024-12-05;Pix;Entregue;44.59
6599;1025;2025-08-04;Pix;Entregue com Atraso;83.15
6600;801;2025-08-05;Pix;Entregue;108.98
6601;1079;2025-07-20;Cartao de Credito;Entregue;116.46
6602;85;2026-06-12;Pix;Em Transito;265.83
6603;882;2025-01-25;Cartao de Credito;Entregue;135.45
6604;1360;2026-06-03;Cartao de Credito;Entregue com Atraso;60.36
6605;1238;2026-01-12;Cartao de Credito;Cancelado;172.69
6606;505;2025-11-25;Cartao de Credito;Entregue;51.73
6607;570;2024-10-05;Pix;Entregue;97.82
6608;17;2025-12-24;Cartao de Debito;Entregue;97.64
6609;603;2025-10-13;Cartao de Credito;Entregue;46.91
6610;1092;2025-04-12;Pix;Entregue;61.23
6611;56;2026-06-06;Cartao de Credito;Entregue;86.2
6612;306;2026-07-30;Pix;Entregue;25.82
6613;732;2024-08-21;Boleto;Entregue;134.68
6614;1580;2024-09-07;Cartao de Credito;Entregue;21.32
6615;1710;2024-12-03;Pix;Entregue;18.03
6616;1312;2026-04-14;Cartao de Credito;Entregue;50.66
6617;1151;2025-09-28;Cartao de Credito;Entregue;80.22
6618;1355;2026-07-22;Pix;Entregue;330.13
6619;1378;2024-08-27;Pix;Entregue;91.26
6620;394;2025-08-10;Pix;Entregue;123.24
6621;626;2025-12-05;Cartao de Credito;Entregue;51.73
6622;1240;2026-03-01;Pix;Entregue;164.06
6623;1318;2026-03-10;Pix;Entregue;38.26
6624;733;2024-10-05;Boleto;Entregue;16.67
6625;157;2025-05-30;Cartao de Credito;Entregue;26.68
6626;1755;2026-05-19;Cartao de Credito;Entregue;380.28
6627;168;2024-08-30;Cartao de Credito;Entregue;291.67
6628;1229;2025-06-29;Boleto;Em Transito;19.02
6629;1480;2025-09-02;Cartao de Credito;Entregue com Atraso;35.16
6630;1279;2026-03-19;Cartao de Credito;Entregue;123.94
6631;1051;2026-05-22;Pix;Entregue;331.68
6632;565;2026-03-24;Cartao de Debito;Cancelado;48.76
6633;771;2026-03-30;Cartao de Credito;Entregue;282.7
6634;964;2025-01-22;Cartao de Credito;Entregue;15.0
6635;904;2026-07-12;Pix;Em Transito;148.04
6636;268;2025-01-10;Pix;Entregue;225.0
6637;82;2025-07-31;Cartao de Credito;Entregue;73.89
6638;1123;2025-02-25;Cartao de Debito;Entregue;220.3
6639;1311;2025-12-28;Cartao de Credito;Entregue;324.77
6640;1266;2025-03-17;Boleto;Em Transito;308.49
6641;1310;2024-08-20;Pix;Entregue;98.05
6642;239;2026-06-06;Pix;Cancelado;201.94
6643;989;2026-07-16;Pix;Cancelado;139.96
6644;1202;2024-12-30;Pix;Entregue;415.95
6645;1318;2026-05-07;Cartao de Credito;Em Transito;184.33
6646;208;2026-06-22;Cartao de Credito;Entregue;23.85
6647;966;2025-12-31;Boleto;Entregue;14.25
6648;159;2025-02-15;Cartao de Credito;Entregue;12.0
6649;995;2025-11-18;Cartao de Debito;Em Transito;209.36
6650;698;2025-03-05;Boleto;Entregue com Atraso;319.23
6651;1339;2024-12-19;Boleto;Entregue;136.17
6652;1709;2025-05-19;Cartao de Credito;Entregue;110.46
6653;1232;2026-07-05;Pix;Entregue;61.23
6654;468;2026-01-18;Cartao de Debito;Entregue;237.18
6655;315;2025-01-06;Cartao de Debito;Entregue;106.74
6656;176;2025-01-12;Cartao de Credito;Entregue;81.48
6657;825;2026-07-16;Pix;Entregue;165.5
6658;1165;2026-06-22;Pix;Entregue;50.66
6659;1058;2025-06-20;Cartao de Credito;Entregue;80.04
6660;496;2025-02-21;Cartao de Debito;Em Transito;154.17
6661;1081;2025-05-15;Cartao de Credito;Entregue com Atraso;146.56
6662;825;2026-06-04;Cartao de Credito;Entregue;84.44
6663;593;2024-08-10;Cartao de Debito;Entregue;150.99
6664;1610;2026-07-05;Cartao de Credito;Em Transito;131.9
6665;416;2025-01-04;Pix;Entregue;138.85
6666;603;2026-04-01;Pix;Entregue com Atraso;269.38
6667;184;2026-02-15;Pix;Entregue;33.27
6668;1490;2025-02-22;Cartao de Debito;Entregue;69.0
6669;450;2026-07-21;Pix;Entregue;86.64
6670;489;2025-09-14;Pix;Entregue;52.42
6671;1202;2024-11-13;Cartao de Credito;Entregue;58.51
6672;1684;2025-04-24;Pix;Entregue;77.81
6673;1513;2026-07-14;Cartao de Credito;Entregue;37.34
6674;1645;2025-09-30;Cartao de Credito;Entregue;433.05
6675;1483;2024-11-12;Boleto;Entregue;24.99
6676;1760;2025-05-10;Pix;Entregue;482.99
6677;1193;2024-08-09;Cartao de Credito;Entregue;54.3
6678;1523;2025-06-28;Cartao de Credito;Entregue;20.25
6679;1608;2025-12-07;Cartao de Credito;Entregue com Atraso;157.11
6680;209;2025-08-27;Cartao de Debito;Entregue;212.72
6681;254;2026-06-24;Cartao de Credito;Entregue com Atraso;118.76
6682;1468;2025-02-22;Boleto;Entregue;15.0
6683;1202;2025-01-21;Pix;Entregue com Atraso;15.0
6684;1772;2025-12-01;Cartao de Credito;Entregue com Atraso;160.09
6685;605;2025-11-27;Pix;Cancelado;20.28
6686;21;2025-05-31;Pix;Entregue;224.58
6687;489;2026-04-06;Cartao de Credito;Cancelado;305.32
6688;638;2025-03-20;Cartao de Credito;Entregue;17.87
6689;1279;2024-11-24;Boleto;Entregue com Atraso;118.27
6690;689;2025-06-03;Cartao de Credito;Entregue;107.73
6691;345;2025-04-22;Cartao de Credito;Entregue;78.8
6692;30;2026-01-20;Pix;Entregue;137.95
6693;1254;2025-09-13;Cartao de Debito;Entregue;161.58
6694;1202;2025-02-04;Pix;Entregue;242.21
6695;1509;2025-12-19;Cartao de Credito;Entregue;108.88
6696;613;2025-09-20;Cartao de Credito;Entregue;113.75
6697;966;2025-01-11;Boleto;Entregue;77.95
6698;618;2024-11-19;Pix;Cancelado;35.02
6699;666;2025-06-13;Cartao de Credito;Entregue;105.67
6700;1457;2025-11-08;Cartao de Credito;Entregue;201.71
6701;1305;2024-12-11;Cartao de Debito;Entregue;258.26
6702;388;2025-09-25;Cartao de Debito;Entregue com Atraso;219.58
6703;535;2025-03-27;Cartao de Debito;Cancelado;114.84
6704;795;2025-01-24;Pix;Entregue;126.55
6705;196;2025-09-30;Cartao de Credito;Entregue;99.96
6706;1107;2024-09-17;Boleto;Entregue;61.33
6707;750;2025-08-29;Cartao de Credito;Entregue;59.7
6708;291;2025-03-03;Pix;Em Transito;32.88
6709;867;2025-07-14;Cartao de Credito;Entregue;40.95
6710;884;2026-06-23;Pix;Entregue;28.52
6711;1513;2025-05-14;Cartao de Debito;Cancelado;52.86
6712;1154;2025-03-10;Cartao de Credito;Entregue;53.36
6713;1163;2024-08-19;Cartao de Credito;Entregue com Atraso;48.55
6714;323;2025-01-25;Cartao de Credito;Entregue;45.63
6715;192;2024-10-16;Pix;Entregue;60.26
6716;1696;2025-12-06;Cartao de Credito;Cancelado;21.21
6717;671;2025-04-12;Cartao de Credito;Entregue;295.62
6718;129;2025-04-27;Pix;Cancelado;90.93
6719;1179;2026-06-05;Cartao de Credito;Entregue;25.67
6720;31;2025-08-28;Pix;Entregue;464.38
6721;63;2025-09-07;Cartao de Credito;Entregue;104.73
6722;1118;2025-09-29;Cartao de Debito;Em Transito;32.83
6723;226;2025-04-23;Cartao de Debito;Entregue;171.99
6724;1055;2025-12-23;Cartao de Credito;Entregue;36.22
6725;1672;2025-10-30;Pix;Entregue;168.28
6726;85;2026-05-19;Cartao de Credito;Entregue;130.78
6727;1171;2024-09-26;Cartao de Credito;Em Transito;72.09
6728;1739;2025-05-08;Cartao de Credito;Em Transito;187.08
6729;221;2025-11-13;Cartao de Debito;Entregue;168.88
6730;569;2025-10-03;Boleto;Entregue com Atraso;34.56
6731;962;2025-03-25;Boleto;Entregue;62.17
6732;844;2024-08-14;Cartao de Credito;Entregue;160.88
6733;201;2025-09-08;Cartao de Credito;Entregue com Atraso;205.87
6734;47;2026-03-11;Cartao de Debito;Entregue;241.49
6735;1558;2025-01-26;Cartao de Debito;Entregue;76.48
6736;1623;2024-08-13;Cartao de Credito;Entregue;50.4
6737;233;2024-11-05;Pix;Entregue;140.06
6738;1291;2025-04-14;Pix;Entregue;122.84
6739;1543;2025-01-27;Pix;Entregue;194.39
6740;1001;2024-08-17;Boleto;Em Transito;90.43
6741;1544;2025-07-06;Cartao de Credito;Entregue;143.99
6742;698;2025-05-01;Boleto;Entregue;328.68
6743;1773;2026-01-13;Cartao de Credito;Entregue com Atraso;520.08
6744;613;2024-11-29;Cartao de Credito;Em Transito;280.65
6745;343;2025-08-12;Cartao de Credito;Entregue;104.34
6746;364;2026-07-23;Pix;Entregue;27.15
6747;266;2024-12-28;Pix;Entregue;45.63
6748;1349;2026-04-18;Cartao de Debito;Entregue;105.99
6749;1442;2025-07-13;Cartao de Credito;Entregue;247.56
6750;999;2025-10-03;Pix;Entregue;51.32
6751;1137;2026-06-28;Cartao de Debito;Entregue;69.98
6752;63;2026-03-25;Cartao de Credito;Entregue;28.02
6753;1456;2025-01-20;Cartao de Credito;Cancelado;224.51
6754;956;2026-01-06;Cartao de Credito;Entregue;85.45
6755;788;2025-05-20;Cartao de Debito;Entregue com Atraso;332.84
6756;403;2025-12-07;Cartao de Credito;Entregue;57.44
6757;1530;2025-08-04;Pix;Entregue;23.19
6758;677;2026-01-25;Cartao de Debito;Entregue;121.36
6759;1507;2025-05-26;Cartao de Debito;Entregue;91.09
6760;492;2025-02-05;Boleto;Entregue com Atraso;193.43
6761;1769;2024-09-10;Cartao de Debito;Entregue;34.7
6762;825;2024-09-16;Cartao de Credito;Entregue;493.25
6763;1109;2025-07-23;Cartao de Credito;Entregue com Atraso;68.98
6764;1356;2025-12-25;Cartao de Credito;Entregue;224.75
6765;818;2025-04-04;Pix;Em Transito;12.75
6766;1266;2026-03-16;Pix;Entregue com Atraso;137.51
6767;1168;2024-11-10;Pix;Entregue;134.56
6768;1246;2025-09-08;Cartao de Credito;Entregue;37.34
6769;1741;2026-05-03;Cartao de Credito;Entregue com Atraso;15.0
6770;569;2024-08-29;Cartao de Credito;Entregue;196.09
6771;1358;2024-12-21;Pix;Entregue com Atraso;59.28
6772;559;2025-11-27;Pix;Entregue;29.25
6773;1543;2026-01-16;Pix;Em Transito;72.66
6774;1674;2026-04-12;Boleto;Entregue;42.2
6775;1412;2026-01-07;Cartao de Credito;Entregue;35.69
6776;1274;2026-02-22;Cartao de Credito;Entregue;17.37
6777;1426;2024-10-06;Cartao de Debito;Entregue;15.0
6778;911;2026-06-09;Pix;Entregue;181.43
6779;1131;2024-12-10;Cartao de Credito;Entregue;41.52
6780;662;2025-02-02;Pix;Entregue;42.91
6781;718;2024-11-29;Pix;Em Transito;106.48
6782;1152;2026-02-10;Cartao de Debito;Entregue;74.78
6783;658;2024-11-22;Cartao de Credito;Em Transito;166.11
6784;1752;2025-11-18;Pix;Cancelado;18.14
6785;201;2026-03-23;Cartao de Credito;Entregue;211.92
6786;1327;2026-03-22;Cartao de Credito;Em Transito;46.46
6787;1546;2025-06-28;Pix;Entregue com Atraso;269.1
6788;1198;2026-04-15;Cartao de Credito;Entregue;236.92
6789;1353;2024-10-07;Cartao de Credito;Entregue;155.83
6790;1714;2026-01-07;Pix;Entregue;83.09
6791;1468;2025-05-08;Cartao de Credito;Entregue com Atraso;15.0
6792;1335;2025-08-27;Cartao de Credito;Entregue;668.76
6793;1629;2025-09-27;Pix;Entregue;15.0
6794;1037;2025-01-11;Pix;Entregue;155.08
6795;911;2026-03-23;Pix;Entregue;38.13
6796;25;2024-10-27;Cartao de Credito;Entregue;58.07
6797;15;2024-12-24;Cartao de Credito;Entregue;250.91
6798;367;2025-03-23;Boleto;Entregue com Atraso;253.3
6799;1409;2025-08-17;Boleto;Entregue;174.0
6800;854;2026-05-19;Cartao de Credito;Entregue com Atraso;470.11
6801;239;2024-08-12;Cartao de Credito;Entregue com Atraso;163.24
6802;1034;2024-11-22;Boleto;Cancelado;143.49
6803;763;2024-11-01;Cartao de Debito;Entregue;128.52
6804;1302;2025-10-03;Cartao de Credito;Entregue;35.91
6805;1202;2024-08-05;Cartao de Credito;Entregue;58.63
6806;196;2025-03-10;Boleto;Entregue;83.46
6807;1490;2026-07-06;Cartao de Credito;Entregue;401.34
6808;335;2025-09-20;Boleto;Entregue;57.02
6809;777;2026-04-13;Boleto;Entregue;102.87
6810;62;2025-07-12;Boleto;Em Transito;62.12
6811;388;2026-06-12;Boleto;Entregue;545.09
6812;1457;2025-06-12;Boleto;Entregue;37.98
6813;225;2025-01-28;Cartao de Credito;Entregue com Atraso;258.57
6814;335;2026-03-02;Pix;Entregue;135.39
6815;283;2025-11-25;Boleto;Entregue com Atraso;97.92
6816;560;2024-09-27;Cartao de Credito;Em Transito;176.37
6817;114;2025-04-08;Cartao de Credito;Cancelado;43.72
6818;16;2026-03-18;Cartao de Credito;Entregue;27.34
6819;1202;2026-01-19;Pix;Entregue;201.79
6820;979;2024-09-21;Cartao de Credito;Entregue;85.84
6821;1351;2025-07-30;Cartao de Credito;Entregue;91.09
6822;1501;2025-09-06;Cartao de Credito;Entregue;15.0
6823;666;2024-08-19;Pix;Entregue com Atraso;24.9
6824;983;2025-05-29;Boleto;Entregue;104.68
6825;359;2026-07-13;Pix;Entregue;101.21
6826;353;2024-11-29;Cartao de Debito;Entregue;54.95
6827;712;2025-04-22;Cartao de Debito;Entregue;79.83
6828;1279;2024-12-10;Pix;Entregue;81.69
6829;199;2025-04-04;Boleto;Entregue;67.42
6830;1077;2026-03-24;Boleto;Em Transito;32.5
6831;1731;2025-04-25;Cartao de Credito;Entregue;183.09
6832;40;2026-06-18;Boleto;Entregue;85.13
6833;323;2026-03-26;Pix;Entregue;175.69
6834;1257;2024-08-18;Cartao de Debito;Entregue;48.55
6835;475;2025-07-07;Cartao de Credito;Entregue;98.42
6836;1038;2026-04-21;Cartao de Credito;Entregue com Atraso;132.96
6837;1111;2026-01-16;Pix;Entregue;34.26
6838;1412;2026-03-13;Cartao de Credito;Entregue com Atraso;646.89
6839;47;2025-06-02;Pix;Cancelado;32.73
6840;708;2025-12-05;Pix;Entregue;65.55
6841;226;2026-04-07;Cartao de Credito;Entregue;162.83
6842;1321;2025-10-14;Boleto;Entregue;43.35
6843;1104;2024-10-29;Cartao de Credito;Entregue;18.58
6844;476;2024-12-28;Boleto;Em Transito;15.0
6845;825;2024-09-28;Cartao de Credito;Entregue;63.36
6846;776;2026-02-14;Cartao de Credito;Entregue;35.02
6847;7;2025-03-30;Boleto;Em Transito;185.78
6848;1481;2026-01-25;Cartao de Credito;Entregue;130.34
6849;270;2025-07-13;Cartao de Debito;Entregue;346.82
6850;911;2024-11-09;Cartao de Debito;Entregue;27.0
6851;1523;2024-08-17;Cartao de Credito;Entregue;42.2
6852;753;2026-01-25;Pix;Entregue com Atraso;390.95
6853;1229;2026-02-10;Boleto;Entregue;396.04
6854;1745;2026-06-02;Cartao de Debito;Entregue;37.34
6855;1731;2024-11-09;Cartao de Credito;Entregue;30.5
6856;622;2026-05-09;Cartao de Credito;Em Transito;227.53
6857;1116;2024-12-16;Pix;Entregue;30.38
6858;1573;2024-09-30;Cartao de Credito;Entregue;35.02
6859;1119;2025-12-05;Pix;Entregue;46.09
6860;1431;2026-07-06;Cartao de Credito;Entregue;69.12
6861;825;2026-05-07;Cartao de Credito;Entregue;101.6
6862;698;2024-09-10;Cartao de Credito;Entregue com Atraso;90.48
6863;930;2026-04-28;Cartao de Debito;Entregue;94.95
6864;1677;2024-12-31;Cartao de Credito;Entregue;551.88
6865;895;2024-08-24;Boleto;Entregue;24.99
6866;1332;2024-08-21;Cartao de Credito;Entregue;69.12
6867;814;2025-11-11;Cartao de Debito;Entregue;55.14
6868;1366;2025-09-01;Cartao de Credito;Entregue;244.53
6869;555;2025-01-04;Cartao de Credito;Em Transito;23.54
6870;1715;2025-01-20;Pix;Entregue;45.36
6871;1374;2025-07-14;Boleto;Entregue;360.06
6872;1375;2025-01-28;Cartao de Credito;Entregue;144.53
6873;907;2026-05-05;Pix;Entregue;157.06
6874;814;2025-09-14;Cartao de Debito;Entregue;300.29
6875;761;2025-04-29;Cartao de Credito;Entregue;93.32
6876;1321;2025-07-30;Pix;Em Transito;29.89
6877;945;2025-06-15;Pix;Em Transito;194.14
6878;30;2024-12-10;Cartao de Credito;Cancelado;65.03
6879;169;2025-11-25;Pix;Entregue;271.15
6880;490;2024-08-05;Cartao de Credito;Entregue;95.54
6881;867;2026-06-18;Pix;Entregue com Atraso;134.67
6882;1346;2025-09-30;Cartao de Debito;Entregue;184.67
6883;472;2026-07-14;Cartao de Credito;Entregue;58.63
6884;1431;2025-08-09;Cartao de Credito;Entregue com Atraso;168.43
6885;731;2026-04-04;Pix;Entregue;264.23
6886;1469;2026-06-08;Cartao de Credito;Entregue;82.13
6887;1228;2026-02-03;Boleto;Entregue;40.59
6888;613;2024-08-26;Cartao de Credito;Entregue;16.93
6889;1415;2024-11-26;Cartao de Credito;Entregue;84.3
6890;1379;2025-02-17;Cartao de Credito;Entregue;44.38
6891;1083;2026-02-17;Pix;Entregue;30.38
6892;1731;2025-05-10;Pix;Entregue;108.22
6893;1441;2025-02-04;Cartao de Credito;Em Transito;104.28
6894;587;2026-03-08;Cartao de Credito;Entregue com Atraso;20.34
6895;468;2026-06-09;Boleto;Entregue com Atraso;42.16
6896;27;2025-10-28;Cartao de Credito;Entregue;15.0
6897;419;2025-09-24;Boleto;Entregue com Atraso;67.55
6898;825;2024-09-03;Cartao de Credito;Entregue;37.94
6899;1755;2025-09-15;Cartao de Credito;Entregue;115.79
6900;1290;2026-04-23;Boleto;Entregue;383.22
6901;884;2026-05-20;Cartao de Credito;Entregue;34.49
6902;918;2025-01-11;Cartao de Debito;Entregue;68.49
6903;1024;2025-01-10;Cartao de Credito;Entregue;115.61
6904;1257;2026-07-26;Cartao de Debito;Entregue com Atraso;313.2
6905;1574;2026-03-30;Cartao de Credito;Entregue;116.23
6906;1499;2024-10-31;Pix;Entregue;61.71
6907;209;2025-02-05;Boleto;Entregue;43.88
6908;969;2025-07-07;Cartao de Credito;Cancelado;12.0
6909;1558;2025-08-22;Pix;Entregue;144.79
6910;841;2024-11-16;Pix;Entregue;195.17
6911;630;2024-12-10;Pix;Entregue;37.35
6912;1413;2024-10-15;Cartao de Debito;Cancelado;30.02
6913;687;2025-12-10;Pix;Entregue;300.24
6914;388;2024-08-22;Cartao de Debito;Cancelado;27.15
6915;1506;2026-04-09;Boleto;Entregue;153.81
6916;1668;2025-09-14;Boleto;Entregue;45.59
6917;1157;2025-05-05;Pix;Entregue;97.92
6918;440;2024-11-12;Cartao de Credito;Entregue;178.71
6919;33;2025-02-02;Boleto;Cancelado;86.7
6920;1656;2025-01-03;Cartao de Credito;Cancelado;173.88
6921;463;2025-01-12;Pix;Entregue;20.65
6922;1260;2025-06-17;Cartao de Debito;Entregue com Atraso;49.56
6923;1027;2024-09-19;Pix;Entregue;23.85
6924;266;2025-03-03;Cartao de Credito;Entregue com Atraso;198.1
6925;196;2025-07-03;Boleto;Entregue;110.28
6926;1716;2025-03-26;Cartao de Debito;Em Transito;109.9
6927;280;2024-11-01;Pix;Entregue;60.51
6928;964;2026-05-02;Pix;Entregue;64.07
6929;97;2025-08-29;Cartao de Credito;Entregue;52.77
6930;302;2025-01-05;Pix;Entregue;162.55
6931;1767;2025-06-06;Pix;Entregue;187.1
6932;1088;2025-02-14;Boleto;Entregue;49.07
6933;63;2025-06-02;Boleto;Em Transito;218.51
6934;965;2025-12-22;Boleto;Entregue;598.31
6935;390;2025-06-18;Cartao de Credito;Entregue;38.24
6936;192;2025-09-19;Cartao de Credito;Entregue;161.91
6937;919;2026-04-09;Pix;Entregue;82.44
6938;60;2026-05-16;Cartao de Debito;Entregue;87.94
6939;733;2024-12-31;Cartao de Credito;Entregue com Atraso;57.49
6940;487;2025-03-18;Cartao de Credito;Entregue;47.45
6941;604;2024-09-16;Cartao de Credito;Entregue;107.46
6942;600;2026-05-20;Cartao de Debito;Cancelado;380.55
6943;966;2025-12-12;Pix;Entregue;35.73
6944;1731;2026-04-28;Cartao de Debito;Entregue com Atraso;354.61
6945;823;2025-10-19;Cartao de Credito;Entregue;219.54
6946;499;2026-02-12;Pix;Entregue;46.21
6947;1038;2026-02-15;Cartao de Credito;Entregue;26.68
6948;467;2025-08-31;Cartao de Credito;Entregue;132.52
6949;21;2026-01-06;Pix;Entregue;47.75
6950;334;2025-06-30;Cartao de Credito;Entregue com Atraso;113.05
6951;1340;2025-07-03;Cartao de Credito;Entregue;43.1
6952;586;2025-04-30;Pix;Entregue;579.66
6953;1564;2025-11-23;Cartao de Credito;Entregue;91.19
6954;1702;2026-07-29;Cartao de Credito;Entregue;77.58
6955;1162;2025-01-11;Pix;Entregue;162.46
6956;428;2024-12-18;Cartao de Debito;Entregue;112.02
6957;666;2026-05-18;Boleto;Entregue;272.14
6958;1240;2025-10-02;Pix;Cancelado;268.11
6959;1593;2026-07-11;Cartao de Credito;Entregue;30.0
6960;1562;2025-03-12;Cartao de Credito;Entregue;24.43
6961;1151;2025-05-14;Cartao de Debito;Em Transito;149.11
6962;567;2025-01-30;Boleto;Cancelado;218.33
6963;884;2025-02-07;Cartao de Credito;Entregue;24.99
6964;504;2025-03-10;Cartao de Credito;Entregue;289.52
6965;864;2025-05-10;Boleto;Entregue;60.19
6966;531;2025-12-14;Cartao de Debito;Em Transito;44.52
6967;666;2026-04-11;Cartao de Credito;Entregue;507.23
6968;991;2025-10-19;Boleto;Em Transito;141.75
6969;1409;2025-10-24;Cartao de Credito;Entregue;27.15
6970;1018;2024-11-19;Pix;Entregue;166.3
6971;1331;2025-08-31;Pix;Entregue;130.99
6972;884;2026-05-25;Cartao de Credito;Entregue com Atraso;98.05
6973;754;2024-12-23;Pix;Entregue;319.29
6974;1123;2024-10-16;Boleto;Entregue;23.85
6975;1150;2025-03-17;Pix;Entregue;171.28
6976;500;2024-12-04;Cartao de Credito;Entregue;97.26
6977;973;2025-08-17;Pix;Entregue;93.55
6978;1242;2025-07-27;Cartao de Credito;Em Transito;36.11
6979;218;2025-08-16;Pix;Entregue;230.93
6980;893;2026-01-09;Cartao de Credito;Entregue;18.83
6981;573;2025-12-25;Cartao de Credito;Entregue;232.21
6982;1427;2026-07-08;Boleto;Entregue com Atraso;77.95
6983;533;2025-09-29;Boleto;Entregue com Atraso;54.96
6984;1038;2026-01-01;Cartao de Credito;Entregue;256.42
6985;841;2026-07-30;Cartao de Credito;Entregue;15.0
6986;952;2026-05-03;Cartao de Debito;Entregue;201.17
6987;1654;2026-03-18;Cartao de Debito;Entregue com Atraso;66.93
6988;699;2026-02-09;Cartao de Credito;Entregue com Atraso;171.97
6989;1107;2025-01-05;Pix;Entregue;89.65
6990;821;2024-10-08;Cartao de Credito;Entregue com Atraso;54.29
6991;1305;2025-05-11;Cartao de Credito;Entregue;15.0
6992;91;2026-06-08;Cartao de Debito;Entregue;229.74
6993;162;2025-08-06;Pix;Em Transito;146.17
6994;966;2025-06-29;Cartao de Credito;Entregue;114.08
6995;224;2025-08-18;Pix;Entregue com Atraso;129.34
6996;1545;2025-03-05;Boleto;Entregue com Atraso;58.63
6997;1058;2025-07-25;Cartao de Credito;Em Transito;19.02
6998;1202;2024-11-23;Boleto;Entregue com Atraso;154.25
6999;1487;2026-03-01;Cartao de Credito;Entregue;58.86
7000;131;2025-09-19;Pix;Entregue;20.76
7001;718;2026-05-05;Cartao de Credito;Entregue;26.21
7002;244;2025-10-25;Pix;Entregue;507.3
7003;799;2025-02-03;Cartao de Debito;Entregue;20.05
7004;1324;2025-07-04;Cartao de Credito;Entregue;68.98
7005;966;2025-02-21;Cartao de Credito;Entregue;293.12
7006;1176;2026-01-13;Cartao de Credito;Entregue;110.21
7007;1637;2024-11-04;Cartao de Debito;Entregue com Atraso;139.37
7008;1294;2026-01-24;Pix;Entregue;237.7
7009;1461;2026-06-24;Pix;Entregue;20.54
7010;572;2026-01-17;Cartao de Credito;Em Transito;62.12
7011;922;2025-03-01;Pix;Entregue;20.65
7012;1298;2026-04-12;Cartao de Credito;Entregue;71.73
7013;30;2025-01-19;Pix;Em Transito;45.0
7014;36;2025-04-09;Cartao de Credito;Entregue;108.55
7015;350;2026-05-04;Boleto;Entregue;53.32
7016;634;2024-08-14;Cartao de Credito;Entregue com Atraso;126.59
7017;918;2025-02-18;Pix;Entregue;156.65
7018;1525;2026-07-02;Pix;Entregue;259.12
7019;801;2024-10-11;Cartao de Credito;Cancelado;140.24
7020;1227;2025-11-13;Pix;Cancelado;150.2
7021;344;2025-03-17;Cartao de Credito;Entregue;57.15
7022;1041;2024-09-25;Pix;Entregue;207.22
7023;1321;2025-07-10;Cartao de Credito;Entregue;106.71
7024;230;2025-11-18;Cartao de Debito;Cancelado;32.83
7025;1222;2026-06-14;Pix;Entregue;288.7
7026;384;2025-01-23;Cartao de Debito;Entregue;483.69
7027;283;2025-03-21;Pix;Entregue;210.22
7028;624;2026-03-07;Cartao de Credito;Entregue;135.23
7029;972;2025-07-10;Cartao de Credito;Entregue;79.09
7030;825;2026-01-12;Pix;Entregue;35.02
7031;1131;2024-11-11;Cartao de Credito;Cancelado;38.13
7032;724;2025-02-12;Cartao de Credito;Entregue;150.08
7033;540;2025-10-14;Pix;Entregue;94.33
7034;1279;2026-05-15;Pix;Entregue;158.52
7035;1229;2026-06-08;Cartao de Credito;Entregue;84.38
7036;604;2024-09-17;Cartao de Credito;Em Transito;18.12
7037;1124;2025-10-14;Pix;Entregue com Atraso;184.18
7038;792;2026-06-17;Cartao de Credito;Entregue com Atraso;21.21
7039;1145;2025-01-31;Cartao de Credito;Entregue com Atraso;13.5
7040;618;2026-04-28;Cartao de Credito;Entregue;23.29
7041;620;2025-10-25;Cartao de Debito;Entregue com Atraso;325.76
7042;1468;2024-08-21;Pix;Entregue;182.92
7043;515;2025-11-19;Cartao de Debito;Entregue;45.06
7044;645;2024-09-07;Boleto;Entregue;213.33
7045;1202;2024-12-09;Cartao de Credito;Em Transito;42.91
7046;228;2025-01-21;Cartao de Debito;Entregue;106.71
7047;1634;2024-12-08;Boleto;Entregue;132.2
7048;388;2024-12-04;Cartao de Credito;Entregue;281.38
7049;666;2025-10-19;Cartao de Debito;Entregue com Atraso;202.66
7050;1670;2025-05-13;Pix;Entregue;168.28
7051;99;2026-06-07;Pix;Entregue;72.32
7052;1416;2025-05-09;Pix;Entregue;528.23
7053;911;2025-09-23;Pix;Entregue;134.86
7054;1196;2025-06-21;Boleto;Entregue;530.35
7055;1777;2025-11-16;Boleto;Entregue;140.12
7056;614;2026-07-07;Cartao de Credito;Cancelado;115.29
7057;1321;2026-02-24;Cartao de Debito;Entregue;21.15
7058;948;2025-10-07;Cartao de Debito;Cancelado;32.9
7059;1279;2025-01-01;Cartao de Credito;Em Transito;134.56
7060;1229;2026-06-07;Cartao de Debito;Entregue;40.76
7061;706;2026-04-18;Pix;Entregue com Atraso;90.89
7062;978;2026-04-27;Pix;Entregue;67.64
7063;1342;2024-11-10;Pix;Entregue;81.51
7064;631;2025-05-17;Boleto;Entregue;142.32
7065;1658;2025-10-16;Pix;Entregue;71.38
7066;524;2026-07-21;Cartao de Credito;Entregue;45.28
7067;123;2025-12-09;Boleto;Entregue;221.4
7068;1635;2026-03-02;Pix;Entregue;48.91
7069;1;2025-09-11;Pix;Entregue;146.75
7070;1387;2025-06-04;Pix;Entregue;302.3
7071;1292;2024-08-15;Cartao de Credito;Entregue;55.7
7072;40;2025-01-13;Boleto;Entregue;92.4
7073;581;2026-01-29;Cartao de Credito;Entregue;33.94
7074;1623;2024-08-02;Boleto;Entregue;153.58
7075;1059;2025-01-01;Pix;Entregue com Atraso;106.0
7076;1447;2025-07-23;Cartao de Debito;Entregue;69.41
7077;1658;2026-03-30;Pix;Entregue;30.02
7078;1335;2026-04-11;Boleto;Em Transito;31.04
7079;618;2026-02-22;Cartao de Debito;Entregue com Atraso;128.73
7080;1059;2026-05-31;Cartao de Debito;Entregue com Atraso;294.0
7081;1136;2026-07-23;Cartao de Credito;Entregue;21.41
7082;1109;2026-01-30;Cartao de Debito;Entregue com Atraso;47.75
7083;1109;2025-06-11;Pix;Entregue;54.04
7084;693;2026-03-26;Cartao de Credito;Cancelado;245.66
7085;402;2024-11-20;Boleto;Entregue;188.45
7086;776;2025-06-14;Cartao de Credito;Cancelado;132.31
7087;1327;2026-03-21;Cartao de Debito;Entregue;68.98
7088;1009;2025-07-13;Cartao de Credito;Entregue;53.86
7089;1323;2025-06-01;Cartao de Credito;Entregue;140.23
7090;1584;2024-09-08;Cartao de Credito;Entregue;310.62
7091;361;2024-08-18;Boleto;Entregue;300.11
7092;1401;2025-05-01;Pix;Entregue;341.65
7093;631;2026-07-01;Cartao de Credito;Entregue;106.93
7094;1229;2025-03-13;Cartao de Credito;Entregue;47.75
7095;1553;2024-10-20;Pix;Entregue;52.77
7096;970;2026-07-30;Cartao de Credito;Entregue;110.28
7097;1433;2026-06-26;Pix;Entregue;51.73
7098;787;2025-03-08;Cartao de Credito;Entregue;18.68
7099;1063;2025-05-09;Cartao de Credito;Entregue;300.95
7100;1052;2025-09-13;Cartao de Credito;Entregue com Atraso;114.86
7101;905;2025-01-06;Pix;Entregue;48.91
7102;771;2025-07-12;Cartao de Credito;Entregue;120.21
7103;139;2025-04-11;Cartao de Debito;Entregue;93.55
7104;1598;2026-05-26;Boleto;Entregue;281.01
7105;1723;2025-04-16;Pix;Entregue;70.97
7106;1596;2025-02-23;Cartao de Credito;Entregue;391.69
7107;99;2026-01-21;Pix;Entregue com Atraso;338.26
7108;133;2025-02-26;Pix;Entregue;123.88
7109;1738;2026-04-29;Pix;Entregue;195.17
7110;614;2025-09-30;Boleto;Entregue;111.78
7111;505;2026-06-08;Pix;Entregue com Atraso;983.64
7112;775;2025-10-03;Pix;Entregue;131.14
7113;531;2025-09-07;Cartao de Credito;Entregue;235.36
7114;92;2025-11-19;Pix;Entregue;96.17
7115;1144;2024-08-07;Cartao de Credito;Em Transito;55.17
7116;946;2024-12-04;Pix;Entregue com Atraso;60.88
7117;615;2024-11-01;Pix;Entregue;88.46
7118;233;2025-03-11;Cartao de Credito;Em Transito;278.79
7119;673;2026-05-14;Pix;Cancelado;284.85
7120;390;2025-05-17;Cartao de Credito;Entregue;345.88
7121;1393;2025-02-07;Cartao de Credito;Entregue;30.0
7122;1466;2024-09-12;Cartao de Credito;Entregue;110.37
7123;1195;2024-10-04;Cartao de Credito;Entregue;347.12
7124;226;2025-09-23;Pix;Entregue;55.17
7125;821;2024-12-11;Boleto;Entregue;90.89
7126;292;2026-05-28;Pix;Entregue;445.84
7127;1228;2025-10-13;Cartao de Credito;Entregue;110.24
7128;1283;2026-04-02;Cartao de Credito;Entregue;50.11
7129;1246;2026-07-04;Cartao de Credito;Em Transito;105.75
7130;114;2025-07-01;Pix;Entregue;89.72
7131;1323;2026-01-31;Pix;Entregue;14.97
7132;603;2025-08-14;Cartao de Debito;Em Transito;86.58
7133;199;2025-09-25;Boleto;Entregue;28.5
7134;1264;2025-02-06;Cartao de Credito;Cancelado;48.55
7135;295;2026-07-09;Cartao de Debito;Entregue;253.21
7136;752;2024-08-08;Cartao de Credito;Entregue;14.25
7137;680;2025-04-25;Cartao de Credito;Em Transito;351.42
7138;178;2024-08-03;Cartao de Credito;Entregue;343.05
7139;1624;2025-10-20;Pix;Entregue;241.38
7140;858;2026-06-13;Cartao de Credito;Entregue;261.6
7141;556;2024-09-18;Pix;Entregue;164.42
7142;1224;2024-10-19;Pix;Entregue;162.87
7143;1544;2026-02-02;Cartao de Credito;Entregue;38.24
7144;1129;2026-02-04;Pix;Entregue;67.78
7145;558;2025-08-18;Cartao de Debito;Entregue;305.06
7146;1632;2025-05-15;Pix;Entregue;55.68
7147;453;2025-10-09;Cartao de Credito;Entregue com Atraso;177.88
7148;1287;2025-06-24;Cartao de Credito;Em Transito;53.79
7149;1721;2024-11-14;Pix;Entregue;391.74
7150;613;2024-09-07;Pix;Entregue;47.45
7151;1531;2026-07-22;Pix;Entregue;41.29
7152;1683;2024-08-16;Pix;Em Transito;75.93
7153;1480;2026-01-30;Boleto;Entregue;66.33
7154;255;2025-03-28;Cartao de Credito;Entregue;38.89
7155;1307;2026-03-21;Cartao de Debito;Entregue;163.24
7156;1327;2025-06-22;Boleto;Em Transito;33.59
7157;437;2024-09-15;Pix;Entregue com Atraso;148.47
7158;604;2026-05-03;Boleto;Entregue;252.62
7159;944;2026-02-15;Cartao de Credito;Entregue;13.5
7160;30;2025-11-01;Cartao de Credito;Entregue;161.23
7161;402;2024-11-10;Pix;Entregue;220.63
7162;1046;2025-02-17;Cartao de Credito;Entregue;65.69
7163;1232;2025-06-15;Pix;Em Transito;68.63
7164;251;2026-06-10;Cartao de Credito;Entregue;154.23
7165;338;2026-03-26;Pix;Entregue;93.55
7166;1086;2024-10-20;Pix;Entregue;108.62
7167;128;2025-03-22;Cartao de Credito;Entregue;190.41
7168;1267;2024-12-19;Cartao de Credito;Entregue;84.44
7169;1605;2025-06-12;Boleto;Entregue;104.97
7170;226;2026-03-01;Cartao de Credito;Entregue;55.14
7171;1047;2025-05-31;Pix;Entregue;81.45
7172;884;2024-08-31;Cartao de Credito;Entregue;86.37
7173;1786;2025-07-29;Pix;Cancelado;174.51
7174;995;2025-02-18;Cartao de Credito;Entregue;638.76
7175;379;2025-01-21;Boleto;Entregue;29.89
7176;1463;2026-04-19;Cartao de Credito;Entregue;422.59
7177;241;2026-04-24;Pix;Em Transito;123.68
7178;1291;2024-12-24;Pix;Entregue;137.16
7179;441;2025-01-08;Boleto;Entregue;42.64
7180;273;2024-12-29;Cartao de Credito;Entregue;223.23
7181;22;2025-08-02;Pix;Entregue;110.33
7182;466;2026-04-23;Cartao de Credito;Cancelado;110.74
7183;257;2024-10-29;Cartao de Credito;Em Transito;27.0
7184;393;2025-01-03;Boleto;Entregue;522.26
7185;677;2025-09-10;Pix;Entregue;36.72
7186;818;2026-05-29;Cartao de Credito;Entregue;317.19
7187;340;2025-01-19;Pix;Em Transito;91.26
7188;1311;2025-03-23;Pix;Entregue;181.73
7189;828;2025-03-30;Pix;Entregue;146.56
7190;228;2025-10-01;Cartao de Credito;Entregue;187.1
7191;367;2026-03-15;Pix;Entregue;43.88
7192;246;2024-11-12;Boleto;Entregue com Atraso;160.88
7193;614;2024-11-15;Pix;Cancelado;47.75
7194;286;2024-11-21;Cartao de Debito;Entregue;48.91
7195;1754;2025-05-12;Cartao de Credito;Entregue;97.58
7196;1793;2025-02-02;Cartao de Credito;Entregue;97.26
7197;938;2026-01-14;Cartao de Credito;Entregue;160.0
7198;1709;2026-05-31;Pix;Entregue;496.93
7199;1231;2025-09-20;Cartao de Debito;Entregue;100.27
7200;1695;2025-10-17;Pix;Entregue;241.73
7201;1100;2025-11-05;Boleto;Em Transito;473.04
7202;744;2025-07-14;Pix;Entregue;219.58
7203;573;2025-03-16;Pix;Entregue;228.31
7204;1664;2024-11-20;Cartao de Credito;Entregue com Atraso;229.34
7205;1090;2025-05-16;Pix;Entregue;79.52
7206;1185;2025-02-21;Pix;Entregue;684.09
7207;1770;2024-08-30;Boleto;Entregue;43.3
7208;1136;2025-05-24;Pix;Entregue;42.98
7209;1409;2025-07-16;Pix;Entregue;91.09
7210;380;2026-04-14;Cartao de Credito;Entregue;140.31
7211;1601;2024-09-13;Pix;Entregue com Atraso;187.0
7212;1452;2024-08-02;Cartao de Credito;Entregue;298.18
7213;573;2025-01-21;Pix;Entregue;55.3
7214;1668;2025-08-29;Cartao de Credito;Entregue com Atraso;21.15
7215;541;2025-08-04;Cartao de Credito;Entregue;130.21
7216;1151;2025-12-03;Cartao de Credito;Entregue;63.11
7217;1442;2026-04-24;Pix;Entregue;64.26
7218;220;2024-11-01;Cartao de Credito;Cancelado;72.53
7219;1697;2026-02-23;Cartao de Credito;Entregue;124.72
7220;1106;2025-10-26;Pix;Entregue;68.58
7221;93;2025-12-11;Cartao de Credito;Entregue;106.74
7222;572;2024-12-14;Cartao de Credito;Entregue;108.29
7223;1038;2025-12-02;Cartao de Credito;Entregue;466.45
7224;618;2025-05-20;Cartao de Credito;Entregue com Atraso;42.06
7225;539;2025-07-07;Cartao de Credito;Entregue;20.7
7226;299;2026-04-29;Cartao de Credito;Entregue;16.67
7227;133;2024-11-23;Boleto;Entregue;90.89
7228;1771;2026-06-13;Cartao de Debito;Entregue;321.84
7229;1167;2025-05-29;Cartao de Credito;Entregue;130.87
7230;1605;2026-07-31;Pix;Entregue;38.25
7231;1791;2026-03-19;Cartao de Credito;Entregue;15.0
7232;1304;2024-12-26;Boleto;Cancelado;32.8
7233;393;2026-07-04;Cartao de Credito;Em Transito;325.93
7234;1681;2024-09-24;Pix;Entregue;73.64
7235;1229;2024-11-23;Pix;Entregue;218.11
7236;1539;2025-06-20;Cartao de Credito;Entregue com Atraso;44.98
7237;573;2024-08-28;Pix;Entregue;30.02
7238;269;2025-06-07;Cartao de Credito;Entregue;176.35
7239;322;2025-12-28;Cartao de Credito;Entregue;386.08
7240;1087;2026-07-21;Cartao de Credito;Entregue;142.95
7241;825;2025-06-03;Pix;Entregue;32.73
7242;945;2024-12-12;Boleto;Entregue;749.16
7243;1431;2026-01-02;Cartao de Debito;Entregue;23.85
7244;1339;2025-09-17;Cartao de Credito;Entregue;193.43
7245;162;2025-08-19;Cartao de Credito;Entregue;153.48
7246;324;2025-02-09;Boleto;Entregue com Atraso;64.46
7247;1701;2026-03-05;Pix;Entregue;283.9
7248;1280;2025-11-18;Cartao de Credito;Entregue;34.56
7249;1266;2026-03-28;Boleto;Entregue;15.0
7250;531;2024-09-17;Pix;Entregue com Atraso;445.01
7251;1017;2025-12-19;Cartao de Credito;Entregue;31.45
7252;1561;2025-04-21;Cartao de Credito;Entregue com Atraso;93.29
7253;1208;2026-02-10;Boleto;Entregue;170.75
7254;968;2024-10-27;Cartao de Credito;Entregue;40.79
7255;255;2026-06-17;Cartao de Debito;Entregue;21.1
7256;722;2024-10-07;Boleto;Entregue;35.27
7257;150;2026-07-01;Cartao de Credito;Entregue;55.11
7258;663;2025-05-13;Pix;Entregue;35.27
7259;666;2025-09-15;Cartao de Credito;Entregue;81.89
7260;613;2026-03-26;Cartao de Debito;Cancelado;12.0
7261;1229;2026-04-07;Boleto;Entregue;86.2
7262;1611;2025-05-21;Pix;Entregue com Atraso;125.09
7263;1658;2025-06-05;Pix;Entregue;109.96
7264;615;2025-07-03;Cartao de Credito;Cancelado;42.82
7265;1278;2025-05-07;Boleto;Entregue;216.58
7266;270;2026-06-11;Cartao de Debito;Entregue;22.66
7267;264;2026-01-17;Cartao de Credito;Entregue;219.9
7268;1056;2026-06-03;Boleto;Entregue;436.94
7269;1720;2026-04-19;Cartao de Credito;Entregue;170.28
7270;633;2025-01-18;Cartao de Credito;Entregue;76.83
7271;1507;2025-05-06;Pix;Entregue;30.02
7272;238;2026-02-15;Cartao de Debito;Entregue;60.19
7273;27;2024-09-09;Cartao de Credito;Entregue;54.42
7274;153;2025-03-07;Boleto;Entregue;15.0
7275;179;2026-07-12;Cartao de Credito;Cancelado;223.64
7276;1083;2024-11-14;Pix;Entregue;367.07
7277;1394;2025-07-16;Cartao de Credito;Entregue;57.19
7278;1797;2025-10-08;Pix;Entregue;126.25
7279;154;2025-11-24;Cartao de Credito;Entregue;18.07
7280;172;2024-09-19;Cartao de Credito;Entregue;43.1
7281;408;2025-11-04;Cartao de Debito;Entregue com Atraso;440.83
7282;1523;2025-05-16;Pix;Cancelado;128.04
7283;1523;2025-07-11;Boleto;Entregue;44.38
7284;17;2025-03-30;Cartao de Debito;Cancelado;33.94
7285;1091;2026-01-11;Cartao de Debito;Entregue;121.85
7286;1059;2026-07-17;Cartao de Credito;Entregue com Atraso;386.86
7287;1204;2026-03-22;Cartao de Debito;Em Transito;54.93
7288;1532;2025-02-19;Cartao de Credito;Entregue;178.65
7289;825;2024-11-15;Cartao de Credito;Cancelado;302.91
7290;1670;2025-01-20;Cartao de Credito;Entregue;41.22
7291;366;2024-10-04;Cartao de Credito;Cancelado;329.97
7292;884;2026-05-25;Cartao de Debito;Entregue;525.43
7293;1608;2024-10-06;Cartao de Credito;Entregue;127.64
7294;586;2026-05-20;Cartao de Debito;Entregue com Atraso;15.0
7295;618;2024-08-30;Cartao de Credito;Entregue com Atraso;296.99
7296;1563;2025-11-17;Cartao de Credito;Entregue;93.8
7297;735;2025-12-03;Cartao de Credito;Entregue;280.85
7298;776;2024-09-21;Pix;Entregue com Atraso;383.69
7299;998;2026-01-13;Pix;Entregue;38.19
7300;1319;2025-02-11;Cartao de Credito;Em Transito;113.42
7301;1055;2025-10-18;Cartao de Debito;Entregue;111.08
7302;496;2025-03-16;Cartao de Credito;Entregue;175.7
7303;1605;2026-06-26;Boleto;Entregue;134.14
7304;1120;2024-12-08;Cartao de Credito;Entregue com Atraso;17.23
7305;1229;2025-03-11;Pix;Entregue;508.61
7306;1173;2025-06-22;Cartao de Credito;Entregue;31.08
7307;825;2024-11-23;Pix;Entregue com Atraso;69.26
7308;1261;2025-08-01;Boleto;Entregue;240.71
7309;30;2025-02-02;Cartao de Credito;Entregue;164.63
7310;72;2025-02-28;Pix;Entregue;20.97
7311;1444;2024-08-09;Pix;Entregue;97.26
7312;1731;2025-06-06;Cartao de Credito;Cancelado;239.22
7313;15;2024-09-26;Boleto;Cancelado;45.42
7314;359;2026-06-07;Cartao de Credito;Entregue;12.75
7315;758;2025-05-29;Pix;Entregue;809.19
7316;920;2025-11-20;Pix;Entregue com Atraso;263.46
7317;758;2025-06-23;Cartao de Credito;Entregue;161.17
7318;631;2026-05-24;Pix;Entregue;23.54
7319;1513;2025-08-30;Cartao de Credito;Entregue com Atraso;175.89
7320;501;2025-06-15;Cartao de Credito;Entregue;137.33
7321;1523;2026-04-09;Cartao de Credito;Entregue;148.74
7322;673;2025-05-04;Boleto;Entregue;184.61
7323;85;2025-10-11;Boleto;Entregue;256.75
7324;914;2024-09-23;Cartao de Debito;Em Transito;96.0
7325;896;2024-12-06;Cartao de Credito;Entregue;80.78
7326;1291;2026-03-11;Cartao de Credito;Entregue com Atraso;524.42
7327;388;2024-11-06;Cartao de Credito;Entregue;264.46
7328;1735;2025-06-17;Pix;Entregue;224.91
7329;1467;2024-10-26;Cartao de Credito;Entregue;296.0
7330;1385;2024-09-14;Boleto;Entregue;64.88
7331;682;2026-06-09;Pix;Em Transito;48.91
7332;1323;2025-11-18;Cartao de Credito;Entregue;49.46
7333;825;2025-04-11;Cartao de Debito;Entregue com Atraso;134.56
7334;832;2026-02-08;Cartao de Credito;Entregue;169.6
7335;1;2025-02-17;Cartao de Credito;Entregue;15.9
7336;1431;2026-06-23;Pix;Em Transito;146.57
7337;1512;2024-11-08;Cartao de Credito;Entregue;373.43
7338;5;2026-06-06;Pix;Entregue;162.35
7339;975;2026-04-15;Pix;Entregue;227.04
7340;1360;2025-02-18;Cartao de Credito;Entregue;115.71
7341;1523;2026-05-23;Cartao de Credito;Entregue;88.28
7342;839;2025-11-12;Pix;Entregue;88.12
7343;295;2025-09-04;Pix;Entregue;511.26
7344;867;2026-06-28;Pix;Entregue;107.58
7345;1152;2024-12-22;Pix;Cancelado;127.18
7346;622;2026-06-27;Cartao de Credito;Entregue;182.46
7347;932;2024-10-24;Pix;Entregue;121.22
7348;949;2025-03-04;Cartao de Credito;Cancelado;146.56
7349;550;2025-09-09;Cartao de Debito;Entregue;160.88
7350;390;2026-04-10;Pix;Entregue;174.05
7351;505;2025-12-18;Cartao de Credito;Entregue;272.83
7352;1221;2025-10-28;Cartao de Credito;Entregue com Atraso;115.4
7353;1505;2025-07-25;Cartao de Debito;Entregue;124.93
7354;540;2026-05-24;Boleto;Entregue com Atraso;151.46
7355;1436;2024-12-12;Cartao de Credito;Em Transito;12.75
7356;1019;2026-01-07;Boleto;Entregue;147.12
7357;1725;2026-01-04;Cartao de Credito;Entregue com Atraso;85.37
7358;1628;2025-11-23;Pix;Entregue com Atraso;173.07
7359;794;2026-04-10;Pix;Entregue;42.15
7360;383;2025-10-21;Pix;Entregue;93.04
7361;260;2025-02-25;Pix;Entregue;180.68
7362;794;2026-07-26;Boleto;Entregue;55.75
7363;659;2026-02-14;Boleto;Entregue;33.04
7364;841;2026-07-14;Cartao de Credito;Entregue;152.68
7365;1707;2026-04-04;Cartao de Credito;Entregue;43.97
7366;630;2025-03-31;Cartao de Credito;Entregue com Atraso;150.76
7367;1711;2024-12-12;Boleto;Em Transito;85.91
7368;1423;2025-04-14;Pix;Entregue com Atraso;162.59
7369;1786;2025-09-29;Boleto;Entregue com Atraso;43.88
7370;904;2025-03-31;Pix;Entregue;113.6
7371;1767;2026-03-11;Pix;Cancelado;137.61
7372;1504;2025-05-01;Cartao de Credito;Entregue;106.74
7373;1181;2026-03-21;Cartao de Credito;Entregue;259.88
7374;682;2026-04-14;Cartao de Credito;Entregue;54.21
7375;1134;2025-02-06;Pix;Entregue com Atraso;24.9
7376;655;2024-08-27;Cartao de Debito;Entregue;160.53
7377;452;2026-01-26;Cartao de Credito;Entregue com Atraso;49.8
7378;867;2025-10-05;Pix;Entregue;35.02
7379;1427;2026-03-15;Pix;Entregue;151.37
7380;825;2025-08-03;Cartao de Credito;Em Transito;166.0
7381;247;2026-01-16;Boleto;Entregue;273.62
7382;3;2024-11-26;Cartao de Credito;Entregue;177.17
7383;880;2025-12-18;Cartao de Credito;Entregue;84.08
7384;975;2024-08-26;Boleto;Entregue;85.63
7385;1767;2025-03-19;Pix;Em Transito;72.09
7386;246;2025-11-17;Cartao de Debito;Cancelado;69.12
7387;1486;2024-09-18;Cartao de Credito;Entregue com Atraso;51.33
7388;1324;2024-12-04;Pix;Entregue com Atraso;50.66
7389;1693;2026-01-10;Cartao de Credito;Entregue com Atraso;207.75
7390;1571;2025-08-06;Cartao de Credito;Entregue;150.1
7391;466;2024-09-03;Cartao de Credito;Entregue com Atraso;142.95
7392;1779;2026-03-29;Pix;Em Transito;103.91
7393;880;2025-12-31;Cartao de Credito;Entregue;33.94
7394;137;2025-12-23;Cartao de Debito;Em Transito;423.0
7395;922;2025-01-05;Pix;Entregue;105.46
7396;763;2026-05-22;Cartao de Credito;Entregue com Atraso;58.07
7397;841;2025-03-25;Pix;Entregue;169.55
7398;988;2025-11-28;Pix;Entregue;230.11
7399;691;2026-01-01;Pix;Entregue;12.75
7400;1279;2024-08-27;Pix;Entregue;441.72
7401;1038;2025-07-23;Pix;Entregue;195.53
7402;791;2025-02-02;Boleto;Entregue;168.88
7403;1710;2024-10-28;Pix;Entregue;58.07
7404;1664;2026-06-08;Pix;Entregue;293.44
7405;1151;2025-09-19;Cartao de Credito;Cancelado;12.75
7406;1171;2025-05-06;Pix;Entregue;273.24
7407;1322;2024-11-23;Pix;Em Transito;697.39
7408;814;2026-03-23;Pix;Entregue;315.39
7409;1175;2025-01-16;Pix;Entregue;348.34
7410;338;2026-04-20;Boleto;Entregue com Atraso;36.93
7411;116;2026-01-07;Cartao de Credito;Entregue com Atraso;83.3
7412;388;2025-11-20;Cartao de Credito;Entregue;119.29
7413;621;2025-02-22;Cartao de Credito;Entregue;76.85
7414;648;2026-02-23;Cartao de Credito;Entregue;84.3
7415;325;2024-10-11;Pix;Entregue;45.7
7416;631;2025-11-24;Cartao de Credito;Entregue;62.12
7417;334;2024-12-21;Cartao de Credito;Cancelado;41.22
7418;532;2026-03-14;Pix;Entregue;62.12
7419;1670;2025-04-19;Cartao de Credito;Entregue;543.35
7420;1344;2024-11-03;Pix;Entregue;24.99
7421;911;2025-02-24;Pix;Entregue;22.26
7422;1557;2025-02-19;Pix;Entregue;532.0
7423;1739;2026-04-19;Cartao de Credito;Entregue;32.73
7424;1532;2024-10-05;Cartao de Credito;Cancelado;211.18
7425;967;2025-02-12;Cartao de Credito;Entregue com Atraso;48.58
7426;1615;2025-03-21;Cartao de Credito;Entregue;198.13
7427;919;2026-07-03;Cartao de Credito;Entregue;248.22
7428;531;2025-11-08;Cartao de Credito;Entregue;150.64
7429;1422;2025-09-14;Pix;Entregue;195.36
7430;1574;2025-11-09;Cartao de Credito;Entregue;97.09
7431;727;2025-03-09;Boleto;Entregue;44.38
7432;941;2025-02-08;Pix;Em Transito;62.39
7433;836;2026-02-03;Cartao de Credito;Cancelado;76.93
7434;1729;2025-08-11;Cartao de Credito;Entregue com Atraso;122.23
7435;885;2026-04-20;Pix;Entregue;141.87
7436;747;2026-07-12;Cartao de Credito;Entregue;219.31
7437;1242;2026-07-10;Boleto;Entregue;138.29
7438;397;2025-09-24;Pix;Entregue;68.98
7439;485;2025-04-17;Pix;Entregue;390.82
7440;1658;2024-12-04;Cartao de Debito;Entregue;130.91
7441;1730;2024-11-16;Pix;Entregue;156.71
7442;1248;2025-05-14;Pix;Entregue;121.77
7443;655;2025-07-10;Cartao de Credito;Entregue;24.9
7444;825;2024-08-08;Cartao de Credito;Entregue;58.11
7445;288;2026-04-29;Pix;Entregue;113.0
7446;80;2026-07-30;Boleto;Entregue;303.21
7447;1125;2026-06-18;Pix;Em Transito;181.03
7448;248;2024-11-30;Pix;Entregue;36.4
7449;204;2025-06-30;Boleto;Entregue;284.63
7450;387;2026-05-24;Pix;Entregue;241.63
7451;1257;2026-01-27;Cartao de Credito;Em Transito;139.23
7452;1267;2026-01-23;Pix;Entregue;34.32
7453;687;2026-05-29;Cartao de Credito;Entregue;116.42
7454;1151;2024-10-27;Cartao de Credito;Entregue;17.13
7455;1259;2024-12-12;Cartao de Credito;Entregue;183.83
7456;388;2025-12-02;Pix;Entregue;467.75
7457;1071;2025-01-18;Pix;Entregue;160.59
7458;1110;2025-06-15;Cartao de Credito;Entregue;294.8
7459;1588;2024-12-01;Cartao de Credito;Entregue;262.22
7460;1695;2026-03-03;Boleto;Entregue com Atraso;90.89
7461;1502;2024-09-02;Pix;Entregue;155.62
7462;600;2024-08-18;Boleto;Entregue;40.5
7463;587;2024-09-17;Boleto;Entregue;27.15
7464;1672;2025-07-09;Pix;Entregue;76.59
7465;763;2026-05-09;Cartao de Credito;Entregue;39.22
7466;951;2025-05-16;Cartao de Credito;Cancelado;58.07
7467;377;2024-08-03;Cartao de Credito;Entregue com Atraso;378.3
7468;334;2025-11-26;Pix;Entregue;31.39
7469;76;2024-12-24;Boleto;Entregue com Atraso;53.48
7470;639;2025-11-15;Cartao de Credito;Entregue com Atraso;115.29
7471;334;2025-10-16;Pix;Entregue;80.7
7472;1427;2024-11-01;Pix;Entregue;23.19
7473;1558;2024-11-27;Pix;Entregue;157.9
7474;966;2025-07-22;Cartao de Debito;Cancelado;75.72
7475;1229;2026-07-14;Cartao de Credito;Entregue;117.72
7476;1523;2024-11-25;Pix;Em Transito;65.93
7477;355;2026-03-24;Cartao de Credito;Entregue;48.64
7478;280;2025-04-17;Pix;Entregue com Atraso;293.83
7479;1048;2024-12-03;Boleto;Entregue;310.24
7480;825;2026-05-17;Cartao de Credito;Cancelado;109.86
7481;835;2024-08-25;Cartao de Credito;Entregue com Atraso;61.05
7482;613;2025-11-14;Pix;Entregue com Atraso;175.89
7483;698;2024-12-07;Cartao de Credito;Entregue com Atraso;257.97
7484;542;2025-06-18;Cartao de Credito;Entregue;15.0
7485;447;2025-05-09;Pix;Entregue;167.58
7486;920;2025-02-17;Pix;Entregue;122.45
7487;1190;2026-01-14;Pix;Entregue;30.01
7488;560;2026-06-13;Cartao de Debito;Entregue;47.47
7489;624;2025-03-12;Cartao de Credito;Em Transito;155.08
7490;695;2025-09-30;Cartao de Credito;Entregue;108.05
7491;1623;2026-03-30;Cartao de Debito;Entregue;153.93
7492;677;2026-02-14;Cartao de Credito;Entregue;92.24
7493;605;2026-01-13;Pix;Entregue;175.06
7494;388;2025-02-01;Boleto;Entregue com Atraso;33.22
7495;825;2026-01-07;Cartao de Debito;Entregue;63.91
7496;1741;2025-05-30;Cartao de Credito;Entregue;196.99
7497;939;2025-06-13;Cartao de Credito;Entregue com Atraso;71.82
7498;1627;2024-10-16;Boleto;Entregue;14.25
7499;1269;2026-05-26;Pix;Entregue com Atraso;472.05
7500;1107;2025-02-02;Cartao de Credito;Entregue com Atraso;73.44
7501;402;2026-03-17;Pix;Entregue;289.8
7502;618;2026-02-02;Pix;Entregue;42.71
7503;1;2026-01-04;Cartao de Debito;Entregue;34.49
7504;1708;2026-03-10;Cartao de Credito;Entregue;258.77
7505;596;2025-04-12;Pix;Entregue;27.0
7506;643;2026-05-11;Cartao de Credito;Entregue;41.5
7507;640;2025-01-19;Boleto;Entregue com Atraso;92.05
7508;1459;2026-01-17;Pix;Entregue;88.63
7509;49;2026-01-28;Pix;Em Transito;438.08
7510;324;2025-01-06;Cartao de Debito;Entregue;48.91
7511;1602;2025-03-12;Cartao de Debito;Entregue com Atraso;200.89
7512;1228;2026-01-04;Cartao de Credito;Entregue;84.3
7513;235;2025-11-04;Pix;Entregue;31.09
7514;126;2026-03-25;Boleto;Entregue;17.23
7515;982;2026-04-12;Pix;Entregue;383.22
7516;236;2025-12-25;Pix;Em Transito;91.97
7517;660;2025-10-29;Cartao de Credito;Entregue com Atraso;12.0
7518;1262;2026-04-06;Cartao de Debito;Entregue;211.45
7519;1502;2024-10-10;Pix;Entregue;297.62
7520;387;2025-09-12;Cartao de Credito;Entregue;184.8
7521;828;2024-09-29;Pix;Entregue;55.14
7522;1202;2025-01-02;Boleto;Entregue;242.21
7523;429;2026-06-21;Pix;Entregue;62.12
7524;887;2026-06-07;Cartao de Debito;Entregue;65.95
7525;1015;2025-01-30;Boleto;Entregue;131.1
7526;1176;2025-04-11;Pix;Entregue;127.83
7527;825;2024-12-01;Pix;Entregue;125.85
7528;914;2025-11-05;Cartao de Credito;Em Transito;140.02
7529;270;2025-08-20;Cartao de Credito;Entregue com Atraso;73.89
7530;132;2025-09-14;Pix;Entregue;443.29
7531;542;2025-12-24;Cartao de Credito;Entregue;102.7
7532;217;2024-10-21;Boleto;Entregue;114.62
7533;1072;2024-09-21;Cartao de Credito;Entregue com Atraso;254.33
7534;150;2024-11-11;Cartao de Credito;Entregue;131.13
7535;677;2025-06-23;Cartao de Debito;Entregue;58.04
7536;1427;2025-07-19;Cartao de Debito;Entregue;38.24
7537;119;2025-05-02;Pix;Entregue;25.35
7538;1744;2026-05-08;Cartao de Credito;Entregue;185.75
7539;24;2026-01-15;Cartao de Credito;Cancelado;176.66
7540;1658;2024-12-22;Boleto;Entregue;29.32
7541;348;2026-06-24;Pix;Entregue com Atraso;220.38
7542;1794;2026-07-18;Cartao de Credito;Entregue;520.93
7543;1767;2026-02-26;Pix;Entregue;230.21
7544;191;2025-08-14;Cartao de Credito;Entregue;269.99
7545;763;2025-04-01;Pix;Entregue;197.62
7546;1339;2024-12-30;Boleto;Entregue com Atraso;93.55
7547;1645;2026-07-03;Cartao de Credito;Cancelado;37.34
7548;1323;2025-03-12;Pix;Entregue;72.44
7549;666;2026-06-03;Cartao de Credito;Entregue;93.55
7550;574;2024-11-02;Pix;Entregue;123.66
7551;1295;2026-02-04;Pix;Entregue com Atraso;32.73
7552;235;2026-01-23;Cartao de Credito;Entregue;48.13
7553;540;2024-08-14;Pix;Em Transito;12.0
7554;226;2025-09-17;Cartao de Credito;Entregue;118.57
7555;986;2025-01-01;Pix;Entregue;210.03
7556;416;2025-10-27;Pix;Entregue;240.46
7557;35;2026-04-25;Cartao de Credito;Entregue;21.24
7558;131;2026-02-03;Pix;Entregue com Atraso;157.35
7559;440;2024-08-05;Cartao de Debito;Em Transito;74.76
7560;192;2025-09-30;Pix;Entregue com Atraso;106.71
7561;992;2025-06-11;Cartao de Debito;Entregue;112.03
7562;121;2025-01-07;Pix;Entregue;329.6
7563;1339;2024-10-29;Pix;Entregue;86.54
7564;1653;2026-07-18;Cartao de Credito;Entregue com Atraso;658.74
7565;1578;2025-03-20;Cartao de Debito;Entregue;28.5
7566;1183;2026-07-22;Cartao de Debito;Entregue;122.27
7567;154;2025-04-12;Pix;Entregue;488.35
7568;1588;2025-01-19;Cartao de Debito;Cancelado;489.23
7569;998;2026-01-17;Pix;Entregue;42.15
7570;923;2025-08-30;Pix;Entregue;46.38
7571;194;2024-11-11;Pix;Entregue;44.38
7572;1335;2025-11-08;Pix;Entregue;338.06
7573;1626;2025-04-20;Pix;Entregue;192.06
7574;618;2025-06-17;Cartao de Credito;Entregue;147.85
7575;799;2026-05-03;Cartao de Debito;Entregue;25.88
7576;133;2025-10-01;Cartao de Credito;Entregue;48.94
7577;966;2024-11-26;Cartao de Debito;Entregue;294.19
7578;462;2026-05-01;Pix;Entregue com Atraso;87.09
7579;1125;2026-07-12;Boleto;Entregue com Atraso;67.64
7580;626;2026-07-07;Boleto;Entregue;22.36
7581;966;2024-10-13;Pix;Entregue;479.9
7582;1574;2025-04-16;Pix;Entregue;275.83
7583;71;2025-12-31;Cartao de Credito;Cancelado;216.27
7584;1658;2025-06-18;Pix;Em Transito;58.17
7585;1714;2026-06-11;Cartao de Credito;Entregue;227.16
7586;1608;2026-01-17;Boleto;Entregue;136.09
7587;483;2025-01-07;Cartao de Debito;Entregue;50.69
7588;388;2026-04-04;Pix;Cancelado;118.72
7589;416;2025-07-10;Pix;Entregue;20.76
7590;866;2025-08-14;Pix;Entregue com Atraso;61.03
7591;126;2025-12-07;Cartao de Debito;Entregue;38.3
7592;1170;2026-02-18;Pix;Entregue;226.24
7593;522;2024-10-29;Pix;Cancelado;501.19
7594;1219;2026-03-09;Pix;Em Transito;234.77
7595;601;2025-03-15;Pix;Entregue com Atraso;156.28
7596;1457;2026-05-28;Pix;Em Transito;42.66
7597;1549;2025-04-16;Cartao de Credito;Em Transito;245.85
7598;82;2025-08-21;Cartao de Credito;Entregue;30.0
7599;367;2025-02-14;Boleto;Entregue com Atraso;20.76
7600;825;2025-10-30;Pix;Entregue;23.08
7601;172;2026-03-26;Pix;Entregue;47.75
7602;1201;2026-05-27;Cartao de Credito;Entregue;78.15
7603;422;2024-09-28;Cartao de Credito;Em Transito;160.58
7604;1257;2024-09-27;Boleto;Entregue;269.73
7605;801;2025-08-08;Cartao de Credito;Entregue;240.58
7606;1108;2024-12-15;Cartao de Credito;Entregue;69.12
7607;155;2024-09-12;Boleto;Entregue;69.63
7608;1731;2026-04-27;Cartao de Credito;Entregue;105.0
7609;1327;2025-11-29;Cartao de Credito;Entregue;31.14
7610;1731;2026-02-23;Pix;Entregue;219.93
7611;1240;2025-06-23;Cartao de Credito;Em Transito;117.26
7612;1330;2025-07-30;Pix;Entregue;107.25
7613;1139;2026-04-16;Boleto;Entregue;15.0
7614;1427;2024-10-11;Pix;Entregue;382.55
7615;287;2024-08-18;Pix;Entregue;193.43
7616;1460;2025-06-01;Cartao de Credito;Entregue;55.14
7617;733;2026-04-26;Pix;Entregue com Atraso;97.26
7618;184;2026-05-23;Boleto;Em Transito;118.9
7619;1532;2024-10-16;Cartao de Credito;Entregue;38.13
7620;1788;2025-11-20;Cartao de Credito;Entregue;141.2
7621;1096;2025-02-12;Cartao de Debito;Entregue;110.19
7622;466;2026-05-25;Cartao de Credito;Entregue;278.19
7623;1774;2025-05-03;Cartao de Credito;Entregue;112.52
7624;226;2026-06-12;Boleto;Entregue;166.75
7625;1375;2024-09-17;Cartao de Debito;Entregue com Atraso;161.09
7626;1040;2026-05-15;Boleto;Entregue;84.44
7627;1799;2025-06-01;Cartao de Credito;Entregue;291.4
7628;841;2024-10-16;Cartao de Credito;Entregue;296.97
7629;1174;2025-03-06;Cartao de Credito;Entregue;49.84
7630;272;2024-08-01;Pix;Entregue;97.15
7631;1131;2025-09-23;Pix;Entregue;13.5
7632;945;2025-04-20;Cartao de Credito;Entregue;203.26
7633;799;2026-03-16;Pix;Entregue;36.63
7634;1229;2026-07-28;Cartao de Credito;Entregue;395.39
7635;1627;2026-01-30;Cartao de Debito;Entregue com Atraso;172.94
7636;1792;2026-07-26;Cartao de Credito;Entregue;141.59
7637;1502;2025-10-14;Cartao de Credito;Cancelado;112.13
7638;30;2025-11-26;Pix;Entregue;121.2
7639;1094;2024-11-12;Pix;Entregue;463.83
7640;280;2026-01-25;Boleto;Entregue;341.62
7641;814;2025-05-04;Cartao de Credito;Entregue;38.89
7642;283;2025-02-26;Pix;Entregue;383.04
7643;1229;2025-06-11;Cartao de Debito;Entregue;12.0
7644;297;2025-06-03;Pix;Cancelado;128.84
7645;1643;2025-02-01;Cartao de Debito;Entregue;39.94
7646;1410;2026-04-17;Cartao de Credito;Entregue;316.57
7647;18;2025-08-25;Cartao de Credito;Entregue;25.79
7648;1499;2024-08-26;Pix;Entregue;89.96
7649;1624;2025-05-30;Pix;Em Transito;47.45
7650;759;2025-08-03;Cartao de Credito;Entregue com Atraso;493.75
7651;1279;2025-11-11;Cartao de Credito;Entregue;66.48
7652;593;2025-08-31;Pix;Entregue;102.14
7653;1342;2024-10-24;Pix;Em Transito;236.62
7654;388;2025-04-17;Cartao de Debito;Entregue com Atraso;239.75
7655;1581;2025-03-26;Cartao de Credito;Entregue;34.7
7656;1371;2026-05-17;Pix;Entregue;132.59
7657;182;2025-07-08;Pix;Entregue com Atraso;116.8
7658;736;2025-04-16;Boleto;Entregue;63.36
7659;467;2025-02-18;Pix;Entregue com Atraso;38.79
7660;1703;2026-01-09;Pix;Entregue;218.64
7661;1009;2024-12-01;Cartao de Credito;Entregue com Atraso;40.67
7662;825;2026-01-06;Pix;Entregue;155.08
7663;325;2025-01-31;Cartao de Credito;Entregue;146.92
7664;1202;2024-10-25;Pix;Entregue;271.38
7665;1298;2025-05-03;Cartao de Credito;Entregue;44.06
7666;731;2026-02-17;Pix;Entregue com Atraso;14.25
7667;691;2024-11-13;Pix;Entregue;404.83
7668;825;2025-05-28;Pix;Entregue;632.29
7669;1426;2026-01-30;Pix;Entregue;310.42
7670;997;2024-10-23;Pix;Entregue;96.93
7671;1510;2025-12-28;Pix;Entregue;46.17
7672;1685;2025-04-19;Boleto;Entregue com Atraso;247.05
7673;1032;2026-01-01;Cartao de Credito;Entregue com Atraso;76.65
7674;480;2024-12-11;Cartao de Credito;Entregue;126.86
7675;131;2026-06-14;Pix;Entregue com Atraso;145.62
7676;1558;2026-03-29;Cartao de Credito;Entregue;62.08
7677;1649;2025-05-12;Cartao de Credito;Em Transito;55.98
7678;1675;2026-07-01;Pix;Entregue com Atraso;20.64
7679;226;2026-07-03;Cartao de Debito;Entregue;55.91
7680;402;2025-04-10;Cartao de Credito;Entregue;96.96
7681;1701;2025-02-15;Boleto;Entregue;146.51
7682;388;2025-05-13;Pix;Entregue;191.24
7683;306;2024-10-05;Cartao de Credito;Entregue;89.94
7684;46;2025-01-04;Cartao de Credito;Entregue;28.5
7685;630;2025-06-26;Cartao de Debito;Entregue;580.07
7686;1237;2025-10-03;Cartao de Credito;Entregue;21.82
7687;924;2026-07-21;Pix;Entregue;21.21
7688;381;2024-10-24;Cartao de Credito;Entregue;36.53
7689;801;2025-09-04;Cartao de Credito;Entregue;247.32
7690;88;2025-12-01;Pix;Em Transito;14.17
7691;1109;2025-09-21;Cartao de Credito;Entregue;38.09
7692;138;2026-03-01;Boleto;Entregue;49.07
7693;1136;2026-06-05;Pix;Em Transito;300.27
7694;1185;2025-09-09;Cartao de Credito;Entregue;439.16
7695;178;2026-01-16;Cartao de Credito;Entregue com Atraso;319.95
7696;723;2026-03-02;Cartao de Credito;Em Transito;147.75
7697;1318;2026-04-29;Cartao de Credito;Entregue;286.31
7698;80;2024-08-13;Pix;Entregue;56.79
7699;1431;2026-07-30;Cartao de Credito;Entregue;128.12
7700;945;2024-10-31;Cartao de Credito;Entregue;27.0
7701;871;2025-08-07;Pix;Em Transito;264.66
7702;688;2024-09-23;Cartao de Credito;Cancelado;125.74
7703;265;2025-04-18;Cartao de Credito;Entregue;160.88
7704;647;2024-12-29;Cartao de Credito;Entregue;84.19
7705;241;2024-10-14;Pix;Entregue;23.54
7706;1025;2025-05-08;Pix;Entregue com Atraso;42.91
7707;911;2026-06-03;Cartao de Credito;Entregue;82.64
7708;1613;2025-10-07;Pix;Entregue com Atraso;82.44
7709;1359;2026-04-09;Pix;Cancelado;286.23
7710;773;2024-09-18;Cartao de Credito;Cancelado;79.24
7711;121;2024-08-20;Pix;Entregue;173.4
7712;1307;2025-06-04;Pix;Entregue com Atraso;165.37
7713;1558;2025-11-10;Cartao de Debito;Entregue;176.38
7714;739;2025-05-21;Cartao de Credito;Entregue;22.26
7715;1564;2024-09-21;Pix;Entregue;156.93
7716;825;2026-05-29;Boleto;Entregue com Atraso;168.39
7717;505;2024-08-06;Boleto;Entregue;15.0
7718;1112;2025-01-17;Cartao de Credito;Entregue;61.92
7719;1230;2024-08-21;Cartao de Debito;Entregue;400.43
7720;723;2025-08-03;Cartao de Credito;Entregue;42.91
7721;1484;2026-04-19;Pix;Entregue;153.06
7722;402;2026-07-20;Pix;Entregue;33.07
7723;1280;2025-09-02;Pix;Entregue;101.37
7724;325;2024-09-12;Boleto;Entregue;111.25
7725;782;2025-09-21;Pix;Cancelado;43.78
7726;1790;2025-11-10;Pix;Entregue;57.28
7727;239;2024-12-05;Pix;Entregue;74.05
7728;1425;2025-05-03;Cartao de Credito;Em Transito;269.74
7729;838;2025-08-23;Cartao de Credito;Em Transito;179.2
7730;1408;2026-03-05;Pix;Entregue com Atraso;71.77
7731;263;2025-06-12;Cartao de Debito;Entregue com Atraso;15.0
7732;565;2025-12-08;Pix;Entregue;199.75
7733;1229;2026-01-14;Cartao de Credito;Em Transito;50.11
7734;269;2025-10-03;Cartao de Credito;Entregue;14.25
7735;1721;2025-04-12;Boleto;Entregue;61.25
7736;348;2026-05-16;Pix;Entregue;89.47
7737;618;2025-02-07;Cartao de Credito;Entregue;41.68
7738;1702;2025-05-18;Cartao de Credito;Entregue com Atraso;196.1
7739;1325;2025-06-22;Pix;Entregue;31.27
7740;941;2025-10-23;Pix;Entregue;148.39
7741;1688;2025-11-30;Cartao de Credito;Entregue;52.77
7742;618;2024-12-23;Cartao de Credito;Entregue;121.24
7743;289;2025-08-11;Pix;Entregue com Atraso;12.0
7744;321;2026-03-08;Cartao de Credito;Entregue com Atraso;504.74
7745;841;2025-10-27;Cartao de Credito;Entregue;79.4
7746;176;2025-05-03;Boleto;Entregue;97.09
7747;492;2026-07-01;Pix;Entregue;192.88
7748;1299;2024-08-22;Pix;Entregue;31.39
7749;1279;2026-05-26;Boleto;Entregue;204.43
7750;388;2024-11-07;Cartao de Credito;Entregue com Atraso;129.98
7751;196;2024-12-22;Pix;Entregue;120.5
7752;388;2025-04-17;Pix;Entregue;21.32
7753;1513;2025-12-20;Cartao de Credito;Cancelado;13.5
7754;1430;2025-03-19;Pix;Entregue;54.3
7755;1247;2026-01-12;Pix;Entregue com Atraso;45.0
7756;709;2025-08-25;Cartao de Debito;Entregue;12.75
7757;1271;2024-10-08;Cartao de Credito;Cancelado;38.13
7758;838;2025-03-23;Boleto;Entregue;152.91
7759;902;2026-06-13;Cartao de Credito;Entregue com Atraso;41.22
7760;1300;2025-07-07;Boleto;Entregue;83.63
7761;784;2026-04-11;Cartao de Credito;Entregue;42.91
7762;1278;2024-09-26;Boleto;Entregue;254.54
7763;584;2025-08-04;Cartao de Credito;Entregue;164.46
7764;644;2024-10-22;Cartao de Credito;Entregue;203.37
7765;758;2026-07-14;Pix;Entregue;72.09
7766;613;2025-11-28;Pix;Entregue;78.83
7767;928;2024-11-05;Pix;Cancelado;21.19
7768;61;2025-05-04;Boleto;Cancelado;340.04
7769;841;2026-01-24;Pix;Cancelado;49.14
7770;1731;2024-08-21;Boleto;Entregue;14.25
7771;618;2025-07-29;Pix;Entregue;237.24
7772;397;2024-09-12;Cartao de Debito;Entregue;385.99
7773;1100;2026-06-14;Cartao de Debito;Entregue;113.53
7774;540;2026-03-18;Cartao de Credito;Entregue;166.3
7775;998;2024-08-11;Pix;Entregue;211.71
7776;108;2026-07-12;Cartao de Debito;Entregue;225.67
7777;648;2026-06-18;Pix;Entregue;51.73
7778;801;2026-06-09;Cartao de Credito;Entregue com Atraso;12.75
7779;415;2026-06-06;Pix;Entregue;105.49
7780;633;2026-06-01;Cartao de Credito;Entregue;35.02
7781;1095;2025-08-09;Pix;Entregue;14.25
7782;208;2025-06-28;Cartao de Debito;Entregue;16.67
7783;1743;2025-07-22;Boleto;Em Transito;38.89
7784;1266;2024-11-17;Cartao de Credito;Em Transito;57.15
7785;899;2025-04-01;Cartao de Credito;Entregue;140.58
7786;821;2025-10-25;Boleto;Entregue;23.19
7787;696;2025-01-29;Boleto;Entregue;64.63
7788;1074;2024-10-09;Cartao de Credito;Entregue;161.56
7789;1254;2025-04-01;Pix;Entregue;70.12
7790;437;2025-03-17;Cartao de Credito;Entregue com Atraso;229.8
7791;388;2025-08-22;Pix;Entregue com Atraso;86.52
7792;1298;2025-09-28;Cartao de Credito;Entregue;22.36
7793;629;2025-12-14;Pix;Em Transito;108.54
7794;157;2025-09-21;Cartao de Credito;Entregue;15.0
7795;1767;2025-11-05;Pix;Entregue;63.66
7796;738;2026-03-18;Cartao de Credito;Entregue;296.93
7797;1731;2026-05-21;Cartao de Credito;Entregue;12.0
7798;1195;2026-02-11;Boleto;Entregue com Atraso;166.78
7799;293;2025-05-15;Boleto;Entregue;294.36
7800;232;2025-05-03;Cartao de Credito;Cancelado;287.5
7801;884;2026-07-03;Cartao de Credito;Em Transito;22.66
7802;1233;2024-08-16;Cartao de Credito;Entregue;125.93
7803;1312;2026-06-21;Cartao de Credito;Entregue;80.78
7804;1107;2026-01-13;Pix;Entregue;61.23
7805;1652;2025-05-16;Cartao de Debito;Entregue;24.0
7806;1327;2024-11-13;Boleto;Cancelado;188.53
7807;1245;2025-01-04;Cartao de Credito;Entregue com Atraso;145.7
7808;284;2025-06-24;Pix;Entregue;84.44
7809;90;2025-06-09;Pix;Entregue;109.22
7810;1245;2024-08-25;Pix;Entregue;66.41
7811;825;2026-04-10;Pix;Entregue;137.18
7812;1146;2025-12-23;Pix;Entregue;37.1
7813;1191;2026-05-22;Pix;Cancelado;36.33
7814;867;2025-04-08;Boleto;Entregue;81.8
7815;79;2025-03-25;Cartao de Debito;Entregue;438.01
7816;30;2024-08-26;Cartao de Credito;Entregue;155.81
7817;825;2025-03-26;Pix;Entregue com Atraso;106.02
7818;1144;2026-05-05;Pix;Cancelado;139.21
7819;1553;2026-03-07;Pix;Entregue com Atraso;328.74
7820;1229;2025-12-31;Cartao de Debito;Entregue;101.34
7821;1481;2025-02-10;Boleto;Entregue;30.0
7822;52;2025-07-11;Cartao de Debito;Entregue;128.89
7823;966;2025-09-14;Cartao de Debito;Entregue;18.12
7824;954;2025-03-04;Cartao de Credito;Entregue;50.63
7825;1523;2025-10-30;Cartao de Credito;Entregue;71.82
7826;190;2024-09-29;Cartao de Debito;Entregue;87.47
7827;429;2026-06-22;Cartao de Credito;Entregue;202.99
7828;666;2026-02-11;Cartao de Credito;Entregue;237.47
7829;342;2025-07-19;Cartao de Credito;Entregue;269.54
7830;1176;2026-05-02;Pix;Entregue;119.85
7831;1599;2025-06-08;Cartao de Credito;Entregue;36.29
7832;383;2026-04-23;Cartao de Credito;Entregue;65.67
7833;388;2024-09-24;Cartao de Credito;Entregue;31.91
7834;402;2026-01-24;Cartao de Debito;Cancelado;330.15
7835;654;2025-11-21;Pix;Entregue;140.25
7836;132;2024-11-14;Pix;Entregue com Atraso;211.77
7837;1063;2024-09-14;Pix;Entregue;20.64
7838;847;2025-12-19;Pix;Entregue;15.0
7839;505;2026-05-09;Pix;Entregue;22.26
7840;388;2024-09-08;Pix;Entregue;18.14
7841;279;2025-11-05;Boleto;Entregue;99.19
7842;1676;2024-09-28;Boleto;Entregue;147.92
7843;1213;2025-03-09;Cartao de Debito;Entregue;43.97
7844;801;2025-01-24;Pix;Entregue;60.36
7845;1459;2025-05-13;Boleto;Entregue;20.76
7846;985;2025-03-16;Boleto;Entregue;203.39
7847;1562;2026-04-01;Pix;Entregue;76.0
7848;1731;2025-06-16;Cartao de Credito;Entregue;241.99
7849;622;2025-12-21;Pix;Entregue;222.92
7850;224;2024-12-02;Pix;Entregue;85.2
7851;366;2026-01-04;Cartao de Debito;Entregue;28.55
7852;841;2025-09-14;Cartao de Credito;Entregue;183.77
7853;196;2026-02-22;Boleto;Entregue;110.88
7854;108;2026-03-06;Cartao de Credito;Em Transito;65.99
7855;1731;2025-01-10;Cartao de Debito;Entregue;32.97
7856;1459;2026-04-26;Pix;Entregue;171.05
7857;371;2025-02-17;Cartao de Credito;Entregue com Atraso;463.56
7858;890;2025-09-01;Pix;Entregue;27.05
7859;31;2026-01-01;Pix;Entregue com Atraso;38.56
7860;392;2025-07-30;Pix;Entregue;80.08
7861;85;2025-07-28;Pix;Entregue;169.52
7862;605;2025-10-04;Cartao de Credito;Entregue;51.73
7863;992;2024-10-12;Pix;Entregue;60.63
7864;874;2026-03-29;Cartao de Credito;Entregue com Atraso;28.5
7865;1506;2025-09-10;Cartao de Debito;Entregue;57.88
7866;1312;2024-08-28;Cartao de Credito;Entregue;73.44
7867;607;2025-10-15;Pix;Entregue;55.17
7868;666;2026-01-17;Cartao de Debito;Entregue;828.02
7869;504;2026-06-10;Pix;Entregue;183.75
7870;35;2026-05-29;Cartao de Credito;Entregue;181.95
7871;1426;2026-01-09;Pix;Entregue;46.38
7872;666;2025-11-23;Cartao de Credito;Entregue com Atraso;257.49
7873;81;2026-02-25;Cartao de Credito;Entregue;862.92
7874;137;2026-04-14;Pix;Em Transito;205.66
7875;462;2026-04-26;Boleto;Em Transito;266.07
7876;99;2026-06-18;Pix;Entregue;190.98
7877;911;2025-08-13;Cartao de Credito;Entregue;15.0
7878;419;2025-06-02;Boleto;Entregue;175.07
7879;1138;2025-10-30;Boleto;Entregue;15.0
7880;1750;2026-03-10;Boleto;Entregue com Atraso;150.35
7881;851;2025-01-17;Cartao de Credito;Em Transito;55.68
7882;1591;2025-01-25;Pix;Entregue;23.08
7883;966;2025-08-06;Cartao de Credito;Entregue;105.35
7884;801;2024-09-24;Pix;Entregue;231.13
7885;543;2025-02-24;Cartao de Credito;Entregue;43.1
7886;884;2026-04-08;Pix;Entregue com Atraso;32.32
7887;846;2024-12-30;Cartao de Debito;Entregue;71.46
7888;666;2025-02-16;Boleto;Entregue;106.42
7889;921;2026-01-30;Pix;Entregue;14.25
7890;1534;2026-05-12;Cartao de Credito;Entregue;97.26
7891;1515;2025-12-04;Cartao de Credito;Cancelado;160.87
7892;1699;2025-02-09;Pix;Entregue;35.91
7893;1010;2026-07-11;Pix;Entregue;331.46
7894;1161;2024-12-30;Cartao de Credito;Entregue;270.35
7895;729;2026-05-29;Boleto;Entregue;79.34
7896;1356;2025-05-18;Pix;Em Transito;490.79
7897;829;2025-05-05;Cartao de Debito;Em Transito;19.27
7898;1140;2025-04-26;Cartao de Debito;Entregue;28.4
7899;605;2025-05-17;Cartao de Credito;Entregue;46.99
7900;1297;2026-01-17;Pix;Entregue;39.42
7901;588;2026-01-30;Cartao de Credito;Entregue com Atraso;118.76
7902;1229;2025-08-31;Boleto;Entregue;52.2
7903;234;2025-09-07;Boleto;Entregue;105.0
7904;1345;2025-11-07;Cartao de Credito;Entregue;145.11
7905;164;2025-03-17;Cartao de Credito;Entregue;17.23
7906;1100;2025-06-07;Boleto;Entregue com Atraso;398.73
7907;447;2026-02-10;Cartao de Credito;Entregue;29.25
7908;841;2025-09-30;Boleto;Entregue;29.42
7909;1112;2025-12-12;Pix;Entregue;77.12
7910;150;2025-06-25;Pix;Entregue;50.66
7911;1754;2025-01-21;Pix;Entregue;139.05
7912;1079;2026-04-01;Cartao de Credito;Entregue;166.82
7913;481;2026-07-22;Cartao de Credito;Entregue com Atraso;133.72
7914;987;2026-03-26;Cartao de Debito;Em Transito;339.63
7915;1426;2025-04-27;Cartao de Credito;Entregue;67.1
7916;1552;2024-10-12;Pix;Entregue;34.56
7917;1719;2025-08-19;Pix;Em Transito;296.84
7918;1202;2025-04-23;Cartao de Debito;Entregue;129.69
7919;998;2026-03-03;Cartao de Credito;Entregue;70.97
7920;1671;2026-06-16;Pix;Entregue;27.34
7921;945;2025-07-17;Pix;Entregue;179.77
7922;246;2024-09-23;Boleto;Em Transito;58.07
7923;1754;2025-05-26;Cartao de Credito;Entregue;82.18
7924;242;2025-05-09;Cartao de Credito;Em Transito;51.76
7925;1775;2026-01-14;Pix;Entregue com Atraso;65.9
7926;955;2025-06-20;Cartao de Credito;Entregue;207.21
7927;46;2025-09-23;Cartao de Credito;Entregue;45.0
7928;619;2025-08-10;Cartao de Credito;Entregue;72.87
7929;613;2026-01-10;Boleto;Entregue;29.38
7930;1228;2025-11-07;Cartao de Credito;Entregue;121.75
7931;301;2025-09-02;Boleto;Entregue;160.88
7932;825;2024-12-01;Pix;Entregue;48.97
7933;1716;2025-10-31;Pix;Em Transito;293.12
7934;786;2026-03-09;Cartao de Debito;Entregue;81.8
7935;1494;2024-09-07;Cartao de Credito;Entregue com Atraso;85.2
7936;1271;2025-10-03;Cartao de Credito;Entregue;174.97
7937;1332;2026-03-10;Pix;Entregue;212.35
7938;1558;2026-03-21;Cartao de Debito;Em Transito;42.91
7939;437;2024-12-30;Pix;Entregue;21.33
7940;1141;2025-04-21;Pix;Em Transito;524.0
7941;1368;2025-01-28;Cartao de Credito;Entregue;14.25
7942;762;2025-08-13;Pix;Entregue com Atraso;60.19
7943;1346;2026-04-30;Pix;Entregue;94.95
7944;1327;2025-01-24;Cartao de Debito;Entregue;38.13
7945;1254;2026-05-15;Cartao de Credito;Em Transito;22.53
7946;814;2024-12-21;Cartao de Debito;Entregue;125.02
7947;379;2026-05-12;Cartao de Credito;Entregue;22.66
7948;577;2026-04-05;Pix;Entregue;158.81
7949;794;2025-08-13;Pix;Entregue com Atraso;65.54
7950;633;2026-04-21;Cartao de Credito;Entregue;81.8
7951;915;2026-03-13;Cartao de Credito;Entregue;131.53
7952;825;2025-09-07;Pix;Cancelado;74.83
7953;1304;2025-03-29;Cartao de Credito;Entregue com Atraso;118.87
7954;1605;2026-06-06;Cartao de Debito;Em Transito;251.77
7955;1109;2025-11-28;Cartao de Credito;Entregue com Atraso;361.37
7956;301;2025-02-25;Cartao de Credito;Entregue;339.62
7957;1507;2024-12-05;Cartao de Debito;Entregue;17.94
7958;825;2026-03-11;Boleto;Entregue;33.94
7959;442;2024-10-12;Pix;Entregue com Atraso;300.6
7960;187;2025-10-23;Boleto;Entregue com Atraso;80.08
7961;292;2024-11-19;Cartao de Credito;Entregue com Atraso;38.13
7962;919;2024-10-09;Boleto;Entregue;62.12
7963;791;2024-08-08;Boleto;Entregue com Atraso;48.64
7964;1202;2025-12-31;Pix;Cancelado;211.73
7965;12;2026-01-26;Cartao de Credito;Entregue;73.05
7966;666;2024-10-05;Cartao de Credito;Entregue com Atraso;254.96
7967;1142;2024-09-24;Boleto;Entregue;89.94
7968;1279;2025-05-15;Cartao de Credito;Entregue com Atraso;175.11
7969;1260;2024-12-05;Cartao de Credito;Entregue;78.54
7970;982;2025-09-02;Pix;Entregue com Atraso;90.89
7971;920;2024-11-08;Cartao de Credito;Entregue com Atraso;40.95
7972;618;2025-01-16;Cartao de Credito;Entregue;76.48
7973;1271;2025-10-10;Cartao de Debito;Entregue com Atraso;84.44
7974;1581;2026-07-27;Boleto;Entregue;68.43
7975;1280;2025-02-25;Cartao de Debito;Entregue;186.13
7976;759;2025-07-24;Cartao de Credito;Entregue;40.53
7977;388;2025-04-09;Cartao de Debito;Entregue;23.19
7978;1658;2025-12-20;Cartao de Debito;Entregue;42.15
7979;841;2025-05-31;Cartao de Credito;Entregue;86.77
7980;264;2025-02-14;Pix;Entregue;197.62
7981;235;2025-12-08;Pix;Entregue;63.96
7982;862;2025-07-10;Cartao de Credito;Entregue;194.52
7983;1083;2024-12-27;Pix;Entregue;116.14
7984;239;2026-06-25;Boleto;Entregue;251.05
7985;1339;2025-10-22;Cartao de Credito;Entregue;82.9
7986;202;2026-07-29;Pix;Entregue;279.16
7987;292;2024-10-10;Boleto;Entregue;267.48
7988;663;2025-02-07;Cartao de Credito;Entregue;186.57
7989;1338;2025-05-15;Cartao de Debito;Entregue com Atraso;154.24
7990;1217;2025-01-16;Cartao de Credito;Entregue;81.48
7991;367;2024-11-24;Cartao de Credito;Entregue;134.01
7992;1193;2026-02-10;Pix;Entregue com Atraso;102.67
7993;596;2025-01-02;Cartao de Credito;Entregue;107.78
7994;343;2025-12-04;Cartao de Debito;Entregue;39.0
7995;1457;2025-04-30;Cartao de Credito;Em Transito;22.36
7996;841;2025-01-25;Cartao de Credito;Entregue;307.04
7997;938;2026-06-20;Boleto;Entregue;65.87
7998;495;2026-02-08;Cartao de Credito;Entregue;15.0
7999;825;2024-09-23;Pix;Entregue com Atraso;55.18
8000;754;2025-02-04;Pix;Entregue;106.71
8001;1305;2025-10-22;Pix;Entregue;76.26
8002;1181;2026-03-17;Pix;Entregue;58.59
8003;1096;2025-07-21;Pix;Entregue com Atraso;173.5
8004;922;2025-10-17;Pix;Entregue;186.63
8005;801;2024-10-05;Cartao de Credito;Entregue;30.52
8006;1492;2026-05-03;Pix;Entregue com Atraso;48.64
8007;1671;2025-11-24;Cartao de Credito;Em Transito;281.19
8008;789;2025-01-16;Boleto;Em Transito;181.52
8009;728;2026-02-22;Pix;Entregue;281.56
8010;55;2025-02-24;Cartao de Credito;Entregue com Atraso;181.8
8011;505;2026-05-18;Cartao de Credito;Cancelado;268.77
8012;88;2026-04-19;Boleto;Cancelado;180.15
8013;462;2024-09-30;Cartao de Credito;Entregue;65.53
8014;1254;2026-03-20;Cartao de Credito;Entregue;158.53
8015;583;2024-08-20;Cartao de Credito;Entregue com Atraso;24.9
8016;68;2026-05-25;Pix;Entregue;50.09
8017;5;2025-11-06;Pix;Cancelado;100.77
8018;1101;2026-07-10;Cartao de Credito;Em Transito;35.02
8019;1520;2026-07-23;Cartao de Credito;Entregue;439.16
8020;1190;2024-08-08;Cartao de Credito;Entregue;124.5
8021;1121;2026-02-12;Pix;Entregue;168.28
8022;825;2026-01-11;Pix;Entregue;465.11
8023;1502;2026-02-14;Cartao de Credito;Entregue;114.0
8024;1564;2026-03-26;Cartao de Credito;Entregue;64.26
8025;882;2025-01-30;Cartao de Credito;Entregue;57.57
8026;83;2025-12-07;Cartao de Credito;Entregue com Atraso;125.15
8027;396;2026-04-14;Cartao de Credito;Entregue;463.95
8028;292;2025-04-20;Boleto;Entregue com Atraso;112.08
8029;1509;2025-04-22;Boleto;Em Transito;85.76
8030;1515;2025-04-24;Cartao de Credito;Entregue com Atraso;18.81
8031;966;2026-04-07;Boleto;Entregue;126.06
8032;649;2025-11-07;Cartao de Credito;Entregue;81.29
8033;1589;2025-08-03;Cartao de Debito;Cancelado;261.12
8034;489;2024-12-26;Pix;Entregue;37.42
8035;1441;2025-04-13;Boleto;Entregue;22.66
8036;554;2026-02-02;Cartao de Credito;Em Transito;81.05
8037;1431;2026-01-21;Cartao de Credito;Cancelado;72.83
8038;34;2024-12-13;Cartao de Credito;Entregue;50.11
8039;1282;2026-01-24;Cartao de Credito;Entregue com Atraso;212.3
8040;284;2025-04-04;Boleto;Cancelado;683.76
8041;922;2026-03-25;Boleto;Entregue;214.91
8042;838;2025-07-18;Cartao de Credito;Entregue;106.71
8043;1202;2025-01-06;Pix;Entregue;33.72
8044;1327;2025-04-26;Boleto;Entregue com Atraso;22.36
8045;952;2024-12-14;Pix;Entregue;15.0
8046;402;2025-07-23;Pix;Entregue;73.44
8047;666;2025-05-20;Pix;Entregue;23.74
8048;1246;2025-07-08;Boleto;Entregue;42.17
8049;1046;2025-01-23;Cartao de Credito;Entregue;146.87
8050;237;2026-07-01;Pix;Entregue;134.12
8051;130;2024-11-06;Cartao de Debito;Entregue com Atraso;209.47
8052;107;2026-04-26;Cartao de Credito;Entregue;285.59
8053;801;2025-04-12;Cartao de Credito;Entregue;40.79
8054;540;2026-05-18;Pix;Entregue;70.97
8055;380;2024-12-21;Cartao de Credito;Entregue;127.97
8056;1523;2026-05-18;Pix;Entregue com Atraso;65.66
8057;506;2026-03-27;Cartao de Credito;Entregue;15.99
8058;1513;2025-09-10;Cartao de Credito;Em Transito;294.98
8059;612;2024-11-19;Cartao de Debito;Entregue;260.35
8060;256;2026-05-05;Pix;Entregue;67.64
8061;1549;2024-10-23;Cartao de Credito;Entregue;84.48
8062;1410;2026-06-16;Boleto;Entregue;370.32
8063;1279;2025-11-22;Boleto;Entregue;239.17
8064;30;2024-11-01;Cartao de Credito;Entregue;62.12
8065;1523;2024-10-25;Cartao de Debito;Entregue;325.69
8066;402;2025-07-13;Cartao de Debito;Em Transito;207.08
8067;618;2025-11-17;Pix;Entregue;65.05
8068;1317;2025-08-16;Pix;Entregue com Atraso;598.69
8069;934;2026-06-08;Pix;Entregue;111.95
8070;907;2025-01-02;Cartao de Credito;Entregue;125.73
8071;585;2025-12-12;Cartao de Credito;Entregue;57.49
8072;568;2024-08-01;Cartao de Credito;Cancelado;58.17
8073;825;2025-07-17;Cartao de Debito;Entregue;160.88
8074;1781;2026-04-03;Cartao de Credito;Entregue com Atraso;58.63
8075;373;2026-02-06;Cartao de Credito;Cancelado;58.76
8076;784;2024-11-22;Cartao de Credito;Entregue;39.96
8077;416;2026-06-15;Cartao de Credito;Entregue;82.44
8078;966;2025-07-27;Pix;Entregue;15.0
8079;59;2025-03-29;Pix;Entregue;76.74
8080;187;2025-05-12;Cartao de Credito;Entregue;115.71
8081;1212;2026-06-26;Pix;Entregue;12.75
8082;932;2026-05-17;Pix;Entregue;306.34
8083;801;2026-05-25;Cartao de Credito;Entregue;25.35
8084;622;2026-02-02;Pix;Entregue;277.62
8085;65;2026-06-19;Pix;Entregue;89.46
8086;723;2024-10-21;Cartao de Credito;Entregue;47.75
8087;150;2025-10-14;Cartao de Credito;Em Transito;159.99
8088;1359;2026-05-11;Cartao de Credito;Entregue;27.0
8089;1079;2026-06-11;Pix;Entregue;434.66
8090;153;2025-09-25;Pix;Entregue;111.36
8091;505;2025-07-14;Pix;Entregue;501.89
8092;402;2024-11-30;Cartao de Credito;Entregue;67.64
8093;505;2025-02-03;Cartao de Credito;Em Transito;195.7
8094;370;2025-07-14;Pix;Entregue;14.25
8095;763;2025-05-20;Pix;Em Transito;29.3
8096;1441;2025-03-16;Pix;Entregue;19.9
8097;770;2025-11-19;Boleto;Entregue;259.91
8098;5;2025-01-05;Pix;Entregue;316.94
8099;1001;2026-03-18;Cartao de Debito;Entregue;83.15
8100;482;2024-11-29;Cartao de Credito;Entregue;78.99
8101;618;2026-03-30;Pix;Entregue;231.59
8102;367;2024-12-15;Boleto;Entregue;236.99
8103;496;2025-11-21;Cartao de Credito;Entregue;133.87
8104;1081;2025-11-21;Cartao de Credito;Entregue;19.27
8105;388;2024-09-03;Cartao de Debito;Entregue;70.97
8106;1568;2025-05-06;Cartao de Credito;Entregue com Atraso;74.68
8107;1566;2026-01-26;Pix;Entregue com Atraso;41.5
8108;1164;2026-04-03;Pix;Entregue;61.43
8109;337;2026-01-27;Pix;Entregue;902.47
8110;452;2024-09-22;Cartao de Credito;Entregue;159.11
8111;1670;2025-10-08;Cartao de Credito;Em Transito;189.34
8112;1001;2025-10-06;Pix;Entregue;107.44
8113;835;2025-04-08;Cartao de Debito;Entregue;136.96
8114;1363;2025-03-13;Boleto;Em Transito;67.85
8115;1431;2025-05-20;Pix;Entregue;200.81
8116;1213;2026-06-23;Cartao de Credito;Entregue;61.32
8117;945;2025-05-25;Pix;Cancelado;33.91
8118;1721;2025-08-26;Cartao de Credito;Entregue;619.48
8119;1599;2026-03-14;Cartao de Credito;Entregue;15.0
8120;277;2024-09-13;Cartao de Credito;Entregue;69.5
8121;928;2025-11-22;Cartao de Credito;Entregue;249.35
8122;99;2026-03-20;Pix;Entregue;103.46
8123;88;2025-08-10;Pix;Entregue;107.63
8124;1344;2026-03-09;Cartao de Credito;Cancelado;39.8
8125;1384;2024-09-24;Pix;Entregue;119.69
8126;1154;2025-05-12;Pix;Entregue;15.0
8127;546;2025-09-09;Pix;Entregue;91.09
8128;1738;2026-05-25;Pix;Entregue com Atraso;41.5
8129;1535;2026-01-30;Boleto;Entregue com Atraso;81.33
8130;24;2026-05-07;Pix;Entregue;180.37
8131;765;2026-05-03;Boleto;Em Transito;77.22
8132;567;2025-08-24;Cartao de Credito;Entregue;14.25
8133;911;2025-12-14;Cartao de Credito;Entregue;51.34
8134;526;2026-03-20;Boleto;Cancelado;284.12
8135;5;2024-08-29;Pix;Entregue;31.16
8136;63;2026-06-26;Cartao de Credito;Entregue com Atraso;77.17
8137;831;2025-02-25;Boleto;Entregue;127.68
8138;343;2024-08-01;Pix;Entregue;242.35
8139;661;2026-03-08;Cartao de Credito;Entregue;57.38
8140;1344;2025-02-25;Pix;Entregue;183.48
8141;9;2024-12-30;Pix;Entregue;101.47
8142;1374;2025-04-19;Boleto;Entregue;48.03
8143;16;2026-06-14;Pix;Entregue;70.77
8144;1731;2024-12-15;Pix;Entregue;20.01
8145;708;2026-07-01;Boleto;Entregue;72.15
8146;1162;2025-12-16;Boleto;Entregue com Atraso;229.35
8147;1754;2026-06-21;Pix;Entregue;242.44
8148;613;2026-01-15;Cartao de Credito;Entregue;500.39
8149;861;2025-10-01;Cartao de Debito;Entregue;62.09
8150;162;2025-02-10;Boleto;Cancelado;49.14
8151;1109;2026-03-13;Cartao de Credito;Entregue;77.14
8152;1523;2025-12-23;Cartao de Debito;Entregue;15.0
8153;246;2024-10-04;Cartao de Credito;Entregue;48.76
8154;1478;2024-09-05;Cartao de Debito;Entregue;201.91
8155;1543;2026-02-03;Pix;Cancelado;176.38
8156;992;2025-06-11;Pix;Entregue;15.0
8157;209;2025-03-23;Cartao de Credito;Entregue com Atraso;104.53
8158;1576;2025-01-19;Cartao de Credito;Entregue;29.89
8159;1382;2025-11-02;Cartao de Debito;Entregue;17.87
8160;173;2025-12-07;Boleto;Entregue;73.63
8161;1319;2026-02-14;Boleto;Entregue;92.37
8162;1068;2024-12-23;Cartao de Credito;Entregue;80.22
8163;1058;2025-02-08;Cartao de Debito;Entregue;322.51
8164;364;2025-07-23;Cartao de Credito;Em Transito;386.45
8165;959;2025-03-23;Cartao de Credito;Entregue;21.21
8166;1339;2024-10-13;Cartao de Credito;Entregue com Atraso;154.81
8167;494;2025-08-04;Cartao de Credito;Entregue;44.38
8168;502;2024-11-01;Pix;Entregue com Atraso;143.07
8169;431;2025-03-31;Cartao de Credito;Entregue;43.7
8170;1318;2025-03-25;Pix;Cancelado;311.55
8171;1311;2026-02-14;Cartao de Debito;Em Transito;290.49
8172;784;2024-11-28;Pix;Cancelado;39.42
8173;1373;2026-06-11;Pix;Entregue;89.16
8174;293;2025-12-10;Boleto;Entregue;44.38
8175;622;2025-04-01;Pix;Entregue com Atraso;125.05
8176;1185;2024-11-06;Cartao de Debito;Entregue;289.66
8177;1342;2024-09-05;Cartao de Debito;Entregue;54.07
8178;1179;2025-11-12;Boleto;Em Transito;65.67
8179;825;2026-04-01;Cartao de Credito;Entregue;18.14
8180;472;2025-04-17;Pix;Entregue com Atraso;137.62
8181;630;2025-11-26;Cartao de Credito;Entregue com Atraso;138.02
8182;241;2026-04-12;Cartao de Debito;Entregue com Atraso;277.99
8183;1731;2024-11-08;Pix;Entregue;140.65
8184;1523;2025-03-22;Pix;Entregue;539.32
8185;244;2025-05-07;Pix;Entregue;20.26
8186;1755;2025-07-02;Cartao de Credito;Entregue;15.0
8187;838;2025-12-13;Pix;Entregue com Atraso;62.39
8188;825;2024-09-30;Pix;Entregue;34.49
8189;786;2024-12-08;Pix;Entregue;411.72
8190;1055;2024-11-18;Pix;Entregue;326.48
8191;1510;2025-02-17;Cartao de Credito;Cancelado;163.24
8192;30;2025-08-07;Cartao de Credito;Entregue;85.41
8193;383;2026-01-05;Pix;Entregue;200.53
8194;976;2025-04-06;Cartao de Credito;Em Transito;34.02
8195;593;2026-01-25;Cartao de Credito;Entregue;249.31
8196;733;2025-03-31;Cartao de Credito;Entregue com Atraso;30.23
8197;516;2025-06-21;Cartao de Credito;Cancelado;118.4
8198;295;2025-11-04;Cartao de Credito;Entregue;228.7
8199;601;2026-05-03;Cartao de Debito;Entregue com Atraso;121.23
8200;622;2026-06-17;Cartao de Credito;Entregue;47.45
8201;1130;2025-03-29;Pix;Entregue;180.95
8202;187;2024-11-24;Cartao de Credito;Entregue;197.63
8203;1645;2026-06-20;Pix;Entregue;15.0
8204;1237;2024-11-08;Pix;Entregue;250.48
8205;179;2024-12-27;Cartao de Credito;Cancelado;62.39
8206;179;2025-05-16;Boleto;Entregue com Atraso;21.33
8207;40;2024-10-21;Pix;Entregue com Atraso;130.23
8208;573;2026-07-06;Cartao de Debito;Entregue;77.95
8209;116;2025-02-08;Pix;Entregue;44.8
8210;1179;2024-08-10;Cartao de Credito;Entregue;266.53
8211;573;2025-07-30;Cartao de Credito;Entregue;364.08
8212;92;2025-09-10;Boleto;Entregue;167.43
8213;482;2025-09-15;Cartao de Credito;Entregue com Atraso;883.92
8214;15;2024-12-11;Cartao de Debito;Em Transito;392.97
8215;418;2025-04-07;Cartao de Credito;Entregue;144.79
8216;415;2026-02-08;Pix;Entregue;294.74
8217;1230;2025-08-10;Boleto;Entregue;110.33
8218;501;2024-12-02;Cartao de Credito;Entregue com Atraso;60.88
8219;1692;2025-06-15;Pix;Entregue;72.7
8220;1787;2025-02-06;Pix;Entregue;188.41
8221;226;2025-10-24;Pix;Em Transito;184.57
8222;1109;2026-02-21;Pix;Entregue;180.81
8223;1288;2025-08-11;Cartao de Credito;Entregue;55.51
8224;1477;2024-08-10;Pix;Entregue;87.15
8225;801;2025-10-14;Pix;Em Transito;108.54
8226;169;2024-12-17;Pix;Entregue;127.8
8227;377;2026-02-21;Cartao de Debito;Entregue;351.64
8228;22;2025-12-23;Pix;Cancelado;28.47
8229;941;2024-10-24;Cartao de Credito;Entregue;113.42
8230;202;2025-11-22;Boleto;Em Transito;41.22
8231;614;2025-07-25;Cartao de Credito;Entregue;55.99
8232;1672;2026-01-09;Cartao de Debito;Entregue;91.02
8233;447;2025-07-20;Pix;Em Transito;20.64
8234;765;2026-03-30;Pix;Entregue com Atraso;112.43
8235;1321;2024-09-25;Boleto;Entregue;28.52
8236;1427;2024-12-30;Pix;Entregue com Atraso;34.56
8237;1342;2026-06-13;Boleto;Entregue;21.86
8238;1089;2025-10-07;Cartao de Credito;Entregue com Atraso;52.55
8239;1652;2025-08-18;Pix;Entregue;166.63
8240;770;2026-02-26;Cartao de Credito;Entregue;160.65
8241;814;2026-03-04;Cartao de Credito;Entregue;42.91
8242;617;2025-09-23;Cartao de Credito;Em Transito;19.02
8243;444;2024-11-23;Cartao de Credito;Entregue com Atraso;28.4
8244;271;2025-04-24;Cartao de Credito;Entregue;21.1
8245;618;2025-09-30;Cartao de Debito;Entregue;30.0
8246;293;2025-03-05;Cartao de Credito;Entregue;363.95
8247;110;2024-11-17;Cartao de Credito;Entregue;171.87
8248;943;2025-04-23;Pix;Entregue;45.63
8249;1229;2026-06-30;Cartao de Debito;Cancelado;497.02
8250;765;2026-04-27;Cartao de Credito;Cancelado;184.78
8251;392;2025-03-19;Cartao de Credito;Entregue;119.59
8252;1229;2024-12-29;Pix;Em Transito;63.56
8253;1073;2025-06-14;Pix;Entregue;46.62
8254;413;2024-08-06;Cartao de Credito;Entregue com Atraso;195.41
8255;637;2026-07-03;Pix;Em Transito;325.71
8256;1038;2024-10-29;Cartao de Credito;Entregue;224.46
8257;50;2026-06-27;Pix;Entregue;305.67
8258;1260;2026-03-26;Cartao de Debito;Entregue com Atraso;82.69
8259;1469;2026-05-23;Pix;Entregue;525.71
8260;1085;2024-10-02;Pix;Entregue;194.6
8261;1523;2025-08-26;Cartao de Credito;Em Transito;58.82
8262;567;2025-01-01;Cartao de Credito;Entregue com Atraso;176.69
8263;131;2026-07-08;Pix;Entregue;95.45
8264;388;2024-08-30;Cartao de Credito;Entregue;48.76
8265;1752;2025-01-30;Cartao de Credito;Entregue;106.09
8266;1264;2025-01-16;Pix;Entregue;206.68
8267;1426;2024-11-24;Boleto;Entregue com Atraso;144.13
8268;383;2026-04-27;Cartao de Credito;Cancelado;183.56
8269;30;2026-01-19;Cartao de Credito;Entregue;62.36
8270;58;2025-01-13;Pix;Entregue;268.83
8271;1792;2026-02-07;Cartao de Credito;Cancelado;55.68
8272;75;2025-11-21;Cartao de Debito;Entregue;155.81
8273;1075;2025-09-13;Pix;Entregue;307.24
8274;480;2024-10-03;Cartao de Credito;Cancelado;114.43
8275;1266;2026-02-16;Cartao de Debito;Entregue;28.86
8276;1650;2024-10-23;Boleto;Entregue com Atraso;15.0
8277;1274;2024-09-20;Cartao de Credito;Entregue;558.95
8278;325;2025-12-02;Cartao de Debito;Em Transito;14.25
8279;525;2025-04-17;Pix;Entregue;121.08
8280;768;2025-11-27;Boleto;Entregue;31.16
8281;1129;2024-10-04;Cartao de Debito;Entregue;190.01
8282;1341;2026-05-07;Pix;Entregue;152.54
8283;381;2025-02-12;Cartao de Credito;Entregue;35.91
8284;1259;2026-05-26;Pix;Entregue;326.98
8285;572;2024-08-24;Cartao de Credito;Cancelado;70.97
8286;673;2026-03-07;Pix;Entregue;725.27
8287;666;2026-03-09;Cartao de Credito;Entregue;174.54
8288;1229;2026-03-24;Boleto;Entregue;48.91
8289;879;2025-06-26;Cartao de Credito;Entregue;32.97
8290;75;2024-08-19;Pix;Entregue;53.61
8291;743;2025-10-13;Cartao de Debito;Entregue;180.3
8292;235;2025-09-13;Pix;Entregue;143.04
8293;1581;2024-11-09;Cartao de Credito;Entregue com Atraso;88.65
8294;1679;2025-05-13;Cartao de Credito;Entregue;15.0
8295;641;2024-11-20;Cartao de Credito;Entregue;50.66
8296;926;2026-04-27;Pix;Entregue;332.71
8297;1130;2025-03-11;Pix;Em Transito;37.84
8298;1426;2024-12-30;Boleto;Entregue;44.38
8299;458;2025-10-30;Cartao de Debito;Entregue;116.56
8300;1035;2025-01-13;Cartao de Credito;Entregue;14.25
8301;84;2026-03-12;Pix;Entregue;106.19
8302;444;2025-07-07;Cartao de Credito;Entregue com Atraso;205.84
8303;416;2025-06-08;Cartao de Credito;Entregue;48.76
8304;1647;2025-01-01;Cartao de Credito;Entregue;187.53
8305;1004;2026-07-13;Cartao de Debito;Cancelado;215.93
8306;1642;2026-02-11;Pix;Entregue;198.2
8307;821;2025-07-18;Cartao de Credito;Entregue;33.22
8308;1761;2026-04-18;Cartao de Credito;Cancelado;171.44
8309;931;2026-07-01;Boleto;Entregue com Atraso;40.76
8310;1194;2025-01-27;Pix;Em Transito;74.87
8311;452;2025-08-31;Cartao de Credito;Entregue;70.97
8312;1320;2025-06-09;Cartao de Debito;Entregue;46.32
8313;1266;2025-04-09;Cartao de Credito;Entregue;32.65
8314;1779;2024-09-20;Pix;Entregue;23.19
8315;388;2025-08-04;Pix;Entregue;41.5
8316;442;2025-06-10;Pix;Entregue;173.35
8317;823;2026-04-14;Cartao de Debito;Entregue;315.28
8318;1619;2024-09-23;Cartao de Debito;Entregue;84.44
8319;1269;2026-06-30;Cartao de Credito;Cancelado;103.46
8320;881;2025-01-07;Cartao de Credito;Entregue;405.38
8321;409;2026-04-12;Pix;Entregue com Atraso;96.04
8322;1651;2026-04-05;Pix;Entregue;77.61
8323;962;2024-10-08;Boleto;Entregue com Atraso;26.25
8324;1538;2025-05-18;Cartao de Credito;Entregue;260.39
8325;402;2024-12-11;Cartao de Debito;Entregue;587.75
8326;1679;2025-11-02;Cartao de Credito;Entregue;15.0
8327;655;2026-01-09;Boleto;Em Transito;59.1
8328;1092;2024-12-15;Pix;Entregue com Atraso;43.1
8329;1176;2024-10-27;Pix;Entregue;202.01
8330;447;2026-04-30;Cartao de Credito;Entregue;92.51
8331;325;2025-12-05;Cartao de Credito;Cancelado;119.88
8332;618;2025-11-17;Boleto;Entregue com Atraso;114.48
8333;995;2024-09-07;Cartao de Credito;Entregue;15.0
8334;473;2026-06-22;Cartao de Debito;Entregue;125.55
8335;1770;2025-11-16;Cartao de Debito;Entregue;12.75
8336;1605;2025-11-19;Cartao de Debito;Entregue;110.03
8337;584;2025-09-19;Pix;Entregue;49.07
8338;1043;2025-07-23;Cartao de Credito;Entregue;52.77
8339;691;2025-09-24;Cartao de Credito;Entregue;63.36
8340;836;2024-09-14;Pix;Entregue;568.49
8341;97;2024-11-11;Cartao de Credito;Entregue;83.0
8342;306;2025-05-02;Cartao de Credito;Entregue;31.05
8343;794;2025-09-12;Boleto;Entregue;102.18
8344;1457;2025-10-19;Cartao de Credito;Entregue;18.71
8345;1098;2025-07-13;Cartao de Credito;Entregue;62.03
8346;633;2024-12-21;Pix;Cancelado;73.58
8347;1672;2026-06-28;Cartao de Debito;Entregue;157.99
8348;1680;2025-09-30;Boleto;Em Transito;42.2
8349;615;2024-11-16;Pix;Entregue com Atraso;154.96
8350;383;2025-03-01;Pix;Entregue;178.93
8351;1034;2026-01-03;Pix;Em Transito;208.43
8352;1705;2026-05-30;Pix;Entregue;370.37
8353;1752;2026-02-18;Boleto;Entregue;153.17
8354;620;2024-11-11;Cartao de Credito;Entregue com Atraso;61.23
8355;616;2026-06-22;Cartao de Credito;Entregue com Atraso;62.81
8356;269;2025-04-02;Cartao de Credito;Entregue com Atraso;26.21
8357;1118;2024-11-05;Cartao de Debito;Cancelado;321.76
8358;691;2026-07-30;Pix;Em Transito;553.41
8359;468;2026-02-23;Boleto;Entregue;404.01
8360;1452;2025-11-06;Cartao de Credito;Entregue;250.7
8361;266;2026-03-02;Pix;Entregue;192.77
8362;928;2024-10-09;Cartao de Credito;Entregue;133.6
8363;911;2025-11-08;Pix;Entregue;120.58
8364;1672;2026-07-18;Cartao de Credito;Em Transito;145.67
8365;1700;2025-09-19;Cartao de Credito;Entregue com Atraso;200.73
8366;90;2025-05-27;Boleto;Entregue;212.44
8367;998;2026-05-17;Pix;Entregue;54.57
8368;802;2024-09-01;Boleto;Entregue;316.17
8369;945;2025-03-07;Pix;Entregue;192.08
8370;1771;2026-01-04;Pix;Entregue;55.14
8371;1144;2025-01-23;Pix;Entregue;37.52
8372;1671;2025-02-16;Pix;Entregue;201.59
8373;1570;2025-04-02;Pix;Entregue;139.84
8374;1050;2026-02-12;Pix;Entregue;26.68
8375;1722;2026-02-21;Cartao de Credito;Entregue com Atraso;81.26
8376;251;2024-12-06;Boleto;Entregue com Atraso;609.74
8377;1437;2026-02-24;Pix;Entregue com Atraso;132.38
8378;1318;2024-10-22;Pix;Entregue com Atraso;366.08
8379;656;2025-12-15;Cartao de Credito;Entregue;125.12
8380;1071;2025-05-22;Cartao de Credito;Entregue com Atraso;140.3
8381;65;2024-12-02;Cartao de Credito;Entregue com Atraso;142.55
8382;118;2025-04-12;Pix;Entregue;20.76
8383;841;2024-10-22;Boleto;Entregue;14.25
8384;412;2024-10-12;Pix;Entregue;94.67
8385;1228;2024-12-29;Pix;Entregue;257.1
8386;1552;2025-12-06;Pix;Em Transito;215.44
8387;1598;2025-05-02;Pix;Entregue;76.44
8388;861;2026-06-19;Cartao de Credito;Entregue;322.46
8389;341;2026-02-23;Pix;Entregue;14.25
8390;1457;2026-04-16;Cartao de Credito;Entregue;197.22
8391;1412;2025-07-12;Cartao de Credito;Entregue;39.96
8392;1279;2025-11-03;Pix;Entregue;222.65
8393;123;2026-04-16;Pix;Entregue com Atraso;93.55
8394;229;2025-04-27;Cartao de Credito;Em Transito;453.34
8395;826;2025-01-14;Cartao de Credito;Em Transito;182.36
8396;172;2025-01-04;Cartao de Credito;Entregue;93.55
8397;792;2024-08-29;Cartao de Credito;Entregue;92.4
8398;294;2025-07-31;Pix;Entregue;204.11
8399;571;2025-12-15;Cartao de Credito;Entregue;45.63
8400;825;2024-10-26;Pix;Entregue;135.28
8401;1723;2026-04-12;Pix;Entregue com Atraso;36.47
8402;159;2026-02-23;Pix;Em Transito;114.16
8403;1417;2025-02-27;Cartao de Credito;Em Transito;240.14
8404;22;2026-07-07;Cartao de Credito;Entregue;23.85
8405;1211;2026-02-13;Pix;Cancelado;182.3
8406;82;2025-03-17;Boleto;Entregue;49.85
8407;1709;2026-04-01;Pix;Entregue;242.86
8408;671;2024-08-21;Cartao de Credito;Entregue;277.43
8409;1565;2025-07-20;Cartao de Credito;Entregue;184.31
8410;782;2025-06-21;Pix;Entregue com Atraso;94.67
8411;588;2025-10-11;Cartao de Credito;Entregue;65.87
8412;90;2025-09-24;Cartao de Credito;Em Transito;450.41
8413;1229;2025-12-18;Pix;Entregue;63.75
8414;1321;2025-11-19;Boleto;Entregue com Atraso;14.25
8415;608;2025-03-09;Boleto;Entregue;179.72
8416;603;2026-03-19;Pix;Entregue;227.67
8417;1357;2025-01-14;Boleto;Entregue;17.12
8418;1631;2024-12-07;Cartao de Credito;Em Transito;90.89
8419;725;2026-02-09;Pix;Entregue;31.04
8420;1087;2025-06-06;Cartao de Credito;Entregue com Atraso;305.0
8421;1184;2026-04-10;Cartao de Credito;Entregue;320.05
8422;694;2025-02-09;Cartao de Credito;Em Transito;65.11
8423;277;2026-01-08;Cartao de Credito;Entregue;15.0
8424;1468;2026-04-05;Pix;Entregue;170.27
8425;1588;2026-06-05;Cartao de Credito;Entregue;94.67
8426;501;2025-08-31;Cartao de Debito;Entregue;196.28
8427;371;2024-09-27;Pix;Entregue;257.98
8428;1478;2025-12-11;Pix;Entregue;15.0
8429;1298;2025-04-06;Cartao de Credito;Entregue;37.1
8430;17;2025-10-11;Pix;Entregue;125.15
8431;1271;2025-01-19;Cartao de Credito;Entregue;110.67
8432;1202;2025-03-31;Cartao de Credito;Entregue com Atraso;93.55
8433;377;2026-05-23;Cartao de Debito;Entregue;43.78
8434;881;2025-03-13;Pix;Entregue com Atraso;45.0
8435;109;2026-04-06;Pix;Cancelado;424.42
8436;801;2026-03-28;Cartao de Credito;Entregue;37.72
8437;331;2025-02-16;Cartao de Credito;Entregue;48.55
8438;633;2025-11-26;Boleto;Entregue;15.0
8439;12;2026-03-30;Cartao de Credito;Entregue;23.54
8440;1368;2025-04-30;Pix;Entregue;45.0
8441;1597;2024-08-24;Pix;Em Transito;15.0
8442;1010;2025-08-01;Pix;Entregue;36.63
8443;343;2025-06-14;Cartao de Credito;Entregue;352.4
8444;1123;2026-01-06;Cartao de Debito;Entregue;199.97
8445;1131;2025-08-04;Cartao de Credito;Em Transito;41.5
8446;1645;2025-11-04;Pix;Entregue com Atraso;127.11
8447;1164;2024-11-27;Pix;Entregue;183.65
8448;1645;2025-10-25;Pix;Entregue;80.78
8449;51;2025-07-18;Cartao de Debito;Entregue;18.14
8450;1187;2025-04-02;Cartao de Credito;Cancelado;384.57
8451;613;2026-05-06;Pix;Entregue;242.83
8452;1154;2024-12-12;Pix;Entregue;83.0
8453;1589;2025-05-02;Cartao de Credito;Cancelado;241.84
8454;1202;2025-07-04;Cartao de Credito;Entregue;500.28
8455;275;2026-03-09;Cartao de Credito;Entregue;150.61
8456;1583;2024-09-17;Boleto;Entregue com Atraso;196.8
8457;406;2026-02-09;Cartao de Credito;Entregue com Atraso;55.06
8458;1739;2024-12-27;Boleto;Entregue;21.41
8459;382;2026-05-24;Cartao de Credito;Entregue;191.61
8460;1403;2025-11-10;Pix;Entregue;128.0
8461;1151;2025-10-26;Pix;Entregue;147.86
8462;1416;2024-10-27;Boleto;Entregue;195.64
8463;1506;2025-12-17;Pix;Entregue;51.73
8464;207;2024-10-26;Pix;Entregue;132.87
8465;822;2025-02-05;Cartao de Debito;Entregue com Atraso;57.15
8466;1431;2025-06-05;Cartao de Credito;Entregue;102.29
8467;1090;2026-03-26;Cartao de Credito;Entregue;12.0
8468;279;2024-10-02;Cartao de Credito;Entregue;87.53
8469;175;2026-02-24;Boleto;Entregue;291.46
8470;1204;2025-07-02;Cartao de Credito;Entregue;28.5
8471;1161;2025-09-05;Pix;Entregue;34.8
8472;1602;2025-10-28;Cartao de Credito;Entregue;801.53
8473;655;2026-04-30;Cartao de Credito;Entregue;104.54
8474;1311;2024-08-29;Pix;Entregue;13.5
8475;1055;2024-08-03;Pix;Entregue com Atraso;143.86
8476;1134;2026-04-28;Cartao de Credito;Entregue;151.83
8477;595;2024-11-28;Cartao de Debito;Entregue;337.2
8478;263;2025-06-26;Cartao de Credito;Entregue;100.45
8479;605;2025-09-05;Pix;Cancelado;43.1
8480;992;2025-10-18;Cartao de Credito;Entregue;54.96
8481;12;2026-06-19;Boleto;Entregue;86.35
8482;1266;2026-03-08;Cartao de Debito;Cancelado;26.21
8483;207;2026-05-07;Cartao de Credito;Entregue com Atraso;62.12
8484;1252;2024-08-09;Cartao de Credito;Entregue;140.81
8485;1339;2025-08-12;Pix;Entregue;403.23
8486;1658;2026-01-28;Cartao de Debito;Entregue;62.17
8487;1090;2025-06-29;Cartao de Credito;Em Transito;307.13
8488;494;2026-06-30;Pix;Entregue com Atraso;46.71
8489;606;2025-10-22;Cartao de Credito;Entregue;12.0
8490;263;2024-11-17;Cartao de Credito;Entregue com Atraso;216.12
8491;1658;2026-04-09;Cartao de Credito;Entregue;17.87
8492;217;2025-10-17;Cartao de Credito;Entregue;97.82
8493;9;2026-06-12;Cartao de Credito;Entregue;243.41
8494;1130;2024-10-27;Cartao de Credito;Entregue;248.82
8495;1229;2024-09-21;Pix;Entregue;30.0
8496;1582;2026-04-17;Cartao de Credito;Entregue;106.71
8497;801;2025-03-08;Pix;Entregue;222.92
8498;622;2025-02-19;Cartao de Credito;Entregue;53.86
8499;580;2025-04-13;Pix;Entregue;124.09
8500;617;2026-03-03;Cartao de Debito;Entregue com Atraso;15.0
8501;370;2026-02-08;Cartao de Debito;Entregue;49.36
8502;20;2025-02-10;Boleto;Entregue;182.69
8503;806;2025-05-23;Cartao de Debito;Entregue;317.23
8504;1410;2025-05-10;Pix;Entregue;239.31
8505;728;2024-10-16;Cartao de Credito;Entregue;422.01
8506;1412;2025-07-18;Cartao de Credito;Entregue;94.67
8507;712;2024-09-06;Pix;Entregue;54.29
8508;501;2025-05-31;Cartao de Credito;Entregue com Atraso;19.61
8509;1375;2025-01-16;Pix;Entregue;245.32
8510;269;2024-08-16;Cartao de Credito;Cancelado;340.89
8511;388;2026-05-16;Pix;Entregue;154.54
8512;245;2025-07-26;Pix;Entregue;32.8
8513;179;2025-11-07;Pix;Entregue;264.39
8514;1731;2026-01-20;Cartao de Credito;Entregue com Atraso;132.7
8515;1768;2026-07-16;Pix;Entregue;324.1
8516;1731;2026-06-18;Pix;Cancelado;106.71
8517;1067;2025-10-13;Cartao de Credito;Entregue;25.67
8518;540;2026-06-18;Pix;Entregue com Atraso;161.91
8519;388;2026-03-09;Cartao de Credito;Entregue com Atraso;300.4
8520;1112;2024-11-11;Boleto;Entregue;23.59
8521;1301;2026-02-03;Cartao de Credito;Entregue;97.26
8522;262;2026-07-17;Pix;Entregue;90.06
8523;400;2025-12-31;Pix;Entregue;41.27
8524;708;2026-01-21;Cartao de Debito;Entregue;65.87
8525;266;2025-02-26;Boleto;Entregue;133.04
8526;1229;2024-11-30;Cartao de Credito;Entregue;15.0
8527;1044;2025-11-30;Cartao de Credito;Entregue com Atraso;91.49
8528;1605;2024-10-20;Cartao de Credito;Entregue;171.55
8529;1695;2025-08-02;Pix;Entregue;180.25
8530;1128;2026-06-07;Cartao de Credito;Entregue;470.38
8531;1593;2026-03-23;Boleto;Em Transito;164.36
8532;1523;2025-12-04;Pix;Entregue;110.7
8533;914;2025-05-08;Cartao de Credito;Entregue;92.95
8534;1099;2025-11-11;Cartao de Credito;Entregue;15.0
8535;825;2025-06-02;Cartao de Credito;Entregue;86.12
8536;790;2025-06-03;Pix;Entregue;167.53
8537;1083;2025-09-04;Cartao de Credito;Entregue;31.91
8538;294;2025-05-19;Pix;Entregue;39.8
8539;1469;2024-11-11;Cartao de Debito;Entregue com Atraso;36.24
8540;4;2026-05-16;Cartao de Credito;Entregue;416.13
8541;531;2025-03-29;Boleto;Entregue;26.68
8542;778;2026-05-08;Cartao de Debito;Cancelado;187.1
8543;1044;2025-03-29;Boleto;Entregue;853.22
8544;1450;2026-01-04;Pix;Entregue;130.59
8545;59;2026-04-07;Cartao de Credito;Entregue;300.09
8546;187;2025-12-19;Pix;Entregue com Atraso;19.9
8547;871;2026-02-26;Pix;Entregue;99.17
8548;887;2026-06-03;Pix;Entregue;45.06
8549;1149;2025-09-02;Cartao de Debito;Entregue;151.16
8550;749;2025-05-15;Cartao de Credito;Entregue;311.04
8551;1280;2025-12-19;Pix;Entregue;21.21
8552;1279;2026-01-04;Cartao de Credito;Entregue;44.38
8553;907;2025-06-03;Pix;Entregue;293.64
8554;1601;2025-12-22;Boleto;Entregue;42.42
8555;572;2025-12-20;Boleto;Entregue com Atraso;20.64
8556;665;2024-12-18;Cartao de Credito;Entregue;54.21
8557;1318;2025-12-19;Cartao de Credito;Entregue;39.16
8558;216;2026-01-24;Pix;Entregue;25.35
8559;1230;2025-02-10;Cartao de Debito;Entregue;215.67
8560;1645;2025-07-21;Cartao de Debito;Entregue;283.48
8561;1745;2025-11-25;Pix;Entregue com Atraso;30.23
8562;131;2026-05-04;Pix;Cancelado;282.47
8563;1405;2025-01-19;Cartao de Debito;Entregue;45.22
8564;936;2025-01-21;Pix;Entregue;242.72
8565;633;2025-09-04;Boleto;Entregue;70.95
8566;143;2026-02-25;Boleto;Entregue com Atraso;109.59
8567;997;2025-09-07;Boleto;Entregue;36.63
8568;388;2025-02-15;Cartao de Credito;Entregue;30.59
8569;218;2025-06-23;Pix;Entregue;74.05
8570;1734;2025-01-20;Pix;Entregue com Atraso;66.28
8571;1295;2025-04-27;Pix;Entregue;163.24
8572;1279;2026-05-17;Boleto;Entregue;137.05
8573;531;2025-05-07;Pix;Entregue;33.27
8574;1317;2025-07-12;Pix;Entregue;103.68
8575;838;2026-04-01;Pix;Entregue;349.08
8576;885;2025-06-27;Cartao de Credito;Entregue;107.29
8577;567;2025-05-13;Cartao de Credito;Entregue;110.06
8578;16;2025-06-03;Cartao de Credito;Entregue;90.71
8579;1605;2026-01-02;Cartao de Debito;Cancelado;169.65
8580;1563;2025-03-01;Cartao de Credito;Entregue;233.85
8581;1034;2025-03-30;Cartao de Credito;Entregue;15.0
8582;1079;2026-03-06;Cartao de Credito;Entregue;57.19
8583;907;2025-12-18;Cartao de Debito;Entregue;124.24
8584;966;2026-07-27;Cartao de Credito;Entregue com Atraso;115.77
8585;1127;2025-10-17;Cartao de Credito;Entregue;283.45
8586;196;2026-07-20;Pix;Entregue com Atraso;28.5
8587;1451;2026-04-15;Cartao de Credito;Entregue;103.68
8588;622;2025-05-11;Cartao de Credito;Entregue;21.1
8589;217;2025-05-13;Pix;Entregue;17.06
8590;900;2026-01-08;Cartao de Credito;Entregue;21.21
8591;354;2026-02-18;Pix;Entregue;133.96
8592;288;2025-03-18;Cartao de Credito;Entregue com Atraso;21.41
8593;989;2025-03-14;Pix;Entregue;15.0
8594;285;2025-05-12;Pix;Em Transito;58.37
8595;1580;2024-10-27;Cartao de Debito;Entregue;67.83
8596;1513;2025-06-13;Cartao de Debito;Cancelado;163.24
8597;982;2025-12-27;Cartao de Credito;Entregue;128.19
8598;1094;2024-11-21;Cartao de Credito;Entregue;81.58
8599;860;2026-03-20;Pix;Entregue;221.17
8600;1073;2024-12-14;Boleto;Entregue;282.71
8601;310;2024-08-26;Cartao de Credito;Em Transito;24.9
8602;939;2024-12-13;Pix;Entregue;161.3
8603;966;2025-09-26;Cartao de Credito;Entregue com Atraso;21.15
8604;666;2026-06-20;Cartao de Credito;Entregue;128.24
8605;1301;2024-09-05;Cartao de Debito;Entregue;236.67
8606;531;2025-02-02;Cartao de Debito;Entregue;151.34
8607;1255;2025-08-31;Pix;Entregue com Atraso;172.95
8608;1457;2024-12-18;Cartao de Credito;Entregue;165.78
8609;358;2025-05-30;Pix;Entregue;206.9
8610;954;2026-01-26;Pix;Entregue;135.1
8611;380;2026-01-17;Pix;Entregue com Atraso;55.68
8612;623;2026-07-18;Cartao de Credito;Entregue;357.57
8613;849;2026-03-08;Cartao de Credito;Entregue;15.0
8614;163;2025-03-18;Boleto;Entregue;32.8
8615;1527;2025-07-31;Pix;Entregue;266.87
8616;1202;2025-05-05;Pix;Cancelado;145.42
8617;996;2024-12-08;Cartao de Credito;Entregue;84.19
8618;922;2026-03-15;Pix;Entregue;65.46
8619;1468;2026-02-27;Cartao de Debito;Em Transito;63.28
8620;1635;2026-04-30;Cartao de Debito;Entregue;338.76
8621;1058;2024-12-25;Pix;Entregue;63.61
8622;505;2026-07-08;Boleto;Entregue;206.13
8623;589;2025-06-14;Cartao de Debito;Em Transito;246.97
8624;68;2025-09-14;Pix;Entregue;239.08
8625;1686;2024-12-10;Cartao de Credito;Entregue;126.72
8626;1677;2026-02-10;Boleto;Entregue;125.13
8627;541;2024-08-03;Pix;Em Transito;38.79
8628;1628;2025-12-14;Pix;Entregue com Atraso;78.94
8629;1550;2025-02-15;Cartao de Credito;Entregue;64.44
8630;435;2026-04-28;Cartao de Credito;Entregue;367.65
8631;1280;2025-12-04;Pix;Entregue;205.65
8632;1303;2025-06-11;Cartao de Credito;Entregue com Atraso;73.93
8633;447;2026-06-21;Boleto;Entregue;213.54
8634;260;2026-04-11;Boleto;Entregue;24.9
8635;1061;2025-08-29;Cartao de Credito;Entregue;35.02
8636;825;2026-07-10;Cartao de Debito;Em Transito;145.87
8637;202;2024-12-09;Pix;Entregue;35.02
8638;30;2026-02-04;Cartao de Credito;Entregue;15.0
8639;1188;2025-04-16;Pix;Em Transito;352.94
8640;801;2025-06-17;Cartao de Debito;Entregue;183.22
8641;284;2026-02-23;Cartao de Credito;Entregue;119.96
8642;383;2025-09-28;Pix;Entregue;32.77
8643;1056;2024-12-05;Boleto;Entregue;43.88
8644;1759;2024-11-09;Boleto;Em Transito;337.74
8645;1532;2026-01-25;Cartao de Credito;Entregue;30.52
8646;953;2024-11-17;Boleto;Entregue;161.81
8647;1167;2024-11-12;Pix;Entregue;220.64
8648;1119;2025-02-02;Cartao de Credito;Entregue com Atraso;74.71
8649;1605;2025-07-22;Pix;Entregue;46.56
8650;112;2024-09-07;Cartao de Credito;Em Transito;248.87
8651;1229;2026-07-12;Pix;Entregue;233.13
8652;513;2024-09-27;Pix;Entregue;22.26
8653;546;2025-08-18;Pix;Entregue;121.36
8654;585;2025-09-15;Boleto;Entregue;32.5
8655;735;2025-06-07;Pix;Entregue;84.23
8656;297;2026-01-12;Pix;Entregue;220.38
8657;1162;2026-02-01;Cartao de Credito;Entregue;110.27
8658;1098;2026-07-06;Pix;Entregue;249.45
8659;820;2024-09-04;Pix;Entregue;25.88
8660;1353;2026-05-31;Pix;Entregue;42.15
8661;1085;2025-05-05;Boleto;Entregue;65.33
8662;593;2025-05-04;Cartao de Credito;Entregue;44.16
8663;814;2024-10-25;Boleto;Entregue;698.84
8664;208;2026-03-15;Cartao de Credito;Entregue com Atraso;13.5
8665;191;2025-05-21;Pix;Entregue;165.88
8666;902;2025-04-24;Cartao de Debito;Entregue;75.09
8667;1169;2025-06-18;Cartao de Credito;Cancelado;142.8
8668;1187;2025-06-28;Pix;Entregue;46.46
8669;1677;2025-09-10;Pix;Entregue;362.62
8670;1523;2025-05-20;Cartao de Credito;Entregue com Atraso;45.0
8671;1109;2024-09-16;Pix;Em Transito;957.78
8672;442;2024-09-16;Pix;Entregue;110.19
8673;187;2025-09-05;Pix;Entregue;82.52
8674;1731;2024-08-24;Pix;Entregue;243.38
8675;1089;2025-09-17;Cartao de Credito;Entregue;53.78
8676;119;2026-07-28;Pix;Entregue com Atraso;15.0
8677;1038;2026-04-02;Cartao de Credito;Entregue;94.45
8678;1360;2025-12-08;Pix;Entregue com Atraso;63.23
8679;637;2024-12-02;Pix;Entregue;42.06
8680;323;2025-12-21;Cartao de Debito;Entregue;242.34
8681;115;2025-09-12;Pix;Entregue com Atraso;87.6
8682;1318;2024-09-12;Pix;Cancelado;139.65
8683;909;2024-08-12;Cartao de Debito;Entregue;121.0
8684;435;2025-11-21;Cartao de Credito;Entregue;106.42
8685;789;2024-10-01;Cartao de Credito;Entregue;195.79
8686;613;2024-09-30;Pix;Entregue com Atraso;95.25
8687;182;2025-02-17;Cartao de Debito;Entregue;167.79
8688;429;2025-11-13;Cartao de Debito;Entregue;163.63
8689;825;2025-02-23;Cartao de Credito;Entregue com Atraso;40.3
8690;1642;2026-06-03;Pix;Entregue;67.56
8691;670;2025-12-23;Pix;Entregue;101.74
8692;179;2025-01-08;Boleto;Entregue;202.75
8693;1232;2024-09-26;Cartao de Credito;Entregue com Atraso;140.81
8694;330;2024-10-27;Pix;Entregue;36.72
8695;206;2024-12-20;Pix;Entregue;105.62
8696;1013;2024-11-07;Cartao de Credito;Entregue;54.21
8697;1257;2025-09-04;Cartao de Credito;Entregue com Atraso;593.58
8698;836;2024-12-04;Pix;Entregue;151.43
8699;1600;2025-10-21;Pix;Entregue;42.91
8700;1202;2026-03-23;Pix;Entregue;225.8
8701;904;2025-05-10;Cartao de Credito;Entregue com Atraso;79.91
8702;1009;2026-01-05;Cartao de Debito;Entregue;141.55
8703;1490;2024-10-17;Cartao de Credito;Entregue;232.25
8704;753;2024-12-10;Cartao de Credito;Entregue;151.96
8705;1383;2026-06-22;Pix;Entregue com Atraso;230.58
8706;1412;2025-12-23;Boleto;Entregue;81.9
8707;85;2025-03-10;Cartao de Credito;Entregue;15.0
8708;644;2025-03-08;Pix;Entregue;17.37
8709;195;2025-08-06;Boleto;Entregue;21.33
8710;504;2025-06-07;Boleto;Entregue;54.2
8711;1645;2025-04-03;Cartao de Credito;Entregue;140.65
8712;172;2025-08-25;Cartao de Credito;Entregue;68.66
8713;1382;2026-02-27;Pix;Entregue com Atraso;85.45
8714;60;2025-11-19;Cartao de Credito;Em Transito;95.5
8715;1658;2024-11-11;Pix;Entregue com Atraso;135.23
8716;515;2025-10-23;Pix;Entregue;98.1
8717;868;2025-08-09;Cartao de Credito;Entregue com Atraso;75.74
8718;69;2025-07-07;Pix;Entregue;190.71
8719;1592;2025-07-06;Cartao de Credito;Entregue;70.98
8720;388;2025-09-18;Cartao de Debito;Entregue;111.55
8721;703;2025-09-16;Cartao de Credito;Entregue;229.64
8722;828;2026-01-05;Cartao de Credito;Entregue;125.61
8723;786;2025-07-05;Pix;Entregue;121.69
8724;129;2025-04-10;Pix;Entregue;56.51
8725;1348;2025-02-11;Cartao de Credito;Entregue;75.1
8726;1027;2026-07-21;Cartao de Credito;Em Transito;163.2
8727;150;2025-09-22;Pix;Entregue;262.38
8728;1295;2025-02-28;Pix;Entregue;29.46
8729;349;2026-04-15;Pix;Entregue;94.95
8730;1245;2024-10-21;Pix;Entregue;47.45
8731;1088;2025-03-31;Pix;Entregue;122.42
8732;196;2025-07-25;Boleto;Entregue;42.64
8733;1266;2025-11-03;Cartao de Credito;Entregue;375.94
8734;666;2025-07-14;Cartao de Credito;Entregue com Atraso;48.64
8735;1151;2025-12-03;Cartao de Credito;Entregue;34.02
8736;1605;2025-10-22;Cartao de Credito;Entregue;125.96
8737;287;2026-07-15;Cartao de Credito;Entregue;62.08
8738;1550;2025-02-01;Boleto;Entregue;174.26
8739;650;2024-10-19;Cartao de Credito;Entregue;81.1
8740;405;2024-10-03;Pix;Entregue com Atraso;194.75
8741;455;2025-12-27;Boleto;Entregue;32.16
8742;462;2025-11-17;Cartao de Credito;Entregue;273.34
8743;1279;2025-05-09;Cartao de Credito;Entregue;77.78
8744;121;2025-01-31;Cartao de Credito;Cancelado;112.58
8745;1100;2025-02-03;Cartao de Credito;Entregue;76.0
8746;167;2025-06-21;Pix;Entregue;168.65
8747;790;2025-03-05;Cartao de Credito;Entregue com Atraso;22.0
8748;622;2025-05-15;Cartao de Debito;Entregue com Atraso;404.39
8749;453;2026-05-10;Pix;Cancelado;12.75
8750;1134;2025-11-02;Cartao de Credito;Entregue;130.75
8751;359;2026-01-29;Pix;Entregue;197.23
8752;1479;2025-12-07;Cartao de Credito;Em Transito;82.45
8753;489;2025-08-03;Cartao de Debito;Entregue;183.56
8754;424;2024-12-03;Cartao de Debito;Entregue com Atraso;20.15
8755;183;2025-04-21;Cartao de Credito;Cancelado;105.4
8756;450;2025-10-07;Cartao de Credito;Entregue;291.64
8757;665;2024-10-21;Pix;Entregue com Atraso;62.75
8758;825;2025-07-19;Pix;Entregue;86.35
8759;1428;2026-06-19;Cartao de Credito;Entregue com Atraso;126.42
8760;1245;2024-09-25;Pix;Entregue;67.18
8761;35;2024-11-25;Pix;Entregue;195.34
8762;1230;2026-06-18;Boleto;Entregue;139.17
8763;1738;2026-04-24;Cartao de Credito;Entregue com Atraso;48.61
8764;1697;2025-01-09;Boleto;Em Transito;33.94
8765;59;2025-02-08;Boleto;Entregue com Atraso;271.17
8766;558;2024-11-14;Cartao de Credito;Entregue;111.2
8767;1546;2025-04-16;Pix;Entregue;33.04
8768;59;2026-04-18;Cartao de Debito;Cancelado;95.64
8769;690;2024-10-24;Cartao de Credito;Entregue;62.39
8770;825;2025-06-09;Pix;Entregue;265.88
8771;1085;2026-01-15;Boleto;Em Transito;217.28
8772;437;2025-07-13;Cartao de Credito;Entregue;14.25
8773;959;2025-02-03;Cartao de Credito;Entregue;168.83
8774;1541;2024-11-14;Cartao de Credito;Entregue;131.28
8775;1211;2026-05-07;Cartao de Credito;Entregue com Atraso;132.04
8776;131;2026-02-07;Boleto;Entregue;134.56
8777;970;2025-12-28;Boleto;Entregue com Atraso;380.3
8778;1741;2025-01-16;Cartao de Credito;Entregue;164.94
8779;499;2024-10-01;Pix;Entregue;78.63
8780;634;2025-04-15;Cartao de Credito;Entregue;62.12
8781;1476;2026-01-05;Cartao de Credito;Entregue;484.28
8782;651;2025-05-21;Boleto;Entregue;142.1
8783;192;2025-05-26;Boleto;Entregue;19.43
8784;350;2024-10-26;Cartao de Credito;Entregue;203.57
8785;825;2024-10-04;Pix;Entregue;131.18
8786;1751;2025-12-12;Boleto;Entregue;225.03
8787;589;2024-10-21;Cartao de Debito;Entregue;218.76
8788;190;2024-12-15;Pix;Cancelado;456.82
8789;656;2025-09-13;Cartao de Credito;Entregue;208.6
8790;1522;2025-12-16;Boleto;Entregue;284.94
8791;794;2025-03-22;Cartao de Credito;Entregue;59.28
8792;936;2026-05-24;Cartao de Credito;Entregue;96.04
8793;1358;2025-03-19;Cartao de Credito;Entregue;276.87
8794;937;2024-09-18;Cartao de Debito;Entregue com Atraso;86.35
8795;567;2025-02-24;Pix;Entregue;20.25
8796;1738;2024-12-08;Cartao de Credito;Entregue;336.31
8797;431;2026-04-28;Cartao de Credito;Entregue;210.11
8798;1176;2025-03-13;Pix;Entregue com Atraso;121.27
8799;1543;2024-08-26;Cartao de Credito;Entregue com Atraso;114.31
8800;1321;2024-11-14;Cartao de Credito;Entregue;101.53
8801;1672;2025-09-03;Cartao de Debito;Entregue;36.95
8802;1228;2025-02-04;Cartao de Debito;Entregue;49.07
8803;860;2025-07-09;Cartao de Debito;Entregue;272.5
8804;712;2026-03-06;Pix;Cancelado;430.74
8805;1709;2025-03-19;Boleto;Entregue;109.21
8806;1335;2026-02-23;Cartao de Credito;Entregue;18.12
8807;1737;2026-06-26;Cartao de Credito;Entregue;67.18
8808;1245;2025-10-08;Cartao de Debito;Entregue;127.15
8809;1672;2026-05-26;Cartao de Credito;Entregue;77.33
8810;854;2025-01-25;Cartao de Credito;Entregue;427.07
8811;1090;2026-05-28;Pix;Entregue;266.62
8812;388;2025-02-27;Boleto;Entregue;266.61
8813;1372;2024-12-16;Boleto;Entregue;70.68
8814;209;2025-07-25;Pix;Entregue;18.71
8815;1390;2025-10-01;Cartao de Credito;Entregue;45.0
8816;470;2026-04-13;Pix;Entregue;95.61
8817;1744;2025-05-27;Cartao de Credito;Entregue;210.57
8818;1727;2026-01-10;Cartao de Credito;Entregue;106.62
8819;1096;2025-02-15;Pix;Entregue;117.03
8820;59;2026-04-28;Cartao de Credito;Entregue com Atraso;572.43
8821;1779;2025-06-28;Boleto;Entregue;87.55
8822;1510;2026-04-13;Cartao de Credito;Em Transito;137.9
8823;612;2026-01-02;Cartao de Credito;Entregue;35.73
8824;1517;2026-02-19;Cartao de Credito;Entregue;136.03
8825;89;2024-09-18;Cartao de Credito;Entregue;400.76
8826;1672;2025-07-14;Boleto;Entregue;258.51
8827;435;2024-10-24;Pix;Entregue;58.04
8828;875;2025-02-10;Pix;Entregue;16.91
8829;624;2026-02-11;Cartao de Debito;Entregue com Atraso;41.22
8830;829;2025-07-11;Pix;Entregue;19.72
8831;240;2026-01-04;Pix;Entregue com Atraso;236.23
8832;505;2026-07-08;Pix;Entregue;48.91
8833;1360;2025-03-31;Pix;Em Transito;76.48
8834;998;2025-09-30;Cartao de Debito;Cancelado;81.62
8835;59;2026-05-15;Cartao de Credito;Em Transito;13.5
8836;843;2024-12-16;Boleto;Entregue com Atraso;103.46
8837;320;2026-01-18;Cartao de Credito;Entregue;97.82
8838;47;2025-06-11;Boleto;Entregue;127.83
8839;301;2025-10-03;Boleto;Entregue;42.06
8840;689;2025-02-20;Boleto;Entregue;116.93
8841;1311;2025-04-24;Cartao de Credito;Entregue;58.07
8842;1547;2026-07-25;Cartao de Credito;Entregue com Atraso;17.94
8843;36;2026-04-12;Cartao de Credito;Entregue com Atraso;122.54
8844;1323;2025-05-22;Boleto;Cancelado;332.11
8845;549;2026-05-26;Pix;Entregue;53.94
8846;775;2025-11-14;Cartao de Debito;Entregue com Atraso;213.42
8847;1725;2025-11-30;Boleto;Entregue;221.09
8848;1316;2026-06-21;Cartao de Credito;Entregue;194.22
8849;1159;2025-01-13;Pix;Cancelado;34.8
8850;945;2024-10-19;Cartao de Credito;Entregue;105.75
8851;1623;2025-04-20;Pix;Entregue;544.07
8852;1135;2025-03-11;Cartao de Debito;Entregue;36.53
8853;1303;2025-04-11;Cartao de Credito;Entregue;15.0
8854;717;2025-11-09;Cartao de Credito;Entregue;156.94
8855;1090;2025-11-11;Cartao de Debito;Entregue com Atraso;58.04
8856;1350;2025-02-06;Cartao de Debito;Entregue com Atraso;222.31
8857;266;2025-01-11;Cartao de Credito;Entregue;70.54
8858;998;2026-02-27;Boleto;Entregue;52.05
8859;821;2026-07-16;Pix;Entregue;202.95
8860;443;2024-10-01;Pix;Entregue;309.03
8861;1041;2025-10-20;Pix;Entregue;254.31
8862;338;2025-07-14;Cartao de Credito;Entregue;32.8
8863;666;2025-07-29;Cartao de Credito;Entregue;91.19
8864;1458;2024-09-18;Cartao de Debito;Entregue;23.85
8865;1550;2024-11-04;Boleto;Entregue;229.04
8866;1645;2024-10-31;Cartao de Debito;Entregue;39.22
8867;1070;2026-05-23;Pix;Em Transito;49.61
8868;193;2026-02-19;Cartao de Credito;Em Transito;15.0
8869;1342;2026-07-23;Pix;Entregue;153.28
8870;914;2026-05-23;Boleto;Entregue;148.63
8871;758;2025-12-23;Cartao de Credito;Entregue;32.77
8872;1006;2026-06-13;Boleto;Entregue;134.37
8873;1584;2026-02-05;Cartao de Debito;Entregue com Atraso;95.16
8874;1743;2025-04-09;Boleto;Entregue;510.3
8875;1376;2025-06-18;Boleto;Entregue;51.34
8876;1084;2025-01-05;Boleto;Entregue com Atraso;68.44
8877;1605;2025-09-15;Cartao de Credito;Em Transito;59.01
8878;487;2025-07-30;Pix;Entregue;33.59
8879;1707;2026-06-11;Pix;Entregue;143.73
8880;1525;2024-11-12;Pix;Entregue;257.81
8881;650;2026-01-11;Cartao de Debito;Cancelado;212.87
8882;696;2026-04-06;Pix;Entregue com Atraso;27.15
8883;932;2026-06-22;Cartao de Debito;Entregue com Atraso;80.78
8884;1335;2025-08-01;Pix;Entregue;589.2
8885;1745;2025-09-16;Cartao de Credito;Entregue;462.37
8886;1441;2026-04-27;Cartao de Credito;Cancelado;230.27
8887;315;2025-06-16;Pix;Em Transito;87.53
8888;1745;2026-01-22;Cartao de Credito;Entregue;146.85
8889;1202;2024-09-13;Pix;Entregue;224.26
8890;1709;2025-06-12;Cartao de Credito;Entregue;439.16
8891;1595;2025-08-03;Cartao de Credito;Entregue;122.69
8892;966;2025-06-02;Pix;Entregue;508.5
8893;402;2024-09-17;Cartao de Credito;Entregue;56.82
8894;841;2026-02-06;Pix;Entregue;77.95
8895;1300;2024-09-29;Cartao de Credito;Entregue com Atraso;35.02
8896;90;2025-01-31;Boleto;Entregue;181.93
8897;1523;2024-12-08;Cartao de Credito;Entregue;83.93
8898;914;2026-03-05;Cartao de Debito;Entregue;136.88
8899;1231;2025-02-14;Pix;Entregue;217.3
8900;437;2026-01-31;Cartao de Credito;Entregue;38.24
8901;995;2025-11-09;Boleto;Entregue;118.71
8902;572;2026-02-27;Boleto;Entregue;86.95
8903;489;2026-07-17;Boleto;Entregue;33.06
8904;413;2024-08-02;Cartao de Credito;Em Transito;161.6
8905;567;2026-03-01;Boleto;Entregue com Atraso;165.34
8906;1786;2025-07-06;Pix;Entregue com Atraso;297.05
8907;270;2025-01-05;Cartao de Credito;Entregue;27.0
8908;25;2025-07-26;Cartao de Debito;Entregue com Atraso;52.2
8909;211;2026-06-11;Cartao de Credito;Em Transito;196.1
8910;1772;2026-07-13;Cartao de Credito;Entregue;204.68
8911;1585;2025-06-01;Cartao de Debito;Entregue com Atraso;116.55
8912;1363;2024-09-02;Cartao de Credito;Em Transito;13.5
8913;841;2026-07-02;Pix;Entregue;156.79
8914;88;2026-07-29;Cartao de Credito;Entregue;434.81
8915;640;2025-02-14;Boleto;Entregue;321.76
8916;1467;2025-02-01;Pix;Entregue;83.83
8917;493;2026-01-03;Cartao de Debito;Cancelado;406.92
8918;1185;2024-10-25;Pix;Entregue com Atraso;441.74
8919;1202;2026-05-15;Cartao de Credito;Entregue;15.0
8920;1405;2025-04-23;Pix;Entregue;20.76
8921;196;2025-07-12;Cartao de Credito;Entregue;37.67
8922;1491;2026-03-30;Cartao de Credito;Entregue;32.32
8923;613;2025-08-13;Cartao de Credito;Entregue;166.3
8924;347;2024-08-13;Boleto;Entregue;257.1
8925;1154;2026-04-15;Pix;Cancelado;42.2
8926;36;2026-01-17;Boleto;Entregue;43.35
8927;145;2024-11-18;Cartao de Credito;Entregue;144.42
8928;1729;2024-11-04;Boleto;Entregue;788.76
8929;34;2024-09-25;Cartao de Credito;Em Transito;12.75
8930;1230;2026-03-21;Pix;Entregue com Atraso;108.84
8931;1280;2026-05-23;Pix;Entregue;30.0
8932;373;2026-01-25;Boleto;Cancelado;42.98
8933;1513;2025-05-11;Cartao de Credito;Entregue;535.59
8934;1244;2025-04-09;Cartao de Credito;Entregue;137.92
8935;1092;2025-06-29;Cartao de Credito;Entregue;156.5
8936;415;2026-03-03;Pix;Entregue;34.42
8937;1523;2025-11-13;Boleto;Entregue com Atraso;103.48
8938;148;2026-07-08;Cartao de Credito;Em Transito;111.82
8939;647;2024-09-15;Cartao de Credito;Entregue;207.62
8940;847;2025-04-29;Cartao de Credito;Entregue;54.63
8941;718;2025-07-02;Pix;Em Transito;170.96
8942;1645;2026-05-16;Pix;Em Transito;83.15
8943;1341;2026-06-22;Boleto;Entregue;20.64
8944;226;2025-11-01;Pix;Entregue com Atraso;25.35
8945;1432;2026-02-11;Boleto;Entregue;222.92
8946;1619;2024-10-28;Cartao de Credito;Entregue com Atraso;111.59
8947;1608;2025-06-24;Pix;Entregue com Atraso;154.31
8948;1488;2026-03-05;Pix;Entregue;460.84
8949;239;2025-11-30;Boleto;Entregue;150.45
8950;491;2025-10-19;Cartao de Credito;Entregue;327.28
8951;763;2025-02-26;Cartao de Credito;Entregue;122.46
8952;1229;2025-06-09;Boleto;Entregue com Atraso;24.9
8953;199;2024-10-29;Cartao de Credito;Entregue;42.64
8954;1627;2024-09-19;Boleto;Entregue;201.35
8955;1090;2026-02-09;Pix;Entregue;372.42
8956;825;2025-11-07;Cartao de Credito;Em Transito;54.19
8957;1549;2025-12-20;Cartao de Credito;Em Transito;48.64
8958;1523;2025-11-05;Cartao de Credito;Entregue;210.37
8959;1257;2024-11-10;Cartao de Credito;Entregue;153.17
8960;1357;2025-08-26;Cartao de Debito;Entregue;166.72
8961;868;2026-01-15;Pix;Entregue;119.57
8962;1002;2025-05-27;Pix;Entregue;30.02
8963;722;2025-02-03;Cartao de Debito;Entregue;264.7
8964;945;2024-12-01;Cartao de Credito;Entregue;76.48
8965;774;2025-06-13;Cartao de Credito;Entregue;241.2
8966;1339;2024-09-19;Boleto;Entregue;352.15
8967;951;2024-11-25;Boleto;Entregue com Atraso;12.0
8968;459;2024-10-03;Cartao de Credito;Entregue;27.0
8969;359;2025-12-07;Cartao de Credito;Em Transito;79.91
8970;1119;2025-05-19;Cartao de Credito;Entregue com Atraso;15.84
8971;367;2026-05-02;Cartao de Credito;Entregue;27.15
8972;1444;2024-10-10;Cartao de Credito;Entregue;107.19
8973;39;2026-03-20;Boleto;Entregue;110.84
8974;1321;2024-09-04;Cartao de Credito;Entregue;684.43
8975;470;2026-01-28;Pix;Entregue;121.36
8976;1679;2026-02-03;Cartao de Credito;Entregue;14.25
8977;1130;2024-11-16;Cartao de Credito;Entregue com Atraso;34.24
8978;1615;2025-05-24;Pix;Entregue;208.7
8979;1202;2025-04-05;Cartao de Credito;Entregue com Atraso;14.62
8980;825;2025-10-22;Cartao de Debito;Em Transito;59.02
8981;702;2025-08-22;Boleto;Entregue com Atraso;98.79
8982;677;2026-01-07;Cartao de Credito;Entregue;43.7
8983;247;2024-11-12;Cartao de Credito;Em Transito;104.24
8984;1774;2024-11-27;Cartao de Credito;Entregue;37.35
8985;1731;2026-07-08;Cartao de Credito;Entregue;122.07
8986;1781;2025-07-07;Pix;Entregue;143.25
8987;629;2026-02-03;Cartao de Credito;Entregue;39.43
8988;1688;2026-04-26;Boleto;Entregue;130.72
8989;1202;2024-09-05;Cartao de Credito;Entregue;86.54
8990;196;2025-01-17;Cartao de Debito;Entregue;20.97
8991;97;2025-10-18;Pix;Entregue;656.2
8992;1266;2026-01-12;Pix;Entregue;71.02
8993;1196;2024-12-03;Cartao de Credito;Entregue;15.84
8994;1257;2026-02-28;Cartao de Credito;Entregue;65.69
8995;1767;2026-06-13;Cartao de Credito;Entregue;370.5
8996;466;2025-10-09;Cartao de Credito;Entregue;195.41
8997;301;2025-11-05;Cartao de Credito;Entregue;191.61
8998;1499;2026-04-13;Cartao de Credito;Entregue;15.0
8999;621;2025-01-14;Cartao de Credito;Entregue;47.45
9000;1105;2026-02-20;Pix;Entregue com Atraso;101.47
9001;666;2024-09-26;Pix;Entregue;239.35
9002;1094;2025-01-24;Pix;Entregue;69.3
9003;445;2025-07-16;Cartao de Credito;Cancelado;125.67
9004;5;2026-01-23;Boleto;Entregue;309.83
9005;288;2025-05-08;Pix;Entregue;42.91
9006;402;2025-03-13;Cartao de Credito;Entregue;59.92
9007;1202;2025-11-12;Cartao de Credito;Entregue;40.5
9008;288;2026-02-08;Cartao de Credito;Entregue;96.57
9009;1308;2026-06-18;Cartao de Credito;Entregue com Atraso;160.62
9010;1375;2025-06-06;Pix;Entregue;32.73
9011;1713;2025-04-15;Cartao de Credito;Entregue com Atraso;160.62
9012;1173;2024-12-10;Pix;Entregue com Atraso;291.97
9013;263;2026-03-19;Boleto;Entregue;45.08
9014;659;2026-03-04;Pix;Entregue;240.02
9015;82;2025-01-20;Pix;Entregue;96.06
9016;817;2025-04-27;Cartao de Credito;Entregue;228.27
9017;1351;2024-10-16;Cartao de Credito;Entregue;46.38
9018;825;2026-03-15;Pix;Entregue;153.48
9019;280;2026-05-13;Boleto;Entregue com Atraso;723.36
9020;887;2026-07-09;Pix;Entregue;49.53
9021;325;2025-03-14;Cartao de Credito;Entregue;66.08
9022;1362;2026-07-27;Boleto;Entregue;228.1
9023;984;2026-03-21;Pix;Entregue;116.23
9024;996;2025-05-19;Boleto;Entregue;21.21
9025;1389;2025-10-20;Pix;Entregue com Atraso;43.88
9026;841;2026-01-12;Cartao de Credito;Entregue;15.0
9027;1768;2026-05-19;Cartao de Credito;Entregue;23.54
9028;419;2025-03-27;Pix;Entregue;181.78
9029;483;2024-09-05;Pix;Entregue;175.13
9030;349;2025-08-17;Cartao de Credito;Entregue;387.64
9031;588;2026-05-09;Cartao de Credito;Entregue;30.02
9032;1347;2025-05-14;Boleto;Entregue;155.78
9033;450;2026-07-05;Cartao de Debito;Entregue;183.76
9034;631;2026-01-25;Cartao de Credito;Entregue;22.68
9035;1402;2026-07-20;Pix;Entregue;128.52
9036;484;2025-01-15;Pix;Entregue;125.15
9037;801;2025-12-29;Pix;Entregue;52.8
9038;825;2024-09-07;Boleto;Entregue com Atraso;58.07
9039;459;2025-08-18;Pix;Entregue;213.2
9040;945;2025-06-13;Boleto;Em Transito;152.93
9041;1781;2025-02-26;Pix;Entregue;315.89
9042;801;2024-12-02;Boleto;Em Transito;151.09
9043;1210;2026-05-31;Cartao de Credito;Entregue;148.24
9044;1311;2025-03-23;Cartao de Credito;Entregue;58.17
9045;89;2025-01-15;Cartao de Credito;Entregue;52.1
9046;1793;2026-02-09;Cartao de Credito;Entregue;36.63
9047;187;2024-09-21;Pix;Entregue com Atraso;175.08
9048;1707;2025-05-06;Pix;Entregue com Atraso;177.93
9049;468;2025-01-08;Cartao de Credito;Em Transito;226.18
9050;1388;2025-10-18;Pix;Em Transito;26.43
9051;1605;2026-04-13;Boleto;Entregue;56.13
9052;769;2026-05-11;Pix;Em Transito;153.17
9053;388;2024-08-05;Cartao de Credito;Entregue;122.41
9054;867;2025-05-24;Cartao de Credito;Entregue;157.52
9055;732;2026-07-10;Pix;Entregue;82.82
9056;966;2024-11-27;Pix;Entregue;144.79
9057;987;2026-04-14;Pix;Entregue;72.15
9058;616;2026-04-22;Cartao de Debito;Entregue;109.53
9059;770;2025-12-19;Cartao de Credito;Entregue;177.39
9060;1477;2025-07-12;Cartao de Credito;Entregue;68.58
9061;99;2024-08-14;Boleto;Entregue;202.75
9062;963;2026-06-11;Cartao de Credito;Entregue;55.68
9063;1294;2024-10-21;Cartao de Credito;Entregue;21.86
9064;388;2025-09-23;Pix;Entregue;38.1
9065;1602;2024-12-02;Boleto;Entregue;67.89
9066;1474;2026-05-02;Cartao de Debito;Entregue;23.08
9067;460;2024-09-23;Cartao de Credito;Entregue;42.2
9068;1315;2025-03-19;Cartao de Credito;Entregue;50.66
9069;1279;2024-10-22;Cartao de Debito;Entregue com Atraso;875.27
9070;945;2026-04-12;Cartao de Debito;Entregue com Atraso;32.8
9071;231;2025-02-12;Cartao de Credito;Entregue;65.03
9072;1229;2024-11-14;Boleto;Entregue;40.95
9073;49;2025-08-07;Cartao de Credito;Entregue;84.44
9074;1311;2025-01-31;Boleto;Entregue;13.5
9075;451;2026-06-17;Cartao de Credito;Entregue;199.05
9076;784;2026-04-02;Cartao de Debito;Cancelado;55.9
9077;59;2024-12-31;Cartao de Credito;Entregue;35.69
9078;1063;2026-05-17;Boleto;Entregue;317.5
9079;673;2026-03-31;Cartao de Credito;Em Transito;71.4
9080;190;2024-09-09;Cartao de Credito;Entregue;19.27
9081;1645;2024-11-15;Pix;Entregue;20.05
9082;1135;2024-11-30;Pix;Entregue;48.58
9083;410;2024-09-02;Cartao de Credito;Em Transito;74.46
9084;691;2025-04-02;Pix;Em Transito;30.0
9085;430;2026-06-21;Pix;Entregue;160.02
9086;1695;2026-04-09;Pix;Entregue;34.56
9087;784;2025-09-22;Cartao de Credito;Entregue;249.89
9088;78;2026-07-01;Cartao de Credito;Entregue com Atraso;64.88
9089;1050;2026-03-20;Pix;Em Transito;137.63
9090;405;2025-02-04;Pix;Entregue;90.89
9091;1378;2025-10-29;Boleto;Entregue;81.98
9092;1034;2024-10-11;Boleto;Entregue;43.78
9093;622;2026-02-18;Cartao de Credito;Entregue com Atraso;113.05
9094;415;2025-07-17;Cartao de Debito;Entregue;321.72
9095;11;2026-07-01;Cartao de Credito;Entregue;60.36
9096;1704;2026-05-11;Boleto;Entregue;337.76
9097;202;2025-09-12;Boleto;Entregue;151.36
9098;648;2024-10-22;Cartao de Credito;Entregue;134.56
9099;520;2025-11-21;Cartao de Credito;Entregue;49.87
9100;884;2025-12-31;Cartao de Debito;Entregue;43.78
9101;1194;2024-12-29;Cartao de Credito;Entregue;22.26
9102;1321;2024-12-01;Cartao de Credito;Em Transito;119.35
9103;966;2024-12-31;Cartao de Debito;Entregue;76.14
9104;1709;2026-07-11;Cartao de Debito;Entregue com Atraso;47.75
9105;1266;2025-09-26;Pix;Entregue;358.35
9106;1022;2026-04-06;Boleto;Entregue com Atraso;80.1
9107;1739;2026-04-20;Cartao de Credito;Entregue;128.55
9108;531;2026-05-17;Cartao de Credito;Entregue;98.74
9109;501;2025-02-16;Cartao de Credito;Entregue com Atraso;60.12
9110;988;2025-05-09;Cartao de Debito;Entregue;154.85
9111;128;2024-12-08;Cartao de Credito;Entregue com Atraso;309.82
9112;1441;2025-07-13;Boleto;Entregue;20.34
9113;1407;2025-11-27;Cartao de Credito;Entregue;114.98
9114;966;2024-10-15;Boleto;Entregue;125.15
9115;755;2025-08-05;Pix;Entregue;98.16
9116;393;2025-01-12;Cartao de Credito;Em Transito;170.4
9117;1531;2026-05-04;Cartao de Credito;Entregue;156.36
9118;1202;2025-04-21;Cartao de Credito;Entregue;36.53
9119;795;2025-04-06;Boleto;Entregue;70.16
9120;626;2025-12-11;Cartao de Credito;Entregue;145.03
9121;1429;2026-05-28;Cartao de Credito;Entregue com Atraso;41.45
9122;5;2024-08-01;Pix;Entregue com Atraso;68.97
9123;1643;2025-04-29;Pix;Entregue;69.98
9124;1740;2024-11-02;Pix;Entregue;36.1
9125;450;2025-12-19;Cartao de Credito;Entregue com Atraso;29.32
9126;187;2024-12-15;Cartao de Credito;Entregue;30.0
9127;138;2025-01-16;Pix;Em Transito;220.16
9128;232;2024-09-10;Cartao de Debito;Entregue;274.64
9129;1104;2025-04-29;Cartao de Credito;Entregue;52.26
9130;339;2024-08-15;Cartao de Debito;Entregue;31.39
9131;6;2025-11-08;Cartao de Credito;Entregue;334.4
9132;936;2025-03-17;Cartao de Credito;Entregue;248.53
9133;1168;2024-08-20;Pix;Entregue;179.47
9134;1363;2025-05-19;Pix;Entregue;55.17
9135;945;2025-02-12;Pix;Cancelado;97.76
9136;1490;2024-11-30;Pix;Entregue com Atraso;117.44
9137;239;2025-06-21;Pix;Entregue;38.24
9138;1799;2026-06-30;Pix;Entregue;80.71
9139;142;2025-02-04;Boleto;Cancelado;42.66
9140;825;2026-01-16;Cartao de Credito;Entregue;284.21
9141;913;2025-06-23;Cartao de Credito;Entregue;223.15
9142;383;2025-03-21;Pix;Entregue com Atraso;139.6
9143;332;2025-07-25;Boleto;Entregue com Atraso;56.57
9144;281;2026-06-29;Cartao de Credito;Entregue com Atraso;27.02
9145;1072;2026-07-15;Cartao de Credito;Entregue;27.0
9146;911;2026-03-17;Pix;Entregue;97.1
9147;1788;2025-09-10;Pix;Entregue;529.5
9148;244;2025-06-30;Cartao de Debito;Entregue com Atraso;182.61
9149;735;2026-02-27;Cartao de Credito;Entregue;61.72
9150;1001;2024-10-29;Cartao de Credito;Em Transito;16.84
9151;1511;2025-10-11;Cartao de Credito;Entregue;19.72
9152;618;2025-01-03;Pix;Entregue com Atraso;98.7
9153;1240;2025-04-26;Pix;Entregue com Atraso;72.09
9154;887;2026-05-27;Cartao de Credito;Em Transito;70.85
9155;1718;2025-06-19;Cartao de Debito;Entregue;166.88
9156;1523;2025-09-27;Cartao de Credito;Entregue com Atraso;77.75
9157;81;2024-11-01;Cartao de Credito;Entregue;198.41
9158;145;2026-04-05;Cartao de Credito;Entregue;67.9
9159;1008;2025-04-14;Boleto;Entregue;153.75
9160;1013;2025-07-16;Cartao de Credito;Entregue;85.45
9161;473;2025-10-20;Boleto;Entregue;85.06
9162;980;2025-07-20;Pix;Cancelado;151.27
9163;190;2025-01-27;Pix;Entregue com Atraso;218.9
9164;466;2026-01-06;Boleto;Entregue;184.02
9165;637;2025-09-11;Cartao de Credito;Entregue;156.35
9166;344;2026-06-25;Pix;Em Transito;18.71
9167;708;2024-11-27;Cartao de Debito;Entregue;181.57
9168;1508;2025-08-05;Boleto;Entregue;74.05
9169;1310;2025-11-15;Cartao de Credito;Entregue;189.5
9170;338;2024-12-23;Cartao de Credito;Entregue;30.5
9171;712;2025-03-11;Cartao de Credito;Entregue;422.08
9172;1443;2025-09-28;Cartao de Debito;Entregue;65.87
9173;153;2026-06-14;Cartao de Credito;Entregue com Atraso;193.43
9174;825;2026-03-20;Cartao de Debito;Entregue;48.63
9175;625;2026-02-03;Pix;Entregue com Atraso;41.71
9176;612;2025-07-10;Cartao de Credito;Entregue;166.3
9177;8;2025-09-26;Pix;Entregue;164.14
9178;505;2025-08-23;Boleto;Entregue com Atraso;242.57
9179;906;2026-06-20;Cartao de Credito;Entregue;145.06
9180;1211;2025-01-16;Cartao de Debito;Entregue;161.39
9181;995;2025-07-05;Cartao de Credito;Entregue com Atraso;477.86
9182;891;2025-03-12;Cartao de Credito;Entregue;12.75
9183;759;2025-12-07;Pix;Entregue;12.75
9184;851;2025-10-22;Cartao de Debito;Entregue;167.95
9185;97;2024-09-19;Cartao de Debito;Entregue;47.75
9186;1620;2025-01-12;Pix;Entregue com Atraso;16.91
9187;1491;2025-10-18;Pix;Entregue;190.79
9188;883;2025-02-15;Pix;Entregue;41.22
9189;1168;2025-11-02;Cartao de Credito;Entregue;74.73
9190;1222;2026-03-19;Pix;Entregue com Atraso;128.7
9191;1760;2025-07-13;Cartao de Credito;Entregue;534.88
9192;782;2024-10-19;Boleto;Entregue;560.66
9193;1124;2026-06-25;Pix;Entregue com Atraso;311.42
9194;1271;2026-02-14;Pix;Entregue;247.34
9195;1790;2026-01-19;Pix;Entregue;19.72
9196;1083;2026-02-23;Pix;Entregue;189.99
9197;2;2025-03-20;Cartao de Credito;Entregue;278.35
9198;71;2024-11-04;Cartao de Credito;Em Transito;246.66
9199;1240;2026-04-02;Pix;Entregue;20.28
9200;622;2026-03-29;Cartao de Credito;Entregue;49.07
9201;1202;2026-07-14;Pix;Entregue;111.21
9202;621;2026-03-06;Boleto;Entregue;301.67
9203;28;2026-07-17;Cartao de Debito;Entregue;108.4
9204;377;2024-11-12;Cartao de Credito;Entregue;96.96
9205;1550;2024-11-23;Cartao de Credito;Entregue com Atraso;194.12
9206;825;2025-12-19;Pix;Entregue;17.77
9207;65;2026-03-11;Boleto;Entregue com Atraso;63.54
9208;896;2026-07-01;Boleto;Entregue;603.99
9209;416;2026-07-17;Pix;Entregue com Atraso;25.5
9210;226;2026-07-31;Pix;Entregue;124.95
9211;691;2025-01-05;Pix;Entregue;68.49
9212;1136;2026-04-19;Cartao de Credito;Entregue;153.28
9213;1731;2025-03-07;Cartao de Credito;Entregue;149.43
9214;424;2026-03-12;Cartao de Credito;Entregue;183.9
9215;1116;2025-07-11;Cartao de Credito;Entregue;182.03
9216;666;2025-04-16;Cartao de Credito;Entregue;41.22
9217;1372;2025-09-01;Boleto;Entregue;60.88
9218;863;2025-05-03;Cartao de Credito;Entregue;224.24
9219;1167;2025-02-24;Cartao de Credito;Entregue;211.77
9220;1523;2026-03-28;Boleto;Entregue;49.33
9221;877;2026-03-21;Pix;Entregue;120.54
9222;456;2025-03-26;Boleto;Entregue;67.89
9223;221;2026-04-08;Cartao de Debito;Entregue;69.32
9224;92;2024-10-17;Pix;Entregue;222.92
9225;711;2025-03-29;Pix;Entregue;262.87
9226;1277;2025-05-06;Cartao de Credito;Entregue;46.02
9227;1401;2025-04-09;Cartao de Credito;Em Transito;80.78
9228;771;2026-05-16;Cartao de Credito;Cancelado;23.08
9229;172;2025-02-20;Cartao de Credito;Cancelado;509.52
9230;618;2025-04-01;Cartao de Debito;Entregue com Atraso;471.72
9231;211;2024-10-03;Cartao de Credito;Em Transito;119.9
9232;1383;2024-08-10;Pix;Cancelado;93.7
9233;263;2024-12-13;Pix;Entregue;213.46
9234;1693;2024-11-16;Boleto;Entregue;77.41
9235;666;2026-04-09;Cartao de Credito;Entregue;93.55
9236;475;2025-11-13;Cartao de Credito;Entregue;161.56
9237;814;2025-09-12;Pix;Entregue;166.52
9238;361;2026-07-02;Cartao de Credito;Cancelado;507.1
9239;131;2025-09-11;Cartao de Credito;Entregue com Atraso;225.38
9240;154;2025-11-02;Boleto;Em Transito;27.0
9241;1248;2025-02-05;Cartao de Credito;Entregue;293.12
9242;1784;2025-06-10;Cartao de Credito;Entregue;127.83
9243;1695;2025-08-19;Cartao de Credito;Entregue;33.9
9244;981;2025-01-07;Cartao de Credito;Em Transito;231.24
9245;1561;2025-02-04;Pix;Entregue;36.5
9246;622;2025-03-06;Pix;Em Transito;20.64
9247;1088;2024-11-24;Cartao de Credito;Entregue com Atraso;80.47
9248;1800;2026-06-19;Pix;Entregue;224.92
9249;187;2025-12-17;Cartao de Credito;Entregue;117.87
9250;682;2025-07-09;Pix;Entregue;260.05
9251;1169;2025-09-23;Pix;Entregue;148.2
9252;258;2026-01-05;Cartao de Credito;Entregue;316.28
9253;982;2026-04-27;Cartao de Credito;Entregue com Atraso;79.37
9254;623;2025-08-19;Cartao de Credito;Entregue com Atraso;37.62
9255;1013;2025-12-17;Cartao de Credito;Entregue com Atraso;45.08
9256;1353;2024-12-22;Boleto;Entregue;216.9
9257;877;2025-01-07;Cartao de Credito;Entregue;31.52
9258;828;2026-06-04;Cartao de Debito;Entregue;25.35
9259;1468;2026-03-30;Cartao de Credito;Entregue;161.23
9260;1594;2025-09-09;Cartao de Credito;Entregue;18.9
9261;805;2024-11-24;Pix;Entregue;231.41
9262;1005;2024-09-01;Pix;Entregue;19.2
9263;1159;2026-01-28;Cartao de Credito;Entregue;638.96
9264;758;2025-04-03;Pix;Entregue com Atraso;134.56
9265;1411;2024-09-02;Cartao de Credito;Em Transito;241.56
9266;388;2025-08-29;Pix;Entregue;17.54
9267;1164;2025-07-04;Pix;Entregue;137.48
9268;1538;2024-10-12;Pix;Entregue com Atraso;24.99
9269;1339;2026-05-24;Pix;Entregue;67.81
9270;1395;2025-04-14;Cartao de Credito;Entregue;46.67
9271;1645;2025-05-11;Pix;Entregue;45.82
9272;1380;2024-12-13;Boleto;Entregue;18.14
9273;1573;2026-04-02;Cartao de Credito;Entregue;67.44
9274;477;2026-03-20;Pix;Entregue;169.36
9275;1346;2024-10-23;Cartao de Debito;Entregue;35.69
9276;1173;2025-02-27;Pix;Entregue;67.74
9277;44;2026-06-08;Cartao de Credito;Entregue;39.59
9278;73;2026-07-03;Pix;Entregue;33.91
9279;666;2024-12-07;Cartao de Credito;Entregue;232.72
9280;435;2026-05-21;Boleto;Entregue;209.94
9281;906;2025-12-05;Pix;Entregue;439.16
9282;335;2025-07-01;Cartao de Credito;Entregue com Atraso;284.76
9283;96;2026-03-05;Pix;Entregue com Atraso;242.29
9284;222;2025-04-02;Pix;Entregue com Atraso;30.0
9285;763;2025-02-05;Boleto;Entregue;83.24
9286;1266;2026-06-23;Cartao de Debito;Entregue;323.51
9287;1723;2025-04-23;Cartao de Credito;Entregue;148.47
9288;1229;2025-04-07;Pix;Cancelado;64.13
9289;80;2025-07-09;Boleto;Entregue;36.85
9290;629;2025-08-20;Cartao de Credito;Entregue;48.09
9291;1793;2025-09-28;Cartao de Credito;Entregue;222.92
9292;1724;2025-12-26;Cartao de Credito;Em Transito;20.27
9293;1499;2026-01-06;Cartao de Credito;Entregue;127.83
9294;1794;2025-05-15;Pix;Entregue com Atraso;15.0
9295;1390;2026-02-24;Boleto;Entregue;92.93
9296;1768;2026-07-21;Cartao de Debito;Entregue;343.48
9297;1229;2026-05-12;Boleto;Entregue;164.98
9298;1172;2026-03-13;Cartao de Debito;Entregue;72.09
9299;1650;2026-02-25;Pix;Entregue;222.92
9300;1220;2026-07-17;Boleto;Entregue;86.07
9301;1235;2026-05-03;Cartao de Credito;Entregue com Atraso;33.91
9302;1100;2025-01-23;Boleto;Entregue;375.34
9303;1090;2025-07-16;Cartao de Credito;Entregue;47.45
9304;1730;2025-12-21;Cartao de Credito;Entregue;174.51
9305;840;2025-05-08;Cartao de Credito;Entregue;48.06
9306;679;2025-06-30;Pix;Entregue;51.67
9307;129;2026-04-26;Boleto;Entregue;134.73
9308;727;2024-09-28;Pix;Entregue com Atraso;163.24
9309;986;2026-06-16;Pix;Entregue com Atraso;109.22
9310;1380;2026-01-29;Boleto;Entregue;154.74
9311;63;2024-12-17;Cartao de Debito;Entregue;668.76
9312;1342;2025-08-22;Boleto;Entregue;170.99
9313;1024;2025-03-07;Boleto;Entregue;155.9
9314;7;2026-07-27;Pix;Entregue com Atraso;73.26
9315;1558;2024-09-22;Pix;Entregue;210.02
9316;1060;2025-04-10;Cartao de Credito;Entregue;83.15
9317;613;2024-10-30;Cartao de Debito;Entregue;33.59
9318;1523;2026-06-08;Cartao de Debito;Entregue;97.1
9319;1058;2025-06-08;Pix;Entregue;301.86
9320;109;2025-02-04;Cartao de Credito;Entregue;30.38
9321;1090;2025-10-24;Boleto;Em Transito;78.23
9322;494;2024-08-25;Pix;Cancelado;147.97
9323;116;2025-10-17;Cartao de Credito;Entregue;248.33
9324;226;2026-06-17;Cartao de Credito;Entregue;84.85
9325;226;2026-05-21;Pix;Entregue com Atraso;211.79
9326;1556;2026-01-04;Pix;Entregue com Atraso;129.37
9327;1073;2025-06-03;Cartao de Debito;Entregue;32.53
9328;777;2025-06-17;Pix;Entregue com Atraso;78.99
9329;1281;2025-10-12;Pix;Cancelado;37.85
9330;841;2024-12-31;Boleto;Entregue;18.68
9331;1335;2026-07-19;Cartao de Debito;Entregue;73.86
9332;1418;2026-07-08;Pix;Entregue com Atraso;76.37
9333;1680;2025-11-18;Cartao de Credito;Entregue;14.25
9334;741;2026-07-11;Cartao de Credito;Entregue;101.54
9335;559;2024-09-13;Cartao de Credito;Entregue;69.77
9336;306;2026-01-27;Cartao de Credito;Em Transito;15.0
9337;1431;2025-02-05;Pix;Entregue;69.01
9338;998;2026-06-09;Boleto;Entregue com Atraso;131.04
9339;1788;2025-06-03;Cartao de Credito;Entregue;49.07
9340;82;2026-05-06;Cartao de Credito;Entregue;69.38
9341;966;2025-03-10;Cartao de Credito;Entregue;123.48
9342;790;2026-04-11;Pix;Em Transito;82.72
9343;1300;2026-01-24;Pix;Em Transito;151.96
9344;179;2026-06-13;Pix;Em Transito;323.36
9345;359;2025-07-08;Cartao de Debito;Entregue;90.27
9346;1189;2025-05-24;Cartao de Credito;Entregue;21.21
9347;1245;2025-12-25;Pix;Entregue;121.36
9348;1344;2025-03-19;Cartao de Credito;Entregue;234.99
9349;367;2025-10-27;Cartao de Debito;Entregue;94.95
9350;537;2024-08-22;Pix;Entregue;118.33
9351;288;2024-10-31;Cartao de Credito;Entregue;88.38
9352;618;2025-01-15;Pix;Entregue;30.0
9353;1706;2025-07-30;Pix;Entregue;47.08
9354;1280;2025-07-11;Pix;Entregue;138.02
9355;1229;2025-01-23;Cartao de Credito;Entregue;209.13
9356;82;2025-11-22;Cartao de Debito;Entregue;91.88
9357;1707;2025-07-19;Pix;Entregue;391.71
9358;298;2025-04-30;Pix;Entregue;17.65
9359;1202;2025-08-10;Boleto;Entregue;221.58
9360;659;2025-02-25;Pix;Em Transito;153.27
9361;179;2024-08-11;Cartao de Credito;Entregue;126.78
9362;493;2025-03-17;Pix;Em Transito;101.8
9363;1109;2024-08-01;Cartao de Credito;Entregue com Atraso;48.64
9364;169;2024-08-23;Pix;Entregue com Atraso;47.75
9365;1402;2026-05-25;Boleto;Cancelado;145.11
9366;1076;2025-04-29;Boleto;Entregue com Atraso;210.49
9367;1550;2025-04-21;Cartao de Credito;Entregue;103.53
9368;1571;2026-06-05;Cartao de Debito;Entregue;358.28
9369;867;2026-05-31;Cartao de Credito;Entregue com Atraso;20.64
9370;728;2026-06-26;Pix;Entregue;213.65
9371;1039;2026-06-02;Boleto;Entregue;42.42
9372;119;2024-08-12;Cartao de Credito;Entregue;160.88
9373;1645;2025-09-25;Cartao de Credito;Entregue com Atraso;54.04
9374;1325;2024-10-09;Cartao de Credito;Entregue;91.55
9375;1482;2026-05-02;Cartao de Credito;Entregue;292.12
9376;1595;2025-03-30;Pix;Entregue;217.65
9377;959;2025-03-10;Pix;Entregue;38.13
9378;1044;2025-07-24;Cartao de Credito;Entregue;334.48
9379;1129;2024-10-06;Pix;Entregue;487.16
9380;1318;2024-11-29;Boleto;Entregue;221.75
9381;1311;2026-05-17;Pix;Entregue;73.06
9382;1278;2026-01-27;Pix;Entregue;42.81
9383;1635;2025-06-26;Pix;Entregue;30.02
9384;366;2025-03-07;Pix;Entregue;38.24
9385;217;2025-08-29;Boleto;Entregue;434.49
9386;1743;2025-02-27;Boleto;Entregue;188.65
9387;306;2024-08-01;Pix;Entregue;583.54
9388;35;2025-02-28;Pix;Em Transito;33.34
9389;1152;2024-10-29;Pix;Entregue;828.26
9390;945;2024-12-15;Cartao de Credito;Entregue;307.83
9391;537;2025-01-14;Boleto;Entregue;63.54
9392;866;2024-12-15;Cartao de Credito;Entregue;224.41
9393;1725;2026-06-05;Cartao de Credito;Entregue;13.5
9394;500;2024-08-31;Cartao de Credito;Entregue;121.36
9395;388;2024-08-06;Cartao de Credito;Entregue;127.07
9396;624;2026-05-26;Cartao de Credito;Entregue;70.68
9397;914;2025-08-11;Cartao de Credito;Entregue;163.13
9398;914;2025-04-20;Cartao de Credito;Entregue;98.14
9399;1218;2026-07-13;Boleto;Entregue;65.87
9400;18;2025-07-20;Pix;Entregue;222.92
9401;1601;2025-09-30;Pix;Entregue;423.24
9402;1038;2025-12-26;Pix;Entregue;44.98
9403;1246;2025-01-03;Pix;Entregue;196.41
9404;1045;2026-01-20;Cartao de Credito;Entregue;196.79
9405;630;2026-01-09;Boleto;Entregue;234.85
9406;1523;2025-07-24;Cartao de Credito;Entregue;86.54
9407;1674;2025-03-28;Cartao de Credito;Entregue;70.18
9408;1746;2025-01-29;Pix;Entregue;214.89
9409;252;2025-03-20;Pix;Entregue;102.86
9410;748;2025-12-12;Cartao de Credito;Entregue;15.0
9411;1420;2026-04-19;Boleto;Entregue;69.74
9412;605;2025-01-03;Pix;Em Transito;192.22
9413;735;2025-07-19;Cartao de Credito;Entregue;16.17
9414;1623;2026-04-04;Boleto;Em Transito;60.48
9415;293;2025-09-29;Boleto;Entregue;44.5
9416;402;2025-02-28;Pix;Entregue;187.32
9417;505;2024-08-16;Boleto;Entregue;81.94
9418;229;2024-08-29;Cartao de Debito;Entregue;18.28
9419;1228;2026-03-11;Pix;Entregue;136.75
9420;367;2026-02-20;Cartao de Credito;Entregue;89.88
9421;1317;2026-01-14;Pix;Entregue;214.39
9422;1079;2025-04-11;Cartao de Credito;Entregue;255.47
9423;1390;2025-11-02;Boleto;Entregue;168.16
9424;884;2024-12-17;Pix;Entregue;47.08
9425;841;2025-06-09;Pix;Entregue;97.52
9426;569;2026-05-16;Cartao de Credito;Entregue com Atraso;114.01
9427;575;2025-07-19;Pix;Entregue;26.43
9428;8;2025-05-21;Cartao de Credito;Entregue;289.74
9429;922;2025-07-21;Cartao de Credito;Entregue com Atraso;25.41
9430;1266;2025-12-20;Cartao de Credito;Entregue;267.55
9431;741;2026-02-06;Cartao de Credito;Entregue com Atraso;531.55
9432;1779;2025-11-20;Cartao de Credito;Entregue com Atraso;27.84
9433;1490;2025-11-20;Pix;Entregue;13.5
9434;1674;2025-07-05;Pix;Entregue com Atraso;59.78
9435;911;2025-10-22;Cartao de Credito;Entregue;92.24
9436;831;2025-12-16;Pix;Entregue;292.41
9437;330;2024-11-03;Boleto;Em Transito;362.47
9438;825;2024-10-13;Cartao de Credito;Entregue com Atraso;40.02
9439;1515;2024-11-23;Cartao de Credito;Entregue;15.0
9440;214;2025-07-23;Cartao de Debito;Entregue com Atraso;71.66
9441;1645;2025-04-23;Cartao de Credito;Entregue;87.77
9442;1736;2025-03-28;Cartao de Credito;Entregue;62.12
9443;1695;2026-03-15;Boleto;Entregue;93.15
9444;867;2026-01-07;Cartao de Credito;Entregue;322.46
9445;785;2024-11-25;Pix;Em Transito;61.23
9446;767;2026-05-08;Pix;Entregue;548.94
9447;756;2025-04-30;Pix;Entregue;15.92
9448;1574;2024-12-07;Cartao de Credito;Entregue com Atraso;107.1
9449;867;2024-10-28;Cartao de Credito;Em Transito;74.05
9450;186;2026-06-04;Pix;Entregue;42.91
9451;489;2024-10-31;Cartao de Credito;Em Transito;234.67
9452;920;2025-06-02;Cartao de Credito;Entregue;32.8
9453;1793;2026-04-23;Boleto;Entregue;160.88
9454;995;2024-11-05;Cartao de Credito;Entregue com Atraso;41.22
9455;966;2026-06-05;Pix;Entregue;219.65
9456;460;2024-10-01;Cartao de Debito;Em Transito;179.65
9457;854;2025-03-31;Cartao de Debito;Entregue;22.66
9458;1062;2025-10-03;Cartao de Credito;Entregue com Atraso;93.55
9459;650;2025-11-26;Cartao de Credito;Entregue com Atraso;195.78
9460;922;2025-03-28;Pix;Entregue;22.53
9461;1596;2026-03-01;Cartao de Credito;Entregue;118.65
9462;402;2025-01-13;Cartao de Credito;Entregue;121.36
9463;877;2025-02-20;Boleto;Cancelado;28.86
9464;1793;2025-12-06;Pix;Entregue;192.06
9465;115;2025-03-18;Cartao de Credito;Entregue;141.66
9466;923;2025-06-08;Pix;Entregue;20.64
9467;212;2026-07-14;Pix;Entregue;550.49
9468;1397;2025-09-02;Pix;Entregue;18.81
9469;1312;2026-02-25;Cartao de Credito;Entregue;124.63
9470;1579;2026-07-06;Pix;Entregue;35.47
9471;1480;2025-08-30;Cartao de Credito;Entregue;20.05
9472;1246;2025-01-31;Cartao de Credito;Entregue;112.09
9473;1202;2026-03-24;Pix;Entregue com Atraso;21.41
9474;805;2025-04-16;Pix;Entregue;208.49
9475;881;2024-10-24;Pix;Entregue;576.39
9476;1196;2024-09-05;Pix;Entregue;118.03
9477;102;2025-03-27;Pix;Entregue;255.77
9478;1613;2024-12-26;Cartao de Credito;Entregue com Atraso;72.52
9479;1409;2024-08-05;Boleto;Entregue com Atraso;15.0
9480;531;2025-05-06;Cartao de Debito;Entregue;22.0
9481;227;2025-08-02;Cartao de Credito;Entregue;148.95
9482;1514;2025-07-30;Cartao de Credito;Cancelado;348.61
9483;226;2026-06-20;Pix;Entregue;25.5
9484;934;2025-11-04;Cartao de Debito;Entregue;66.72
9485;390;2025-08-08;Cartao de Debito;Entregue;70.72
9486;1276;2026-02-04;Cartao de Credito;Entregue;113.35
9487;473;2024-10-10;Cartao de Credito;Entregue;99.12
9488;1109;2026-02-22;Cartao de Debito;Entregue;337.3
9489;933;2025-02-01;Boleto;Entregue;17.23
9490;911;2025-01-07;Cartao de Debito;Entregue com Atraso;164.16
9491;388;2024-09-19;Cartao de Credito;Entregue com Atraso;225.91
9492;774;2025-08-14;Cartao de Credito;Entregue;161.23
9493;83;2026-06-12;Cartao de Credito;Entregue;131.19
9494;1058;2026-04-18;Pix;Entregue;18.14
9495;315;2025-12-26;Pix;Entregue;75.8
9496;31;2024-10-27;Cartao de Credito;Entregue;419.77
9497;1712;2025-02-22;Cartao de Credito;Entregue;124.86
9498;1606;2026-06-12;Cartao de Credito;Entregue;71.46
9499;1532;2025-05-31;Cartao de Debito;Entregue;150.04
9500;1626;2025-06-28;Boleto;Entregue;289.13
